DEBUG - 2026-08-31 02:48:24 --> Session: Class initialized using 'CodeIgniter\Session\Handlers\FileHandler' driver.
DEBUG - 2026-08-31 02:48:24 --> Session: Class initialized using 'CodeIgniter\Session\Handlers\FileHandler' driver.
INFO - 2026-08-31 02:48:32 --> CSRF token verified.
DEBUG - 2026-08-31 02:48:32 --> Session: Class initialized using 'CodeIgniter\Session\Handlers\FileHandler' driver.
DEBUG - 2026-08-31 02:48:32 --> Session: Class initialized using 'CodeIgniter\Session\Handlers\FileHandler' driver.
DEBUG - 2026-08-31 02:48:32 --> Session: Class initialized using 'CodeIgniter\Session\Handlers\FileHandler' driver.
DEBUG - 2026-08-31 02:48:46 --> Session: Class initialized using 'CodeIgniter\Session\Handlers\FileHandler' driver.
DEBUG - 2026-08-31 02:48:46 --> Session: Class initialized using 'CodeIgniter\Session\Handlers\FileHandler' driver.
DEBUG - 2026-08-31 02:48:46 --> Session: Class initialized using 'CodeIgniter\Session\Handlers\FileHandler' driver.
DEBUG - 2026-08-31 02:48:46 --> Session: Class initialized using 'CodeIgniter\Session\Handlers\FileHandler' driver.
DEBUG - 2026-08-31 02:48:48 --> Session: Class initialized using 'CodeIgniter\Session\Handlers\FileHandler' driver.
DEBUG - 2026-08-31 02:48:48 --> Session: Class initialized using 'CodeIgniter\Session\Handlers\FileHandler' driver.
DEBUG - 2026-08-31 02:48:50 --> Session: Class initialized using 'CodeIgniter\Session\Handlers\FileHandler' driver.
DEBUG - 2026-08-31 02:48:51 --> Session: Class initialized using 'CodeIgniter\Session\Handlers\FileHandler' driver.
DEBUG - 2026-08-31 02:49:05 --> Session: Class initialized using 'CodeIgniter\Session\Handlers\FileHandler' driver.
DEBUG - 2026-08-31 02:49:05 --> Session: Class initialized using 'CodeIgniter\Session\Handlers\FileHandler' driver.
DEBUG - 2026-08-31 02:49:43 --> Session: Class initialized using 'CodeIgniter\Session\Handlers\FileHandler' driver.
DEBUG - 2026-08-31 02:49:43 --> Session: Class initialized using 'CodeIgniter\Session\Handlers\FileHandler' driver.
DEBUG - 2026-08-31 02:49:46 --> Session: Class initialized using 'CodeIgniter\Session\Handlers\FileHandler' driver.
DEBUG - 2026-08-31 02:49:47 --> Session: Class initialized using 'CodeIgniter\Session\Handlers\FileHandler' driver.
DEBUG - 2026-08-31 02:49:48 --> Session: Class initialized using 'CodeIgniter\Session\Handlers\FileHandler' driver.
DEBUG - 2026-08-31 02:49:48 --> Session: Class initialized using 'CodeIgniter\Session\Handlers\FileHandler' driver.
DEBUG - 2026-08-31 02:49:49 --> Session: Class initialized using 'CodeIgniter\Session\Handlers\FileHandler' driver.
DEBUG - 2026-08-31 02:49:49 --> Session: Class initialized using 'CodeIgniter\Session\Handlers\FileHandler' driver.
DEBUG - 2026-08-31 02:49:49 --> Session: Class initialized using 'CodeIgniter\Session\Handlers\FileHandler' driver.
DEBUG - 2026-08-31 02:49:50 --> Session: Class initialized using 'CodeIgniter\Session\Handlers\FileHandler' driver.
DEBUG - 2026-08-31 02:49:50 --> Session: Class initialized using 'CodeIgniter\Session\Handlers\FileHandler' driver.
DEBUG - 2026-08-31 02:49:50 --> Session: Class initialized using 'CodeIgniter\Session\Handlers\FileHandler' driver.
DEBUG - 2026-08-31 02:49:50 --> Session: Class initialized using 'CodeIgniter\Session\Handlers\FileHandler' driver.
DEBUG - 2026-08-31 02:49:50 --> Session: Class initialized using 'CodeIgniter\Session\Handlers\FileHandler' driver.
DEBUG - 2026-08-31 02:49:50 --> Session: Class initialized using 'CodeIgniter\Session\Handlers\FileHandler' driver.
DEBUG - 2026-08-31 02:49:52 --> Session: Class initialized using 'CodeIgniter\Session\Handlers\FileHandler' driver.
DEBUG - 2026-08-31 02:49:52 --> Session: Class initialized using 'CodeIgniter\Session\Handlers\FileHandler' driver.
DEBUG - 2026-08-31 03:00:00 --> Session: Class initialized using 'CodeIgniter\Session\Handlers\FileHandler' driver.
DEBUG - 2026-08-31 03:00:01 --> Session: Class initialized using 'CodeIgniter\Session\Handlers\FileHandler' driver.
DEBUG - 2026-08-31 03:00:06 --> Session: Class initialized using 'CodeIgniter\Session\Handlers\FileHandler' driver.
DEBUG - 2026-08-31 03:00:06 --> Session: Class initialized using 'CodeIgniter\Session\Handlers\FileHandler' driver.
DEBUG - 2026-08-31 03:00:09 --> Session: Class initialized using 'CodeIgniter\Session\Handlers\FileHandler' driver.
DEBUG - 2026-08-31 03:00:09 --> Session: Class initialized using 'CodeIgniter\Session\Handlers\FileHandler' driver.
DEBUG - 2026-08-31 03:00:10 --> Session: Class initialized using 'CodeIgniter\Session\Handlers\FileHandler' driver.
DEBUG - 2026-08-31 03:00:10 --> Session: Class initialized using 'CodeIgniter\Session\Handlers\FileHandler' driver.
DEBUG - 2026-08-31 03:01:36 --> Session: Class initialized using 'CodeIgniter\Session\Handlers\FileHandler' driver.
DEBUG - 2026-08-31 03:01:36 --> Session: Class initialized using 'CodeIgniter\Session\Handlers\FileHandler' driver.
DEBUG - 2026-08-31 03:05:34 --> Session: Class initialized using 'CodeIgniter\Session\Handlers\FileHandler' driver.
DEBUG - 2026-08-31 03:05:35 --> Session: Class initialized using 'CodeIgniter\Session\Handlers\FileHandler' driver.
DEBUG - 2026-08-31 03:05:47 --> Session: Class initialized using 'CodeIgniter\Session\Handlers\FileHandler' driver.
DEBUG - 2026-08-31 03:05:47 --> Session: Class initialized using 'CodeIgniter\Session\Handlers\FileHandler' driver.
DEBUG - 2026-08-31 03:05:53 --> Session: Class initialized using 'CodeIgniter\Session\Handlers\FileHandler' driver.
DEBUG - 2026-08-31 03:05:53 --> Session: Class initialized using 'CodeIgniter\Session\Handlers\FileHandler' driver.
DEBUG - 2026-08-31 03:05:55 --> Session: Class initialized using 'CodeIgniter\Session\Handlers\FileHandler' driver.
INFO - 2026-08-31 03:06:02 --> CSRF token verified.
DEBUG - 2026-08-31 03:06:02 --> Session: Class initialized using 'CodeIgniter\Session\Handlers\FileHandler' driver.
DEBUG - 2026-08-31 03:06:02 --> Session: Class initialized using 'CodeIgniter\Session\Handlers\FileHandler' driver.
DEBUG - 2026-08-31 03:06:02 --> Session: Class initialized using 'CodeIgniter\Session\Handlers\FileHandler' driver.
DEBUG - 2026-08-31 03:06:07 --> Session: Class initialized using 'CodeIgniter\Session\Handlers\FileHandler' driver.
DEBUG - 2026-08-31 03:06:07 --> Session: Class initialized using 'CodeIgniter\Session\Handlers\FileHandler' driver.
DEBUG - 2026-08-31 03:09:32 --> Session: Class initialized using 'CodeIgniter\Session\Handlers\FileHandler' driver.
DEBUG - 2026-08-31 03:09:32 --> Session: Class initialized using 'CodeIgniter\Session\Handlers\FileHandler' driver.
WARNING - 2026-08-31 03:09:51 --> [DEPRECATED] Since fakerphp/faker 1.14: Accessing property "company" is deprecated, use "company()" instead. in VENDORPATH/symfony/deprecation-contracts/function.php on line 25.
 1 VENDORPATH/symfony/deprecation-contracts/function.php(25): trigger_error('Since fakerphp/faker 1.14: Accessing property "company" is deprecated, use "company()" instead.', 16384)
 2 VENDORPATH/fakerphp/faker/src/Faker/Generator.php(962): trigger_deprecation('fakerphp/faker', '1.14', 'Accessing property "%s" is deprecated, use "%s()" instead.', 'company', 'company')
 3 APPPATH/Database/Seeds/ClientSeeder.php(18): Faker\Generator->__get('company')
 4 SYSTEMPATH/Database/Seeder.php(155): App\Database\Seeds\ClientSeeder->run()
 5 APPPATH/Database/Seeds/MouvementSeeder.php(25): CodeIgniter\Database\Seeder->call('App\\Database\\Seeds\\ClientSeeder')
 6 SYSTEMPATH/Database/Seeder.php(155): App\Database\Seeds\MouvementSeeder->run()
 7 SYSTEMPATH/Commands/Database/Seed.php(79): CodeIgniter\Database\Seeder->call('App\\Database\\Seeds\\MouvementSeeder')
 8 SYSTEMPATH/CLI/Commands.php(72): CodeIgniter\Commands\Database\Seed->run([])
 9 SYSTEMPATH/CLI/Console.php(47): CodeIgniter\CLI\Commands->run('db:seed', [...])
10 SYSTEMPATH/Boot.php(444): CodeIgniter\CLI\Console->run()
11 SYSTEMPATH/Boot.php(166): CodeIgniter\Boot::runCommand(Object(CodeIgniter\CLI\Console))
12 ROOTPATH/spark(87): CodeIgniter\Boot::bootSpark(Object(Config\Paths))
WARNING - 2026-08-31 03:09:51 --> [DEPRECATED] Since fakerphp/faker 1.14: Accessing property "name" is deprecated, use "name()" instead. in VENDORPATH/symfony/deprecation-contracts/function.php on line 25.
 1 VENDORPATH/symfony/deprecation-contracts/function.php(25): trigger_error('Since fakerphp/faker 1.14: Accessing property "name" is deprecated, use "name()" instead.', 16384)
 2 VENDORPATH/fakerphp/faker/src/Faker/Generator.php(962): trigger_deprecation('fakerphp/faker', '1.14', 'Accessing property "%s" is deprecated, use "%s()" instead.', 'name', 'name')
 3 APPPATH/Database/Seeds/ClientSeeder.php(21): Faker\Generator->__get('name')
 4 SYSTEMPATH/Database/Seeder.php(155): App\Database\Seeds\ClientSeeder->run()
 5 APPPATH/Database/Seeds/MouvementSeeder.php(25): CodeIgniter\Database\Seeder->call('App\\Database\\Seeds\\ClientSeeder')
 6 SYSTEMPATH/Database/Seeder.php(155): App\Database\Seeds\MouvementSeeder->run()
 7 SYSTEMPATH/Commands/Database/Seed.php(79): CodeIgniter\Database\Seeder->call('App\\Database\\Seeds\\MouvementSeeder')
 8 SYSTEMPATH/CLI/Commands.php(72): CodeIgniter\Commands\Database\Seed->run([])
 9 SYSTEMPATH/CLI/Console.php(47): CodeIgniter\CLI\Commands->run('db:seed', [...])
10 SYSTEMPATH/Boot.php(444): CodeIgniter\CLI\Console->run()
11 SYSTEMPATH/Boot.php(166): CodeIgniter\Boot::runCommand(Object(CodeIgniter\CLI\Console))
12 ROOTPATH/spark(87): CodeIgniter\Boot::bootSpark(Object(Config\Paths))
WARNING - 2026-08-31 03:09:51 --> [DEPRECATED] Since fakerphp/faker 1.14: Accessing property "phoneNumber" is deprecated, use "phoneNumber()" instead. in VENDORPATH/symfony/deprecation-contracts/function.php on line 25.
 1 VENDORPATH/symfony/deprecation-contracts/function.php(25): trigger_error('Since fakerphp/faker 1.14: Accessing property "phoneNumber" is deprecated, use "phoneNumber()" instead.', 16384)
 2 VENDORPATH/fakerphp/faker/src/Faker/Generator.php(962): trigger_deprecation('fakerphp/faker', '1.14', 'Accessing property "%s" is deprecated, use "%s()" instead.', 'phoneNumber', 'phoneNumber')
 3 APPPATH/Database/Seeds/ClientSeeder.php(26): Faker\Generator->__get('phoneNumber')
 4 SYSTEMPATH/Database/Seeder.php(155): App\Database\Seeds\ClientSeeder->run()
 5 APPPATH/Database/Seeds/MouvementSeeder.php(25): CodeIgniter\Database\Seeder->call('App\\Database\\Seeds\\ClientSeeder')
 6 SYSTEMPATH/Database/Seeder.php(155): App\Database\Seeds\MouvementSeeder->run()
 7 SYSTEMPATH/Commands/Database/Seed.php(79): CodeIgniter\Database\Seeder->call('App\\Database\\Seeds\\MouvementSeeder')
 8 SYSTEMPATH/CLI/Commands.php(72): CodeIgniter\Commands\Database\Seed->run([])
 9 SYSTEMPATH/CLI/Console.php(47): CodeIgniter\CLI\Commands->run('db:seed', [...])
10 SYSTEMPATH/Boot.php(444): CodeIgniter\CLI\Console->run()
11 SYSTEMPATH/Boot.php(166): CodeIgniter\Boot::runCommand(Object(CodeIgniter\CLI\Console))
12 ROOTPATH/spark(87): CodeIgniter\Boot::bootSpark(Object(Config\Paths))
WARNING - 2026-08-31 03:09:51 --> [DEPRECATED] Since fakerphp/faker 1.14: Accessing property "address" is deprecated, use "address()" instead. in VENDORPATH/symfony/deprecation-contracts/function.php on line 25.
 1 VENDORPATH/symfony/deprecation-contracts/function.php(25): trigger_error('Since fakerphp/faker 1.14: Accessing property "address" is deprecated, use "address()" instead.', 16384)
 2 VENDORPATH/fakerphp/faker/src/Faker/Generator.php(962): trigger_deprecation('fakerphp/faker', '1.14', 'Accessing property "%s" is deprecated, use "%s()" instead.', 'address', 'address')
 3 APPPATH/Database/Seeds/ClientSeeder.php(27): Faker\Generator->__get('address')
 4 SYSTEMPATH/Database/Seeder.php(155): App\Database\Seeds\ClientSeeder->run()
 5 APPPATH/Database/Seeds/MouvementSeeder.php(25): CodeIgniter\Database\Seeder->call('App\\Database\\Seeds\\ClientSeeder')
 6 SYSTEMPATH/Database/Seeder.php(155): App\Database\Seeds\MouvementSeeder->run()
 7 SYSTEMPATH/Commands/Database/Seed.php(79): CodeIgniter\Database\Seeder->call('App\\Database\\Seeds\\MouvementSeeder')
 8 SYSTEMPATH/CLI/Commands.php(72): CodeIgniter\Commands\Database\Seed->run([])
 9 SYSTEMPATH/CLI/Console.php(47): CodeIgniter\CLI\Commands->run('db:seed', [...])
10 SYSTEMPATH/Boot.php(444): CodeIgniter\CLI\Console->run()
11 SYSTEMPATH/Boot.php(166): CodeIgniter\Boot::runCommand(Object(CodeIgniter\CLI\Console))
12 ROOTPATH/spark(87): CodeIgniter\Boot::bootSpark(Object(Config\Paths))
WARNING - 2026-08-31 03:09:51 --> [DEPRECATED] Since fakerphp/faker 1.14: Accessing property "company" is deprecated, use "company()" instead. in VENDORPATH/symfony/deprecation-contracts/function.php on line 25.
 1 VENDORPATH/symfony/deprecation-contracts/function.php(25): trigger_error('Since fakerphp/faker 1.14: Accessing property "company" is deprecated, use "company()" instead.', 16384)
 2 VENDORPATH/fakerphp/faker/src/Faker/Generator.php(962): trigger_deprecation('fakerphp/faker', '1.14', 'Accessing property "%s" is deprecated, use "%s()" instead.', 'company', 'company')
 3 APPPATH/Database/Seeds/ClientSeeder.php(18): Faker\Generator->__get('company')
 4 SYSTEMPATH/Database/Seeder.php(155): App\Database\Seeds\ClientSeeder->run()
 5 APPPATH/Database/Seeds/MouvementSeeder.php(25): CodeIgniter\Database\Seeder->call('App\\Database\\Seeds\\ClientSeeder')
 6 SYSTEMPATH/Database/Seeder.php(155): App\Database\Seeds\MouvementSeeder->run()
 7 SYSTEMPATH/Commands/Database/Seed.php(79): CodeIgniter\Database\Seeder->call('App\\Database\\Seeds\\MouvementSeeder')
 8 SYSTEMPATH/CLI/Commands.php(72): CodeIgniter\Commands\Database\Seed->run([])
 9 SYSTEMPATH/CLI/Console.php(47): CodeIgniter\CLI\Commands->run('db:seed', [...])
10 SYSTEMPATH/Boot.php(444): CodeIgniter\CLI\Console->run()
11 SYSTEMPATH/Boot.php(166): CodeIgniter\Boot::runCommand(Object(CodeIgniter\CLI\Console))
12 ROOTPATH/spark(87): CodeIgniter\Boot::bootSpark(Object(Config\Paths))
WARNING - 2026-08-31 03:09:51 --> [DEPRECATED] Since fakerphp/faker 1.14: Accessing property "phoneNumber" is deprecated, use "phoneNumber()" instead. in VENDORPATH/symfony/deprecation-contracts/function.php on line 25.
 1 VENDORPATH/symfony/deprecation-contracts/function.php(25): trigger_error('Since fakerphp/faker 1.14: Accessing property "phoneNumber" is deprecated, use "phoneNumber()" instead.', 16384)
 2 VENDORPATH/fakerphp/faker/src/Faker/Generator.php(962): trigger_deprecation('fakerphp/faker', '1.14', 'Accessing property "%s" is deprecated, use "%s()" instead.', 'phoneNumber', 'phoneNumber')
 3 APPPATH/Database/Seeds/ClientSeeder.php(26): Faker\Generator->__get('phoneNumber')
 4 SYSTEMPATH/Database/Seeder.php(155): App\Database\Seeds\ClientSeeder->run()
 5 APPPATH/Database/Seeds/MouvementSeeder.php(25): CodeIgniter\Database\Seeder->call('App\\Database\\Seeds\\ClientSeeder')
 6 SYSTEMPATH/Database/Seeder.php(155): App\Database\Seeds\MouvementSeeder->run()
 7 SYSTEMPATH/Commands/Database/Seed.php(79): CodeIgniter\Database\Seeder->call('App\\Database\\Seeds\\MouvementSeeder')
 8 SYSTEMPATH/CLI/Commands.php(72): CodeIgniter\Commands\Database\Seed->run([])
 9 SYSTEMPATH/CLI/Console.php(47): CodeIgniter\CLI\Commands->run('db:seed', [...])
10 SYSTEMPATH/Boot.php(444): CodeIgniter\CLI\Console->run()
11 SYSTEMPATH/Boot.php(166): CodeIgniter\Boot::runCommand(Object(CodeIgniter\CLI\Console))
12 ROOTPATH/spark(87): CodeIgniter\Boot::bootSpark(Object(Config\Paths))
WARNING - 2026-08-31 03:09:51 --> [DEPRECATED] Since fakerphp/faker 1.14: Accessing property "address" is deprecated, use "address()" instead. in VENDORPATH/symfony/deprecation-contracts/function.php on line 25.
 1 VENDORPATH/symfony/deprecation-contracts/function.php(25): trigger_error('Since fakerphp/faker 1.14: Accessing property "address" is deprecated, use "address()" instead.', 16384)
 2 VENDORPATH/fakerphp/faker/src/Faker/Generator.php(962): trigger_deprecation('fakerphp/faker', '1.14', 'Accessing property "%s" is deprecated, use "%s()" instead.', 'address', 'address')
 3 APPPATH/Database/Seeds/ClientSeeder.php(27): Faker\Generator->__get('address')
 4 SYSTEMPATH/Database/Seeder.php(155): App\Database\Seeds\ClientSeeder->run()
 5 APPPATH/Database/Seeds/MouvementSeeder.php(25): CodeIgniter\Database\Seeder->call('App\\Database\\Seeds\\ClientSeeder')
 6 SYSTEMPATH/Database/Seeder.php(155): App\Database\Seeds\MouvementSeeder->run()
 7 SYSTEMPATH/Commands/Database/Seed.php(79): CodeIgniter\Database\Seeder->call('App\\Database\\Seeds\\MouvementSeeder')
 8 SYSTEMPATH/CLI/Commands.php(72): CodeIgniter\Commands\Database\Seed->run([])
 9 SYSTEMPATH/CLI/Console.php(47): CodeIgniter\CLI\Commands->run('db:seed', [...])
10 SYSTEMPATH/Boot.php(444): CodeIgniter\CLI\Console->run()
11 SYSTEMPATH/Boot.php(166): CodeIgniter\Boot::runCommand(Object(CodeIgniter\CLI\Console))
12 ROOTPATH/spark(87): CodeIgniter\Boot::bootSpark(Object(Config\Paths))
WARNING - 2026-08-31 03:09:51 --> [DEPRECATED] Since fakerphp/faker 1.14: Accessing property "company" is deprecated, use "company()" instead. in VENDORPATH/symfony/deprecation-contracts/function.php on line 25.
 1 VENDORPATH/symfony/deprecation-contracts/function.php(25): trigger_error('Since fakerphp/faker 1.14: Accessing property "company" is deprecated, use "company()" instead.', 16384)
 2 VENDORPATH/fakerphp/faker/src/Faker/Generator.php(962): trigger_deprecation('fakerphp/faker', '1.14', 'Accessing property "%s" is deprecated, use "%s()" instead.', 'company', 'company')
 3 APPPATH/Database/Seeds/ClientSeeder.php(18): Faker\Generator->__get('company')
 4 SYSTEMPATH/Database/Seeder.php(155): App\Database\Seeds\ClientSeeder->run()
 5 APPPATH/Database/Seeds/MouvementSeeder.php(25): CodeIgniter\Database\Seeder->call('App\\Database\\Seeds\\ClientSeeder')
 6 SYSTEMPATH/Database/Seeder.php(155): App\Database\Seeds\MouvementSeeder->run()
 7 SYSTEMPATH/Commands/Database/Seed.php(79): CodeIgniter\Database\Seeder->call('App\\Database\\Seeds\\MouvementSeeder')
 8 SYSTEMPATH/CLI/Commands.php(72): CodeIgniter\Commands\Database\Seed->run([])
 9 SYSTEMPATH/CLI/Console.php(47): CodeIgniter\CLI\Commands->run('db:seed', [...])
10 SYSTEMPATH/Boot.php(444): CodeIgniter\CLI\Console->run()
11 SYSTEMPATH/Boot.php(166): CodeIgniter\Boot::runCommand(Object(CodeIgniter\CLI\Console))
12 ROOTPATH/spark(87): CodeIgniter\Boot::bootSpark(Object(Config\Paths))
WARNING - 2026-08-31 03:09:51 --> [DEPRECATED] Since fakerphp/faker 1.14: Accessing property "phoneNumber" is deprecated, use "phoneNumber()" instead. in VENDORPATH/symfony/deprecation-contracts/function.php on line 25.
 1 VENDORPATH/symfony/deprecation-contracts/function.php(25): trigger_error('Since fakerphp/faker 1.14: Accessing property "phoneNumber" is deprecated, use "phoneNumber()" instead.', 16384)
 2 VENDORPATH/fakerphp/faker/src/Faker/Generator.php(962): trigger_deprecation('fakerphp/faker', '1.14', 'Accessing property "%s" is deprecated, use "%s()" instead.', 'phoneNumber', 'phoneNumber')
 3 APPPATH/Database/Seeds/ClientSeeder.php(26): Faker\Generator->__get('phoneNumber')
 4 SYSTEMPATH/Database/Seeder.php(155): App\Database\Seeds\ClientSeeder->run()
 5 APPPATH/Database/Seeds/MouvementSeeder.php(25): CodeIgniter\Database\Seeder->call('App\\Database\\Seeds\\ClientSeeder')
 6 SYSTEMPATH/Database/Seeder.php(155): App\Database\Seeds\MouvementSeeder->run()
 7 SYSTEMPATH/Commands/Database/Seed.php(79): CodeIgniter\Database\Seeder->call('App\\Database\\Seeds\\MouvementSeeder')
 8 SYSTEMPATH/CLI/Commands.php(72): CodeIgniter\Commands\Database\Seed->run([])
 9 SYSTEMPATH/CLI/Console.php(47): CodeIgniter\CLI\Commands->run('db:seed', [...])
10 SYSTEMPATH/Boot.php(444): CodeIgniter\CLI\Console->run()
11 SYSTEMPATH/Boot.php(166): CodeIgniter\Boot::runCommand(Object(CodeIgniter\CLI\Console))
12 ROOTPATH/spark(87): CodeIgniter\Boot::bootSpark(Object(Config\Paths))
WARNING - 2026-08-31 03:09:51 --> [DEPRECATED] Since fakerphp/faker 1.14: Accessing property "address" is deprecated, use "address()" instead. in VENDORPATH/symfony/deprecation-contracts/function.php on line 25.
 1 VENDORPATH/symfony/deprecation-contracts/function.php(25): trigger_error('Since fakerphp/faker 1.14: Accessing property "address" is deprecated, use "address()" instead.', 16384)
 2 VENDORPATH/fakerphp/faker/src/Faker/Generator.php(962): trigger_deprecation('fakerphp/faker', '1.14', 'Accessing property "%s" is deprecated, use "%s()" instead.', 'address', 'address')
 3 APPPATH/Database/Seeds/ClientSeeder.php(27): Faker\Generator->__get('address')
 4 SYSTEMPATH/Database/Seeder.php(155): App\Database\Seeds\ClientSeeder->run()
 5 APPPATH/Database/Seeds/MouvementSeeder.php(25): CodeIgniter\Database\Seeder->call('App\\Database\\Seeds\\ClientSeeder')
 6 SYSTEMPATH/Database/Seeder.php(155): App\Database\Seeds\MouvementSeeder->run()
 7 SYSTEMPATH/Commands/Database/Seed.php(79): CodeIgniter\Database\Seeder->call('App\\Database\\Seeds\\MouvementSeeder')
 8 SYSTEMPATH/CLI/Commands.php(72): CodeIgniter\Commands\Database\Seed->run([])
 9 SYSTEMPATH/CLI/Console.php(47): CodeIgniter\CLI\Commands->run('db:seed', [...])
10 SYSTEMPATH/Boot.php(444): CodeIgniter\CLI\Console->run()
11 SYSTEMPATH/Boot.php(166): CodeIgniter\Boot::runCommand(Object(CodeIgniter\CLI\Console))
12 ROOTPATH/spark(87): CodeIgniter\Boot::bootSpark(Object(Config\Paths))
WARNING - 2026-08-31 03:09:51 --> [DEPRECATED] Since fakerphp/faker 1.14: Accessing property "company" is deprecated, use "company()" instead. in VENDORPATH/symfony/deprecation-contracts/function.php on line 25.
 1 VENDORPATH/symfony/deprecation-contracts/function.php(25): trigger_error('Since fakerphp/faker 1.14: Accessing property "company" is deprecated, use "company()" instead.', 16384)
 2 VENDORPATH/fakerphp/faker/src/Faker/Generator.php(962): trigger_deprecation('fakerphp/faker', '1.14', 'Accessing property "%s" is deprecated, use "%s()" instead.', 'company', 'company')
 3 APPPATH/Database/Seeds/ClientSeeder.php(18): Faker\Generator->__get('company')
 4 SYSTEMPATH/Database/Seeder.php(155): App\Database\Seeds\ClientSeeder->run()
 5 APPPATH/Database/Seeds/MouvementSeeder.php(25): CodeIgniter\Database\Seeder->call('App\\Database\\Seeds\\ClientSeeder')
 6 SYSTEMPATH/Database/Seeder.php(155): App\Database\Seeds\MouvementSeeder->run()
 7 SYSTEMPATH/Commands/Database/Seed.php(79): CodeIgniter\Database\Seeder->call('App\\Database\\Seeds\\MouvementSeeder')
 8 SYSTEMPATH/CLI/Commands.php(72): CodeIgniter\Commands\Database\Seed->run([])
 9 SYSTEMPATH/CLI/Console.php(47): CodeIgniter\CLI\Commands->run('db:seed', [...])
10 SYSTEMPATH/Boot.php(444): CodeIgniter\CLI\Console->run()
11 SYSTEMPATH/Boot.php(166): CodeIgniter\Boot::runCommand(Object(CodeIgniter\CLI\Console))
12 ROOTPATH/spark(87): CodeIgniter\Boot::bootSpark(Object(Config\Paths))
WARNING - 2026-08-31 03:09:51 --> [DEPRECATED] Since fakerphp/faker 1.14: Accessing property "name" is deprecated, use "name()" instead. in VENDORPATH/symfony/deprecation-contracts/function.php on line 25.
 1 VENDORPATH/symfony/deprecation-contracts/function.php(25): trigger_error('Since fakerphp/faker 1.14: Accessing property "name" is deprecated, use "name()" instead.', 16384)
 2 VENDORPATH/fakerphp/faker/src/Faker/Generator.php(962): trigger_deprecation('fakerphp/faker', '1.14', 'Accessing property "%s" is deprecated, use "%s()" instead.', 'name', 'name')
 3 APPPATH/Database/Seeds/ClientSeeder.php(21): Faker\Generator->__get('name')
 4 SYSTEMPATH/Database/Seeder.php(155): App\Database\Seeds\ClientSeeder->run()
 5 APPPATH/Database/Seeds/MouvementSeeder.php(25): CodeIgniter\Database\Seeder->call('App\\Database\\Seeds\\ClientSeeder')
 6 SYSTEMPATH/Database/Seeder.php(155): App\Database\Seeds\MouvementSeeder->run()
 7 SYSTEMPATH/Commands/Database/Seed.php(79): CodeIgniter\Database\Seeder->call('App\\Database\\Seeds\\MouvementSeeder')
 8 SYSTEMPATH/CLI/Commands.php(72): CodeIgniter\Commands\Database\Seed->run([])
 9 SYSTEMPATH/CLI/Console.php(47): CodeIgniter\CLI\Commands->run('db:seed', [...])
10 SYSTEMPATH/Boot.php(444): CodeIgniter\CLI\Console->run()
11 SYSTEMPATH/Boot.php(166): CodeIgniter\Boot::runCommand(Object(CodeIgniter\CLI\Console))
12 ROOTPATH/spark(87): CodeIgniter\Boot::bootSpark(Object(Config\Paths))
WARNING - 2026-08-31 03:09:51 --> [DEPRECATED] Since fakerphp/faker 1.14: Accessing property "phoneNumber" is deprecated, use "phoneNumber()" instead. in VENDORPATH/symfony/deprecation-contracts/function.php on line 25.
 1 VENDORPATH/symfony/deprecation-contracts/function.php(25): trigger_error('Since fakerphp/faker 1.14: Accessing property "phoneNumber" is deprecated, use "phoneNumber()" instead.', 16384)
 2 VENDORPATH/fakerphp/faker/src/Faker/Generator.php(962): trigger_deprecation('fakerphp/faker', '1.14', 'Accessing property "%s" is deprecated, use "%s()" instead.', 'phoneNumber', 'phoneNumber')
 3 APPPATH/Database/Seeds/ClientSeeder.php(26): Faker\Generator->__get('phoneNumber')
 4 SYSTEMPATH/Database/Seeder.php(155): App\Database\Seeds\ClientSeeder->run()
 5 APPPATH/Database/Seeds/MouvementSeeder.php(25): CodeIgniter\Database\Seeder->call('App\\Database\\Seeds\\ClientSeeder')
 6 SYSTEMPATH/Database/Seeder.php(155): App\Database\Seeds\MouvementSeeder->run()
 7 SYSTEMPATH/Commands/Database/Seed.php(79): CodeIgniter\Database\Seeder->call('App\\Database\\Seeds\\MouvementSeeder')
 8 SYSTEMPATH/CLI/Commands.php(72): CodeIgniter\Commands\Database\Seed->run([])
 9 SYSTEMPATH/CLI/Console.php(47): CodeIgniter\CLI\Commands->run('db:seed', [...])
10 SYSTEMPATH/Boot.php(444): CodeIgniter\CLI\Console->run()
11 SYSTEMPATH/Boot.php(166): CodeIgniter\Boot::runCommand(Object(CodeIgniter\CLI\Console))
12 ROOTPATH/spark(87): CodeIgniter\Boot::bootSpark(Object(Config\Paths))
WARNING - 2026-08-31 03:09:51 --> [DEPRECATED] Since fakerphp/faker 1.14: Accessing property "address" is deprecated, use "address()" instead. in VENDORPATH/symfony/deprecation-contracts/function.php on line 25.
 1 VENDORPATH/symfony/deprecation-contracts/function.php(25): trigger_error('Since fakerphp/faker 1.14: Accessing property "address" is deprecated, use "address()" instead.', 16384)
 2 VENDORPATH/fakerphp/faker/src/Faker/Generator.php(962): trigger_deprecation('fakerphp/faker', '1.14', 'Accessing property "%s" is deprecated, use "%s()" instead.', 'address', 'address')
 3 APPPATH/Database/Seeds/ClientSeeder.php(27): Faker\Generator->__get('address')
 4 SYSTEMPATH/Database/Seeder.php(155): App\Database\Seeds\ClientSeeder->run()
 5 APPPATH/Database/Seeds/MouvementSeeder.php(25): CodeIgniter\Database\Seeder->call('App\\Database\\Seeds\\ClientSeeder')
 6 SYSTEMPATH/Database/Seeder.php(155): App\Database\Seeds\MouvementSeeder->run()
 7 SYSTEMPATH/Commands/Database/Seed.php(79): CodeIgniter\Database\Seeder->call('App\\Database\\Seeds\\MouvementSeeder')
 8 SYSTEMPATH/CLI/Commands.php(72): CodeIgniter\Commands\Database\Seed->run([])
 9 SYSTEMPATH/CLI/Console.php(47): CodeIgniter\CLI\Commands->run('db:seed', [...])
10 SYSTEMPATH/Boot.php(444): CodeIgniter\CLI\Console->run()
11 SYSTEMPATH/Boot.php(166): CodeIgniter\Boot::runCommand(Object(CodeIgniter\CLI\Console))
12 ROOTPATH/spark(87): CodeIgniter\Boot::bootSpark(Object(Config\Paths))
WARNING - 2026-08-31 03:09:51 --> [DEPRECATED] Since fakerphp/faker 1.14: Accessing property "company" is deprecated, use "company()" instead. in VENDORPATH/symfony/deprecation-contracts/function.php on line 25.
 1 VENDORPATH/symfony/deprecation-contracts/function.php(25): trigger_error('Since fakerphp/faker 1.14: Accessing property "company" is deprecated, use "company()" instead.', 16384)
 2 VENDORPATH/fakerphp/faker/src/Faker/Generator.php(962): trigger_deprecation('fakerphp/faker', '1.14', 'Accessing property "%s" is deprecated, use "%s()" instead.', 'company', 'company')
 3 APPPATH/Database/Seeds/ClientSeeder.php(18): Faker\Generator->__get('company')
 4 SYSTEMPATH/Database/Seeder.php(155): App\Database\Seeds\ClientSeeder->run()
 5 APPPATH/Database/Seeds/MouvementSeeder.php(25): CodeIgniter\Database\Seeder->call('App\\Database\\Seeds\\ClientSeeder')
 6 SYSTEMPATH/Database/Seeder.php(155): App\Database\Seeds\MouvementSeeder->run()
 7 SYSTEMPATH/Commands/Database/Seed.php(79): CodeIgniter\Database\Seeder->call('App\\Database\\Seeds\\MouvementSeeder')
 8 SYSTEMPATH/CLI/Commands.php(72): CodeIgniter\Commands\Database\Seed->run([])
 9 SYSTEMPATH/CLI/Console.php(47): CodeIgniter\CLI\Commands->run('db:seed', [...])
10 SYSTEMPATH/Boot.php(444): CodeIgniter\CLI\Console->run()
11 SYSTEMPATH/Boot.php(166): CodeIgniter\Boot::runCommand(Object(CodeIgniter\CLI\Console))
12 ROOTPATH/spark(87): CodeIgniter\Boot::bootSpark(Object(Config\Paths))
WARNING - 2026-08-31 03:09:51 --> [DEPRECATED] Since fakerphp/faker 1.14: Accessing property "phoneNumber" is deprecated, use "phoneNumber()" instead. in VENDORPATH/symfony/deprecation-contracts/function.php on line 25.
 1 VENDORPATH/symfony/deprecation-contracts/function.php(25): trigger_error('Since fakerphp/faker 1.14: Accessing property "phoneNumber" is deprecated, use "phoneNumber()" instead.', 16384)
 2 VENDORPATH/fakerphp/faker/src/Faker/Generator.php(962): trigger_deprecation('fakerphp/faker', '1.14', 'Accessing property "%s" is deprecated, use "%s()" instead.', 'phoneNumber', 'phoneNumber')
 3 APPPATH/Database/Seeds/ClientSeeder.php(26): Faker\Generator->__get('phoneNumber')
 4 SYSTEMPATH/Database/Seeder.php(155): App\Database\Seeds\ClientSeeder->run()
 5 APPPATH/Database/Seeds/MouvementSeeder.php(25): CodeIgniter\Database\Seeder->call('App\\Database\\Seeds\\ClientSeeder')
 6 SYSTEMPATH/Database/Seeder.php(155): App\Database\Seeds\MouvementSeeder->run()
 7 SYSTEMPATH/Commands/Database/Seed.php(79): CodeIgniter\Database\Seeder->call('App\\Database\\Seeds\\MouvementSeeder')
 8 SYSTEMPATH/CLI/Commands.php(72): CodeIgniter\Commands\Database\Seed->run([])
 9 SYSTEMPATH/CLI/Console.php(47): CodeIgniter\CLI\Commands->run('db:seed', [...])
10 SYSTEMPATH/Boot.php(444): CodeIgniter\CLI\Console->run()
11 SYSTEMPATH/Boot.php(166): CodeIgniter\Boot::runCommand(Object(CodeIgniter\CLI\Console))
12 ROOTPATH/spark(87): CodeIgniter\Boot::bootSpark(Object(Config\Paths))
WARNING - 2026-08-31 03:09:51 --> [DEPRECATED] Since fakerphp/faker 1.14: Accessing property "address" is deprecated, use "address()" instead. in VENDORPATH/symfony/deprecation-contracts/function.php on line 25.
 1 VENDORPATH/symfony/deprecation-contracts/function.php(25): trigger_error('Since fakerphp/faker 1.14: Accessing property "address" is deprecated, use "address()" instead.', 16384)
 2 VENDORPATH/fakerphp/faker/src/Faker/Generator.php(962): trigger_deprecation('fakerphp/faker', '1.14', 'Accessing property "%s" is deprecated, use "%s()" instead.', 'address', 'address')
 3 APPPATH/Database/Seeds/ClientSeeder.php(27): Faker\Generator->__get('address')
 4 SYSTEMPATH/Database/Seeder.php(155): App\Database\Seeds\ClientSeeder->run()
 5 APPPATH/Database/Seeds/MouvementSeeder.php(25): CodeIgniter\Database\Seeder->call('App\\Database\\Seeds\\ClientSeeder')
 6 SYSTEMPATH/Database/Seeder.php(155): App\Database\Seeds\MouvementSeeder->run()
 7 SYSTEMPATH/Commands/Database/Seed.php(79): CodeIgniter\Database\Seeder->call('App\\Database\\Seeds\\MouvementSeeder')
 8 SYSTEMPATH/CLI/Commands.php(72): CodeIgniter\Commands\Database\Seed->run([])
 9 SYSTEMPATH/CLI/Console.php(47): CodeIgniter\CLI\Commands->run('db:seed', [...])
10 SYSTEMPATH/Boot.php(444): CodeIgniter\CLI\Console->run()
11 SYSTEMPATH/Boot.php(166): CodeIgniter\Boot::runCommand(Object(CodeIgniter\CLI\Console))
12 ROOTPATH/spark(87): CodeIgniter\Boot::bootSpark(Object(Config\Paths))
WARNING - 2026-08-31 03:09:51 --> [DEPRECATED] Since fakerphp/faker 1.14: Accessing property "company" is deprecated, use "company()" instead. in VENDORPATH/symfony/deprecation-contracts/function.php on line 25.
 1 VENDORPATH/symfony/deprecation-contracts/function.php(25): trigger_error('Since fakerphp/faker 1.14: Accessing property "company" is deprecated, use "company()" instead.', 16384)
 2 VENDORPATH/fakerphp/faker/src/Faker/Generator.php(962): trigger_deprecation('fakerphp/faker', '1.14', 'Accessing property "%s" is deprecated, use "%s()" instead.', 'company', 'company')
 3 APPPATH/Database/Seeds/ClientSeeder.php(18): Faker\Generator->__get('company')
 4 SYSTEMPATH/Database/Seeder.php(155): App\Database\Seeds\ClientSeeder->run()
 5 APPPATH/Database/Seeds/MouvementSeeder.php(25): CodeIgniter\Database\Seeder->call('App\\Database\\Seeds\\ClientSeeder')
 6 SYSTEMPATH/Database/Seeder.php(155): App\Database\Seeds\MouvementSeeder->run()
 7 SYSTEMPATH/Commands/Database/Seed.php(79): CodeIgniter\Database\Seeder->call('App\\Database\\Seeds\\MouvementSeeder')
 8 SYSTEMPATH/CLI/Commands.php(72): CodeIgniter\Commands\Database\Seed->run([])
 9 SYSTEMPATH/CLI/Console.php(47): CodeIgniter\CLI\Commands->run('db:seed', [...])
10 SYSTEMPATH/Boot.php(444): CodeIgniter\CLI\Console->run()
11 SYSTEMPATH/Boot.php(166): CodeIgniter\Boot::runCommand(Object(CodeIgniter\CLI\Console))
12 ROOTPATH/spark(87): CodeIgniter\Boot::bootSpark(Object(Config\Paths))
WARNING - 2026-08-31 03:09:51 --> [DEPRECATED] Since fakerphp/faker 1.14: Accessing property "phoneNumber" is deprecated, use "phoneNumber()" instead. in VENDORPATH/symfony/deprecation-contracts/function.php on line 25.
 1 VENDORPATH/symfony/deprecation-contracts/function.php(25): trigger_error('Since fakerphp/faker 1.14: Accessing property "phoneNumber" is deprecated, use "phoneNumber()" instead.', 16384)
 2 VENDORPATH/fakerphp/faker/src/Faker/Generator.php(962): trigger_deprecation('fakerphp/faker', '1.14', 'Accessing property "%s" is deprecated, use "%s()" instead.', 'phoneNumber', 'phoneNumber')
 3 APPPATH/Database/Seeds/ClientSeeder.php(26): Faker\Generator->__get('phoneNumber')
 4 SYSTEMPATH/Database/Seeder.php(155): App\Database\Seeds\ClientSeeder->run()
 5 APPPATH/Database/Seeds/MouvementSeeder.php(25): CodeIgniter\Database\Seeder->call('App\\Database\\Seeds\\ClientSeeder')
 6 SYSTEMPATH/Database/Seeder.php(155): App\Database\Seeds\MouvementSeeder->run()
 7 SYSTEMPATH/Commands/Database/Seed.php(79): CodeIgniter\Database\Seeder->call('App\\Database\\Seeds\\MouvementSeeder')
 8 SYSTEMPATH/CLI/Commands.php(72): CodeIgniter\Commands\Database\Seed->run([])
 9 SYSTEMPATH/CLI/Console.php(47): CodeIgniter\CLI\Commands->run('db:seed', [...])
10 SYSTEMPATH/Boot.php(444): CodeIgniter\CLI\Console->run()
11 SYSTEMPATH/Boot.php(166): CodeIgniter\Boot::runCommand(Object(CodeIgniter\CLI\Console))
12 ROOTPATH/spark(87): CodeIgniter\Boot::bootSpark(Object(Config\Paths))
WARNING - 2026-08-31 03:09:51 --> [DEPRECATED] Since fakerphp/faker 1.14: Accessing property "address" is deprecated, use "address()" instead. in VENDORPATH/symfony/deprecation-contracts/function.php on line 25.
 1 VENDORPATH/symfony/deprecation-contracts/function.php(25): trigger_error('Since fakerphp/faker 1.14: Accessing property "address" is deprecated, use "address()" instead.', 16384)
 2 VENDORPATH/fakerphp/faker/src/Faker/Generator.php(962): trigger_deprecation('fakerphp/faker', '1.14', 'Accessing property "%s" is deprecated, use "%s()" instead.', 'address', 'address')
 3 APPPATH/Database/Seeds/ClientSeeder.php(27): Faker\Generator->__get('address')
 4 SYSTEMPATH/Database/Seeder.php(155): App\Database\Seeds\ClientSeeder->run()
 5 APPPATH/Database/Seeds/MouvementSeeder.php(25): CodeIgniter\Database\Seeder->call('App\\Database\\Seeds\\ClientSeeder')
 6 SYSTEMPATH/Database/Seeder.php(155): App\Database\Seeds\MouvementSeeder->run()
 7 SYSTEMPATH/Commands/Database/Seed.php(79): CodeIgniter\Database\Seeder->call('App\\Database\\Seeds\\MouvementSeeder')
 8 SYSTEMPATH/CLI/Commands.php(72): CodeIgniter\Commands\Database\Seed->run([])
 9 SYSTEMPATH/CLI/Console.php(47): CodeIgniter\CLI\Commands->run('db:seed', [...])
10 SYSTEMPATH/Boot.php(444): CodeIgniter\CLI\Console->run()
11 SYSTEMPATH/Boot.php(166): CodeIgniter\Boot::runCommand(Object(CodeIgniter\CLI\Console))
12 ROOTPATH/spark(87): CodeIgniter\Boot::bootSpark(Object(Config\Paths))
WARNING - 2026-08-31 03:09:51 --> [DEPRECATED] Since fakerphp/faker 1.14: Accessing property "company" is deprecated, use "company()" instead. in VENDORPATH/symfony/deprecation-contracts/function.php on line 25.
 1 VENDORPATH/symfony/deprecation-contracts/function.php(25): trigger_error('Since fakerphp/faker 1.14: Accessing property "company" is deprecated, use "company()" instead.', 16384)
 2 VENDORPATH/fakerphp/faker/src/Faker/Generator.php(962): trigger_deprecation('fakerphp/faker', '1.14', 'Accessing property "%s" is deprecated, use "%s()" instead.', 'company', 'company')
 3 APPPATH/Database/Seeds/ClientSeeder.php(18): Faker\Generator->__get('company')
 4 SYSTEMPATH/Database/Seeder.php(155): App\Database\Seeds\ClientSeeder->run()
 5 APPPATH/Database/Seeds/MouvementSeeder.php(25): CodeIgniter\Database\Seeder->call('App\\Database\\Seeds\\ClientSeeder')
 6 SYSTEMPATH/Database/Seeder.php(155): App\Database\Seeds\MouvementSeeder->run()
 7 SYSTEMPATH/Commands/Database/Seed.php(79): CodeIgniter\Database\Seeder->call('App\\Database\\Seeds\\MouvementSeeder')
 8 SYSTEMPATH/CLI/Commands.php(72): CodeIgniter\Commands\Database\Seed->run([])
 9 SYSTEMPATH/CLI/Console.php(47): CodeIgniter\CLI\Commands->run('db:seed', [...])
10 SYSTEMPATH/Boot.php(444): CodeIgniter\CLI\Console->run()
11 SYSTEMPATH/Boot.php(166): CodeIgniter\Boot::runCommand(Object(CodeIgniter\CLI\Console))
12 ROOTPATH/spark(87): CodeIgniter\Boot::bootSpark(Object(Config\Paths))
WARNING - 2026-08-31 03:09:51 --> [DEPRECATED] Since fakerphp/faker 1.14: Accessing property "name" is deprecated, use "name()" instead. in VENDORPATH/symfony/deprecation-contracts/function.php on line 25.
 1 VENDORPATH/symfony/deprecation-contracts/function.php(25): trigger_error('Since fakerphp/faker 1.14: Accessing property "name" is deprecated, use "name()" instead.', 16384)
 2 VENDORPATH/fakerphp/faker/src/Faker/Generator.php(962): trigger_deprecation('fakerphp/faker', '1.14', 'Accessing property "%s" is deprecated, use "%s()" instead.', 'name', 'name')
 3 APPPATH/Database/Seeds/ClientSeeder.php(21): Faker\Generator->__get('name')
 4 SYSTEMPATH/Database/Seeder.php(155): App\Database\Seeds\ClientSeeder->run()
 5 APPPATH/Database/Seeds/MouvementSeeder.php(25): CodeIgniter\Database\Seeder->call('App\\Database\\Seeds\\ClientSeeder')
 6 SYSTEMPATH/Database/Seeder.php(155): App\Database\Seeds\MouvementSeeder->run()
 7 SYSTEMPATH/Commands/Database/Seed.php(79): CodeIgniter\Database\Seeder->call('App\\Database\\Seeds\\MouvementSeeder')
 8 SYSTEMPATH/CLI/Commands.php(72): CodeIgniter\Commands\Database\Seed->run([])
 9 SYSTEMPATH/CLI/Console.php(47): CodeIgniter\CLI\Commands->run('db:seed', [...])
10 SYSTEMPATH/Boot.php(444): CodeIgniter\CLI\Console->run()
11 SYSTEMPATH/Boot.php(166): CodeIgniter\Boot::runCommand(Object(CodeIgniter\CLI\Console))
12 ROOTPATH/spark(87): CodeIgniter\Boot::bootSpark(Object(Config\Paths))
WARNING - 2026-08-31 03:09:51 --> [DEPRECATED] Since fakerphp/faker 1.14: Accessing property "phoneNumber" is deprecated, use "phoneNumber()" instead. in VENDORPATH/symfony/deprecation-contracts/function.php on line 25.
 1 VENDORPATH/symfony/deprecation-contracts/function.php(25): trigger_error('Since fakerphp/faker 1.14: Accessing property "phoneNumber" is deprecated, use "phoneNumber()" instead.', 16384)
 2 VENDORPATH/fakerphp/faker/src/Faker/Generator.php(962): trigger_deprecation('fakerphp/faker', '1.14', 'Accessing property "%s" is deprecated, use "%s()" instead.', 'phoneNumber', 'phoneNumber')
 3 APPPATH/Database/Seeds/ClientSeeder.php(26): Faker\Generator->__get('phoneNumber')
 4 SYSTEMPATH/Database/Seeder.php(155): App\Database\Seeds\ClientSeeder->run()
 5 APPPATH/Database/Seeds/MouvementSeeder.php(25): CodeIgniter\Database\Seeder->call('App\\Database\\Seeds\\ClientSeeder')
 6 SYSTEMPATH/Database/Seeder.php(155): App\Database\Seeds\MouvementSeeder->run()
 7 SYSTEMPATH/Commands/Database/Seed.php(79): CodeIgniter\Database\Seeder->call('App\\Database\\Seeds\\MouvementSeeder')
 8 SYSTEMPATH/CLI/Commands.php(72): CodeIgniter\Commands\Database\Seed->run([])
 9 SYSTEMPATH/CLI/Console.php(47): CodeIgniter\CLI\Commands->run('db:seed', [...])
10 SYSTEMPATH/Boot.php(444): CodeIgniter\CLI\Console->run()
11 SYSTEMPATH/Boot.php(166): CodeIgniter\Boot::runCommand(Object(CodeIgniter\CLI\Console))
12 ROOTPATH/spark(87): CodeIgniter\Boot::bootSpark(Object(Config\Paths))
WARNING - 2026-08-31 03:09:51 --> [DEPRECATED] Since fakerphp/faker 1.14: Accessing property "address" is deprecated, use "address()" instead. in VENDORPATH/symfony/deprecation-contracts/function.php on line 25.
 1 VENDORPATH/symfony/deprecation-contracts/function.php(25): trigger_error('Since fakerphp/faker 1.14: Accessing property "address" is deprecated, use "address()" instead.', 16384)
 2 VENDORPATH/fakerphp/faker/src/Faker/Generator.php(962): trigger_deprecation('fakerphp/faker', '1.14', 'Accessing property "%s" is deprecated, use "%s()" instead.', 'address', 'address')
 3 APPPATH/Database/Seeds/ClientSeeder.php(27): Faker\Generator->__get('address')
 4 SYSTEMPATH/Database/Seeder.php(155): App\Database\Seeds\ClientSeeder->run()
 5 APPPATH/Database/Seeds/MouvementSeeder.php(25): CodeIgniter\Database\Seeder->call('App\\Database\\Seeds\\ClientSeeder')
 6 SYSTEMPATH/Database/Seeder.php(155): App\Database\Seeds\MouvementSeeder->run()
 7 SYSTEMPATH/Commands/Database/Seed.php(79): CodeIgniter\Database\Seeder->call('App\\Database\\Seeds\\MouvementSeeder')
 8 SYSTEMPATH/CLI/Commands.php(72): CodeIgniter\Commands\Database\Seed->run([])
 9 SYSTEMPATH/CLI/Console.php(47): CodeIgniter\CLI\Commands->run('db:seed', [...])
10 SYSTEMPATH/Boot.php(444): CodeIgniter\CLI\Console->run()
11 SYSTEMPATH/Boot.php(166): CodeIgniter\Boot::runCommand(Object(CodeIgniter\CLI\Console))
12 ROOTPATH/spark(87): CodeIgniter\Boot::bootSpark(Object(Config\Paths))
WARNING - 2026-08-31 03:09:51 --> [DEPRECATED] Since fakerphp/faker 1.14: Accessing property "company" is deprecated, use "company()" instead. in VENDORPATH/symfony/deprecation-contracts/function.php on line 25.
 1 VENDORPATH/symfony/deprecation-contracts/function.php(25): trigger_error('Since fakerphp/faker 1.14: Accessing property "company" is deprecated, use "company()" instead.', 16384)
 2 VENDORPATH/fakerphp/faker/src/Faker/Generator.php(962): trigger_deprecation('fakerphp/faker', '1.14', 'Accessing property "%s" is deprecated, use "%s()" instead.', 'company', 'company')
 3 APPPATH/Database/Seeds/ClientSeeder.php(18): Faker\Generator->__get('company')
 4 SYSTEMPATH/Database/Seeder.php(155): App\Database\Seeds\ClientSeeder->run()
 5 APPPATH/Database/Seeds/MouvementSeeder.php(25): CodeIgniter\Database\Seeder->call('App\\Database\\Seeds\\ClientSeeder')
 6 SYSTEMPATH/Database/Seeder.php(155): App\Database\Seeds\MouvementSeeder->run()
 7 SYSTEMPATH/Commands/Database/Seed.php(79): CodeIgniter\Database\Seeder->call('App\\Database\\Seeds\\MouvementSeeder')
 8 SYSTEMPATH/CLI/Commands.php(72): CodeIgniter\Commands\Database\Seed->run([])
 9 SYSTEMPATH/CLI/Console.php(47): CodeIgniter\CLI\Commands->run('db:seed', [...])
10 SYSTEMPATH/Boot.php(444): CodeIgniter\CLI\Console->run()
11 SYSTEMPATH/Boot.php(166): CodeIgniter\Boot::runCommand(Object(CodeIgniter\CLI\Console))
12 ROOTPATH/spark(87): CodeIgniter\Boot::bootSpark(Object(Config\Paths))
WARNING - 2026-08-31 03:09:51 --> [DEPRECATED] Since fakerphp/faker 1.14: Accessing property "phoneNumber" is deprecated, use "phoneNumber()" instead. in VENDORPATH/symfony/deprecation-contracts/function.php on line 25.
 1 VENDORPATH/symfony/deprecation-contracts/function.php(25): trigger_error('Since fakerphp/faker 1.14: Accessing property "phoneNumber" is deprecated, use "phoneNumber()" instead.', 16384)
 2 VENDORPATH/fakerphp/faker/src/Faker/Generator.php(962): trigger_deprecation('fakerphp/faker', '1.14', 'Accessing property "%s" is deprecated, use "%s()" instead.', 'phoneNumber', 'phoneNumber')
 3 APPPATH/Database/Seeds/ClientSeeder.php(26): Faker\Generator->__get('phoneNumber')
 4 SYSTEMPATH/Database/Seeder.php(155): App\Database\Seeds\ClientSeeder->run()
 5 APPPATH/Database/Seeds/MouvementSeeder.php(25): CodeIgniter\Database\Seeder->call('App\\Database\\Seeds\\ClientSeeder')
 6 SYSTEMPATH/Database/Seeder.php(155): App\Database\Seeds\MouvementSeeder->run()
 7 SYSTEMPATH/Commands/Database/Seed.php(79): CodeIgniter\Database\Seeder->call('App\\Database\\Seeds\\MouvementSeeder')
 8 SYSTEMPATH/CLI/Commands.php(72): CodeIgniter\Commands\Database\Seed->run([])
 9 SYSTEMPATH/CLI/Console.php(47): CodeIgniter\CLI\Commands->run('db:seed', [...])
10 SYSTEMPATH/Boot.php(444): CodeIgniter\CLI\Console->run()
11 SYSTEMPATH/Boot.php(166): CodeIgniter\Boot::runCommand(Object(CodeIgniter\CLI\Console))
12 ROOTPATH/spark(87): CodeIgniter\Boot::bootSpark(Object(Config\Paths))
WARNING - 2026-08-31 03:09:51 --> [DEPRECATED] Since fakerphp/faker 1.14: Accessing property "address" is deprecated, use "address()" instead. in VENDORPATH/symfony/deprecation-contracts/function.php on line 25.
 1 VENDORPATH/symfony/deprecation-contracts/function.php(25): trigger_error('Since fakerphp/faker 1.14: Accessing property "address" is deprecated, use "address()" instead.', 16384)
 2 VENDORPATH/fakerphp/faker/src/Faker/Generator.php(962): trigger_deprecation('fakerphp/faker', '1.14', 'Accessing property "%s" is deprecated, use "%s()" instead.', 'address', 'address')
 3 APPPATH/Database/Seeds/ClientSeeder.php(27): Faker\Generator->__get('address')
 4 SYSTEMPATH/Database/Seeder.php(155): App\Database\Seeds\ClientSeeder->run()
 5 APPPATH/Database/Seeds/MouvementSeeder.php(25): CodeIgniter\Database\Seeder->call('App\\Database\\Seeds\\ClientSeeder')
 6 SYSTEMPATH/Database/Seeder.php(155): App\Database\Seeds\MouvementSeeder->run()
 7 SYSTEMPATH/Commands/Database/Seed.php(79): CodeIgniter\Database\Seeder->call('App\\Database\\Seeds\\MouvementSeeder')
 8 SYSTEMPATH/CLI/Commands.php(72): CodeIgniter\Commands\Database\Seed->run([])
 9 SYSTEMPATH/CLI/Console.php(47): CodeIgniter\CLI\Commands->run('db:seed', [...])
10 SYSTEMPATH/Boot.php(444): CodeIgniter\CLI\Console->run()
11 SYSTEMPATH/Boot.php(166): CodeIgniter\Boot::runCommand(Object(CodeIgniter\CLI\Console))
12 ROOTPATH/spark(87): CodeIgniter\Boot::bootSpark(Object(Config\Paths))
WARNING - 2026-08-31 03:09:51 --> [DEPRECATED] Since fakerphp/faker 1.14: Accessing property "company" is deprecated, use "company()" instead. in VENDORPATH/symfony/deprecation-contracts/function.php on line 25.
 1 VENDORPATH/symfony/deprecation-contracts/function.php(25): trigger_error('Since fakerphp/faker 1.14: Accessing property "company" is deprecated, use "company()" instead.', 16384)
 2 VENDORPATH/fakerphp/faker/src/Faker/Generator.php(962): trigger_deprecation('fakerphp/faker', '1.14', 'Accessing property "%s" is deprecated, use "%s()" instead.', 'company', 'company')
 3 APPPATH/Database/Seeds/ClientSeeder.php(18): Faker\Generator->__get('company')
 4 SYSTEMPATH/Database/Seeder.php(155): App\Database\Seeds\ClientSeeder->run()
 5 APPPATH/Database/Seeds/MouvementSeeder.php(25): CodeIgniter\Database\Seeder->call('App\\Database\\Seeds\\ClientSeeder')
 6 SYSTEMPATH/Database/Seeder.php(155): App\Database\Seeds\MouvementSeeder->run()
 7 SYSTEMPATH/Commands/Database/Seed.php(79): CodeIgniter\Database\Seeder->call('App\\Database\\Seeds\\MouvementSeeder')
 8 SYSTEMPATH/CLI/Commands.php(72): CodeIgniter\Commands\Database\Seed->run([])
 9 SYSTEMPATH/CLI/Console.php(47): CodeIgniter\CLI\Commands->run('db:seed', [...])
10 SYSTEMPATH/Boot.php(444): CodeIgniter\CLI\Console->run()
11 SYSTEMPATH/Boot.php(166): CodeIgniter\Boot::runCommand(Object(CodeIgniter\CLI\Console))
12 ROOTPATH/spark(87): CodeIgniter\Boot::bootSpark(Object(Config\Paths))
WARNING - 2026-08-31 03:09:51 --> [DEPRECATED] Since fakerphp/faker 1.14: Accessing property "phoneNumber" is deprecated, use "phoneNumber()" instead. in VENDORPATH/symfony/deprecation-contracts/function.php on line 25.
 1 VENDORPATH/symfony/deprecation-contracts/function.php(25): trigger_error('Since fakerphp/faker 1.14: Accessing property "phoneNumber" is deprecated, use "phoneNumber()" instead.', 16384)
 2 VENDORPATH/fakerphp/faker/src/Faker/Generator.php(962): trigger_deprecation('fakerphp/faker', '1.14', 'Accessing property "%s" is deprecated, use "%s()" instead.', 'phoneNumber', 'phoneNumber')
 3 APPPATH/Database/Seeds/ClientSeeder.php(26): Faker\Generator->__get('phoneNumber')
 4 SYSTEMPATH/Database/Seeder.php(155): App\Database\Seeds\ClientSeeder->run()
 5 APPPATH/Database/Seeds/MouvementSeeder.php(25): CodeIgniter\Database\Seeder->call('App\\Database\\Seeds\\ClientSeeder')
 6 SYSTEMPATH/Database/Seeder.php(155): App\Database\Seeds\MouvementSeeder->run()
 7 SYSTEMPATH/Commands/Database/Seed.php(79): CodeIgniter\Database\Seeder->call('App\\Database\\Seeds\\MouvementSeeder')
 8 SYSTEMPATH/CLI/Commands.php(72): CodeIgniter\Commands\Database\Seed->run([])
 9 SYSTEMPATH/CLI/Console.php(47): CodeIgniter\CLI\Commands->run('db:seed', [...])
10 SYSTEMPATH/Boot.php(444): CodeIgniter\CLI\Console->run()
11 SYSTEMPATH/Boot.php(166): CodeIgniter\Boot::runCommand(Object(CodeIgniter\CLI\Console))
12 ROOTPATH/spark(87): CodeIgniter\Boot::bootSpark(Object(Config\Paths))
WARNING - 2026-08-31 03:09:51 --> [DEPRECATED] Since fakerphp/faker 1.14: Accessing property "address" is deprecated, use "address()" instead. in VENDORPATH/symfony/deprecation-contracts/function.php on line 25.
 1 VENDORPATH/symfony/deprecation-contracts/function.php(25): trigger_error('Since fakerphp/faker 1.14: Accessing property "address" is deprecated, use "address()" instead.', 16384)
 2 VENDORPATH/fakerphp/faker/src/Faker/Generator.php(962): trigger_deprecation('fakerphp/faker', '1.14', 'Accessing property "%s" is deprecated, use "%s()" instead.', 'address', 'address')
 3 APPPATH/Database/Seeds/ClientSeeder.php(27): Faker\Generator->__get('address')
 4 SYSTEMPATH/Database/Seeder.php(155): App\Database\Seeds\ClientSeeder->run()
 5 APPPATH/Database/Seeds/MouvementSeeder.php(25): CodeIgniter\Database\Seeder->call('App\\Database\\Seeds\\ClientSeeder')
 6 SYSTEMPATH/Database/Seeder.php(155): App\Database\Seeds\MouvementSeeder->run()
 7 SYSTEMPATH/Commands/Database/Seed.php(79): CodeIgniter\Database\Seeder->call('App\\Database\\Seeds\\MouvementSeeder')
 8 SYSTEMPATH/CLI/Commands.php(72): CodeIgniter\Commands\Database\Seed->run([])
 9 SYSTEMPATH/CLI/Console.php(47): CodeIgniter\CLI\Commands->run('db:seed', [...])
10 SYSTEMPATH/Boot.php(444): CodeIgniter\CLI\Console->run()
11 SYSTEMPATH/Boot.php(166): CodeIgniter\Boot::runCommand(Object(CodeIgniter\CLI\Console))
12 ROOTPATH/spark(87): CodeIgniter\Boot::bootSpark(Object(Config\Paths))
WARNING - 2026-08-31 03:09:51 --> [DEPRECATED] Since fakerphp/faker 1.14: Accessing property "company" is deprecated, use "company()" instead. in VENDORPATH/symfony/deprecation-contracts/function.php on line 25.
 1 VENDORPATH/symfony/deprecation-contracts/function.php(25): trigger_error('Since fakerphp/faker 1.14: Accessing property "company" is deprecated, use "company()" instead.', 16384)
 2 VENDORPATH/fakerphp/faker/src/Faker/Generator.php(962): trigger_deprecation('fakerphp/faker', '1.14', 'Accessing property "%s" is deprecated, use "%s()" instead.', 'company', 'company')
 3 APPPATH/Database/Seeds/ClientSeeder.php(18): Faker\Generator->__get('company')
 4 SYSTEMPATH/Database/Seeder.php(155): App\Database\Seeds\ClientSeeder->run()
 5 APPPATH/Database/Seeds/MouvementSeeder.php(25): CodeIgniter\Database\Seeder->call('App\\Database\\Seeds\\ClientSeeder')
 6 SYSTEMPATH/Database/Seeder.php(155): App\Database\Seeds\MouvementSeeder->run()
 7 SYSTEMPATH/Commands/Database/Seed.php(79): CodeIgniter\Database\Seeder->call('App\\Database\\Seeds\\MouvementSeeder')
 8 SYSTEMPATH/CLI/Commands.php(72): CodeIgniter\Commands\Database\Seed->run([])
 9 SYSTEMPATH/CLI/Console.php(47): CodeIgniter\CLI\Commands->run('db:seed', [...])
10 SYSTEMPATH/Boot.php(444): CodeIgniter\CLI\Console->run()
11 SYSTEMPATH/Boot.php(166): CodeIgniter\Boot::runCommand(Object(CodeIgniter\CLI\Console))
12 ROOTPATH/spark(87): CodeIgniter\Boot::bootSpark(Object(Config\Paths))
WARNING - 2026-08-31 03:09:51 --> [DEPRECATED] Since fakerphp/faker 1.14: Accessing property "name" is deprecated, use "name()" instead. in VENDORPATH/symfony/deprecation-contracts/function.php on line 25.
 1 VENDORPATH/symfony/deprecation-contracts/function.php(25): trigger_error('Since fakerphp/faker 1.14: Accessing property "name" is deprecated, use "name()" instead.', 16384)
 2 VENDORPATH/fakerphp/faker/src/Faker/Generator.php(962): trigger_deprecation('fakerphp/faker', '1.14', 'Accessing property "%s" is deprecated, use "%s()" instead.', 'name', 'name')
 3 APPPATH/Database/Seeds/ClientSeeder.php(21): Faker\Generator->__get('name')
 4 SYSTEMPATH/Database/Seeder.php(155): App\Database\Seeds\ClientSeeder->run()
 5 APPPATH/Database/Seeds/MouvementSeeder.php(25): CodeIgniter\Database\Seeder->call('App\\Database\\Seeds\\ClientSeeder')
 6 SYSTEMPATH/Database/Seeder.php(155): App\Database\Seeds\MouvementSeeder->run()
 7 SYSTEMPATH/Commands/Database/Seed.php(79): CodeIgniter\Database\Seeder->call('App\\Database\\Seeds\\MouvementSeeder')
 8 SYSTEMPATH/CLI/Commands.php(72): CodeIgniter\Commands\Database\Seed->run([])
 9 SYSTEMPATH/CLI/Console.php(47): CodeIgniter\CLI\Commands->run('db:seed', [...])
10 SYSTEMPATH/Boot.php(444): CodeIgniter\CLI\Console->run()
11 SYSTEMPATH/Boot.php(166): CodeIgniter\Boot::runCommand(Object(CodeIgniter\CLI\Console))
12 ROOTPATH/spark(87): CodeIgniter\Boot::bootSpark(Object(Config\Paths))
WARNING - 2026-08-31 03:09:51 --> [DEPRECATED] Since fakerphp/faker 1.14: Accessing property "phoneNumber" is deprecated, use "phoneNumber()" instead. in VENDORPATH/symfony/deprecation-contracts/function.php on line 25.
 1 VENDORPATH/symfony/deprecation-contracts/function.php(25): trigger_error('Since fakerphp/faker 1.14: Accessing property "phoneNumber" is deprecated, use "phoneNumber()" instead.', 16384)
 2 VENDORPATH/fakerphp/faker/src/Faker/Generator.php(962): trigger_deprecation('fakerphp/faker', '1.14', 'Accessing property "%s" is deprecated, use "%s()" instead.', 'phoneNumber', 'phoneNumber')
 3 APPPATH/Database/Seeds/ClientSeeder.php(26): Faker\Generator->__get('phoneNumber')
 4 SYSTEMPATH/Database/Seeder.php(155): App\Database\Seeds\ClientSeeder->run()
 5 APPPATH/Database/Seeds/MouvementSeeder.php(25): CodeIgniter\Database\Seeder->call('App\\Database\\Seeds\\ClientSeeder')
 6 SYSTEMPATH/Database/Seeder.php(155): App\Database\Seeds\MouvementSeeder->run()
 7 SYSTEMPATH/Commands/Database/Seed.php(79): CodeIgniter\Database\Seeder->call('App\\Database\\Seeds\\MouvementSeeder')
 8 SYSTEMPATH/CLI/Commands.php(72): CodeIgniter\Commands\Database\Seed->run([])
 9 SYSTEMPATH/CLI/Console.php(47): CodeIgniter\CLI\Commands->run('db:seed', [...])
10 SYSTEMPATH/Boot.php(444): CodeIgniter\CLI\Console->run()
11 SYSTEMPATH/Boot.php(166): CodeIgniter\Boot::runCommand(Object(CodeIgniter\CLI\Console))
12 ROOTPATH/spark(87): CodeIgniter\Boot::bootSpark(Object(Config\Paths))
WARNING - 2026-08-31 03:09:51 --> [DEPRECATED] Since fakerphp/faker 1.14: Accessing property "address" is deprecated, use "address()" instead. in VENDORPATH/symfony/deprecation-contracts/function.php on line 25.
 1 VENDORPATH/symfony/deprecation-contracts/function.php(25): trigger_error('Since fakerphp/faker 1.14: Accessing property "address" is deprecated, use "address()" instead.', 16384)
 2 VENDORPATH/fakerphp/faker/src/Faker/Generator.php(962): trigger_deprecation('fakerphp/faker', '1.14', 'Accessing property "%s" is deprecated, use "%s()" instead.', 'address', 'address')
 3 APPPATH/Database/Seeds/ClientSeeder.php(27): Faker\Generator->__get('address')
 4 SYSTEMPATH/Database/Seeder.php(155): App\Database\Seeds\ClientSeeder->run()
 5 APPPATH/Database/Seeds/MouvementSeeder.php(25): CodeIgniter\Database\Seeder->call('App\\Database\\Seeds\\ClientSeeder')
 6 SYSTEMPATH/Database/Seeder.php(155): App\Database\Seeds\MouvementSeeder->run()
 7 SYSTEMPATH/Commands/Database/Seed.php(79): CodeIgniter\Database\Seeder->call('App\\Database\\Seeds\\MouvementSeeder')
 8 SYSTEMPATH/CLI/Commands.php(72): CodeIgniter\Commands\Database\Seed->run([])
 9 SYSTEMPATH/CLI/Console.php(47): CodeIgniter\CLI\Commands->run('db:seed', [...])
10 SYSTEMPATH/Boot.php(444): CodeIgniter\CLI\Console->run()
11 SYSTEMPATH/Boot.php(166): CodeIgniter\Boot::runCommand(Object(CodeIgniter\CLI\Console))
12 ROOTPATH/spark(87): CodeIgniter\Boot::bootSpark(Object(Config\Paths))
WARNING - 2026-08-31 03:09:51 --> [DEPRECATED] Since fakerphp/faker 1.14: Accessing property "company" is deprecated, use "company()" instead. in VENDORPATH/symfony/deprecation-contracts/function.php on line 25.
 1 VENDORPATH/symfony/deprecation-contracts/function.php(25): trigger_error('Since fakerphp/faker 1.14: Accessing property "company" is deprecated, use "company()" instead.', 16384)
 2 VENDORPATH/fakerphp/faker/src/Faker/Generator.php(962): trigger_deprecation('fakerphp/faker', '1.14', 'Accessing property "%s" is deprecated, use "%s()" instead.', 'company', 'company')
 3 APPPATH/Database/Seeds/ClientSeeder.php(18): Faker\Generator->__get('company')
 4 SYSTEMPATH/Database/Seeder.php(155): App\Database\Seeds\ClientSeeder->run()
 5 APPPATH/Database/Seeds/MouvementSeeder.php(25): CodeIgniter\Database\Seeder->call('App\\Database\\Seeds\\ClientSeeder')
 6 SYSTEMPATH/Database/Seeder.php(155): App\Database\Seeds\MouvementSeeder->run()
 7 SYSTEMPATH/Commands/Database/Seed.php(79): CodeIgniter\Database\Seeder->call('App\\Database\\Seeds\\MouvementSeeder')
 8 SYSTEMPATH/CLI/Commands.php(72): CodeIgniter\Commands\Database\Seed->run([])
 9 SYSTEMPATH/CLI/Console.php(47): CodeIgniter\CLI\Commands->run('db:seed', [...])
10 SYSTEMPATH/Boot.php(444): CodeIgniter\CLI\Console->run()
11 SYSTEMPATH/Boot.php(166): CodeIgniter\Boot::runCommand(Object(CodeIgniter\CLI\Console))
12 ROOTPATH/spark(87): CodeIgniter\Boot::bootSpark(Object(Config\Paths))
WARNING - 2026-08-31 03:09:51 --> [DEPRECATED] Since fakerphp/faker 1.14: Accessing property "phoneNumber" is deprecated, use "phoneNumber()" instead. in VENDORPATH/symfony/deprecation-contracts/function.php on line 25.
 1 VENDORPATH/symfony/deprecation-contracts/function.php(25): trigger_error('Since fakerphp/faker 1.14: Accessing property "phoneNumber" is deprecated, use "phoneNumber()" instead.', 16384)
 2 VENDORPATH/fakerphp/faker/src/Faker/Generator.php(962): trigger_deprecation('fakerphp/faker', '1.14', 'Accessing property "%s" is deprecated, use "%s()" instead.', 'phoneNumber', 'phoneNumber')
 3 APPPATH/Database/Seeds/ClientSeeder.php(26): Faker\Generator->__get('phoneNumber')
 4 SYSTEMPATH/Database/Seeder.php(155): App\Database\Seeds\ClientSeeder->run()
 5 APPPATH/Database/Seeds/MouvementSeeder.php(25): CodeIgniter\Database\Seeder->call('App\\Database\\Seeds\\ClientSeeder')
 6 SYSTEMPATH/Database/Seeder.php(155): App\Database\Seeds\MouvementSeeder->run()
 7 SYSTEMPATH/Commands/Database/Seed.php(79): CodeIgniter\Database\Seeder->call('App\\Database\\Seeds\\MouvementSeeder')
 8 SYSTEMPATH/CLI/Commands.php(72): CodeIgniter\Commands\Database\Seed->run([])
 9 SYSTEMPATH/CLI/Console.php(47): CodeIgniter\CLI\Commands->run('db:seed', [...])
10 SYSTEMPATH/Boot.php(444): CodeIgniter\CLI\Console->run()
11 SYSTEMPATH/Boot.php(166): CodeIgniter\Boot::runCommand(Object(CodeIgniter\CLI\Console))
12 ROOTPATH/spark(87): CodeIgniter\Boot::bootSpark(Object(Config\Paths))
WARNING - 2026-08-31 03:09:51 --> [DEPRECATED] Since fakerphp/faker 1.14: Accessing property "address" is deprecated, use "address()" instead. in VENDORPATH/symfony/deprecation-contracts/function.php on line 25.
 1 VENDORPATH/symfony/deprecation-contracts/function.php(25): trigger_error('Since fakerphp/faker 1.14: Accessing property "address" is deprecated, use "address()" instead.', 16384)
 2 VENDORPATH/fakerphp/faker/src/Faker/Generator.php(962): trigger_deprecation('fakerphp/faker', '1.14', 'Accessing property "%s" is deprecated, use "%s()" instead.', 'address', 'address')
 3 APPPATH/Database/Seeds/ClientSeeder.php(27): Faker\Generator->__get('address')
 4 SYSTEMPATH/Database/Seeder.php(155): App\Database\Seeds\ClientSeeder->run()
 5 APPPATH/Database/Seeds/MouvementSeeder.php(25): CodeIgniter\Database\Seeder->call('App\\Database\\Seeds\\ClientSeeder')
 6 SYSTEMPATH/Database/Seeder.php(155): App\Database\Seeds\MouvementSeeder->run()
 7 SYSTEMPATH/Commands/Database/Seed.php(79): CodeIgniter\Database\Seeder->call('App\\Database\\Seeds\\MouvementSeeder')
 8 SYSTEMPATH/CLI/Commands.php(72): CodeIgniter\Commands\Database\Seed->run([])
 9 SYSTEMPATH/CLI/Console.php(47): CodeIgniter\CLI\Commands->run('db:seed', [...])
10 SYSTEMPATH/Boot.php(444): CodeIgniter\CLI\Console->run()
11 SYSTEMPATH/Boot.php(166): CodeIgniter\Boot::runCommand(Object(CodeIgniter\CLI\Console))
12 ROOTPATH/spark(87): CodeIgniter\Boot::bootSpark(Object(Config\Paths))
WARNING - 2026-08-31 03:09:51 --> [DEPRECATED] Since fakerphp/faker 1.14: Accessing property "company" is deprecated, use "company()" instead. in VENDORPATH/symfony/deprecation-contracts/function.php on line 25.
 1 VENDORPATH/symfony/deprecation-contracts/function.php(25): trigger_error('Since fakerphp/faker 1.14: Accessing property "company" is deprecated, use "company()" instead.', 16384)
 2 VENDORPATH/fakerphp/faker/src/Faker/Generator.php(962): trigger_deprecation('fakerphp/faker', '1.14', 'Accessing property "%s" is deprecated, use "%s()" instead.', 'company', 'company')
 3 APPPATH/Database/Seeds/ClientSeeder.php(18): Faker\Generator->__get('company')
 4 SYSTEMPATH/Database/Seeder.php(155): App\Database\Seeds\ClientSeeder->run()
 5 APPPATH/Database/Seeds/MouvementSeeder.php(25): CodeIgniter\Database\Seeder->call('App\\Database\\Seeds\\ClientSeeder')
 6 SYSTEMPATH/Database/Seeder.php(155): App\Database\Seeds\MouvementSeeder->run()
 7 SYSTEMPATH/Commands/Database/Seed.php(79): CodeIgniter\Database\Seeder->call('App\\Database\\Seeds\\MouvementSeeder')
 8 SYSTEMPATH/CLI/Commands.php(72): CodeIgniter\Commands\Database\Seed->run([])
 9 SYSTEMPATH/CLI/Console.php(47): CodeIgniter\CLI\Commands->run('db:seed', [...])
10 SYSTEMPATH/Boot.php(444): CodeIgniter\CLI\Console->run()
11 SYSTEMPATH/Boot.php(166): CodeIgniter\Boot::runCommand(Object(CodeIgniter\CLI\Console))
12 ROOTPATH/spark(87): CodeIgniter\Boot::bootSpark(Object(Config\Paths))
WARNING - 2026-08-31 03:09:51 --> [DEPRECATED] Since fakerphp/faker 1.14: Accessing property "phoneNumber" is deprecated, use "phoneNumber()" instead. in VENDORPATH/symfony/deprecation-contracts/function.php on line 25.
 1 VENDORPATH/symfony/deprecation-contracts/function.php(25): trigger_error('Since fakerphp/faker 1.14: Accessing property "phoneNumber" is deprecated, use "phoneNumber()" instead.', 16384)
 2 VENDORPATH/fakerphp/faker/src/Faker/Generator.php(962): trigger_deprecation('fakerphp/faker', '1.14', 'Accessing property "%s" is deprecated, use "%s()" instead.', 'phoneNumber', 'phoneNumber')
 3 APPPATH/Database/Seeds/ClientSeeder.php(26): Faker\Generator->__get('phoneNumber')
 4 SYSTEMPATH/Database/Seeder.php(155): App\Database\Seeds\ClientSeeder->run()
 5 APPPATH/Database/Seeds/MouvementSeeder.php(25): CodeIgniter\Database\Seeder->call('App\\Database\\Seeds\\ClientSeeder')
 6 SYSTEMPATH/Database/Seeder.php(155): App\Database\Seeds\MouvementSeeder->run()
 7 SYSTEMPATH/Commands/Database/Seed.php(79): CodeIgniter\Database\Seeder->call('App\\Database\\Seeds\\MouvementSeeder')
 8 SYSTEMPATH/CLI/Commands.php(72): CodeIgniter\Commands\Database\Seed->run([])
 9 SYSTEMPATH/CLI/Console.php(47): CodeIgniter\CLI\Commands->run('db:seed', [...])
10 SYSTEMPATH/Boot.php(444): CodeIgniter\CLI\Console->run()
11 SYSTEMPATH/Boot.php(166): CodeIgniter\Boot::runCommand(Object(CodeIgniter\CLI\Console))
12 ROOTPATH/spark(87): CodeIgniter\Boot::bootSpark(Object(Config\Paths))
WARNING - 2026-08-31 03:09:51 --> [DEPRECATED] Since fakerphp/faker 1.14: Accessing property "address" is deprecated, use "address()" instead. in VENDORPATH/symfony/deprecation-contracts/function.php on line 25.
 1 VENDORPATH/symfony/deprecation-contracts/function.php(25): trigger_error('Since fakerphp/faker 1.14: Accessing property "address" is deprecated, use "address()" instead.', 16384)
 2 VENDORPATH/fakerphp/faker/src/Faker/Generator.php(962): trigger_deprecation('fakerphp/faker', '1.14', 'Accessing property "%s" is deprecated, use "%s()" instead.', 'address', 'address')
 3 APPPATH/Database/Seeds/ClientSeeder.php(27): Faker\Generator->__get('address')
 4 SYSTEMPATH/Database/Seeder.php(155): App\Database\Seeds\ClientSeeder->run()
 5 APPPATH/Database/Seeds/MouvementSeeder.php(25): CodeIgniter\Database\Seeder->call('App\\Database\\Seeds\\ClientSeeder')
 6 SYSTEMPATH/Database/Seeder.php(155): App\Database\Seeds\MouvementSeeder->run()
 7 SYSTEMPATH/Commands/Database/Seed.php(79): CodeIgniter\Database\Seeder->call('App\\Database\\Seeds\\MouvementSeeder')
 8 SYSTEMPATH/CLI/Commands.php(72): CodeIgniter\Commands\Database\Seed->run([])
 9 SYSTEMPATH/CLI/Console.php(47): CodeIgniter\CLI\Commands->run('db:seed', [...])
10 SYSTEMPATH/Boot.php(444): CodeIgniter\CLI\Console->run()
11 SYSTEMPATH/Boot.php(166): CodeIgniter\Boot::runCommand(Object(CodeIgniter\CLI\Console))
12 ROOTPATH/spark(87): CodeIgniter\Boot::bootSpark(Object(Config\Paths))
WARNING - 2026-08-31 03:09:51 --> [DEPRECATED] Since fakerphp/faker 1.14: Accessing property "company" is deprecated, use "company()" instead. in VENDORPATH/symfony/deprecation-contracts/function.php on line 25.
 1 VENDORPATH/symfony/deprecation-contracts/function.php(25): trigger_error('Since fakerphp/faker 1.14: Accessing property "company" is deprecated, use "company()" instead.', 16384)
 2 VENDORPATH/fakerphp/faker/src/Faker/Generator.php(962): trigger_deprecation('fakerphp/faker', '1.14', 'Accessing property "%s" is deprecated, use "%s()" instead.', 'company', 'company')
 3 APPPATH/Database/Seeds/ClientSeeder.php(18): Faker\Generator->__get('company')
 4 SYSTEMPATH/Database/Seeder.php(155): App\Database\Seeds\ClientSeeder->run()
 5 APPPATH/Database/Seeds/MouvementSeeder.php(25): CodeIgniter\Database\Seeder->call('App\\Database\\Seeds\\ClientSeeder')
 6 SYSTEMPATH/Database/Seeder.php(155): App\Database\Seeds\MouvementSeeder->run()
 7 SYSTEMPATH/Commands/Database/Seed.php(79): CodeIgniter\Database\Seeder->call('App\\Database\\Seeds\\MouvementSeeder')
 8 SYSTEMPATH/CLI/Commands.php(72): CodeIgniter\Commands\Database\Seed->run([])
 9 SYSTEMPATH/CLI/Console.php(47): CodeIgniter\CLI\Commands->run('db:seed', [...])
10 SYSTEMPATH/Boot.php(444): CodeIgniter\CLI\Console->run()
11 SYSTEMPATH/Boot.php(166): CodeIgniter\Boot::runCommand(Object(CodeIgniter\CLI\Console))
12 ROOTPATH/spark(87): CodeIgniter\Boot::bootSpark(Object(Config\Paths))
WARNING - 2026-08-31 03:09:51 --> [DEPRECATED] Since fakerphp/faker 1.14: Accessing property "name" is deprecated, use "name()" instead. in VENDORPATH/symfony/deprecation-contracts/function.php on line 25.
 1 VENDORPATH/symfony/deprecation-contracts/function.php(25): trigger_error('Since fakerphp/faker 1.14: Accessing property "name" is deprecated, use "name()" instead.', 16384)
 2 VENDORPATH/fakerphp/faker/src/Faker/Generator.php(962): trigger_deprecation('fakerphp/faker', '1.14', 'Accessing property "%s" is deprecated, use "%s()" instead.', 'name', 'name')
 3 APPPATH/Database/Seeds/ClientSeeder.php(21): Faker\Generator->__get('name')
 4 SYSTEMPATH/Database/Seeder.php(155): App\Database\Seeds\ClientSeeder->run()
 5 APPPATH/Database/Seeds/MouvementSeeder.php(25): CodeIgniter\Database\Seeder->call('App\\Database\\Seeds\\ClientSeeder')
 6 SYSTEMPATH/Database/Seeder.php(155): App\Database\Seeds\MouvementSeeder->run()
 7 SYSTEMPATH/Commands/Database/Seed.php(79): CodeIgniter\Database\Seeder->call('App\\Database\\Seeds\\MouvementSeeder')
 8 SYSTEMPATH/CLI/Commands.php(72): CodeIgniter\Commands\Database\Seed->run([])
 9 SYSTEMPATH/CLI/Console.php(47): CodeIgniter\CLI\Commands->run('db:seed', [...])
10 SYSTEMPATH/Boot.php(444): CodeIgniter\CLI\Console->run()
11 SYSTEMPATH/Boot.php(166): CodeIgniter\Boot::runCommand(Object(CodeIgniter\CLI\Console))
12 ROOTPATH/spark(87): CodeIgniter\Boot::bootSpark(Object(Config\Paths))
WARNING - 2026-08-31 03:09:51 --> [DEPRECATED] Since fakerphp/faker 1.14: Accessing property "phoneNumber" is deprecated, use "phoneNumber()" instead. in VENDORPATH/symfony/deprecation-contracts/function.php on line 25.
 1 VENDORPATH/symfony/deprecation-contracts/function.php(25): trigger_error('Since fakerphp/faker 1.14: Accessing property "phoneNumber" is deprecated, use "phoneNumber()" instead.', 16384)
 2 VENDORPATH/fakerphp/faker/src/Faker/Generator.php(962): trigger_deprecation('fakerphp/faker', '1.14', 'Accessing property "%s" is deprecated, use "%s()" instead.', 'phoneNumber', 'phoneNumber')
 3 APPPATH/Database/Seeds/ClientSeeder.php(26): Faker\Generator->__get('phoneNumber')
 4 SYSTEMPATH/Database/Seeder.php(155): App\Database\Seeds\ClientSeeder->run()
 5 APPPATH/Database/Seeds/MouvementSeeder.php(25): CodeIgniter\Database\Seeder->call('App\\Database\\Seeds\\ClientSeeder')
 6 SYSTEMPATH/Database/Seeder.php(155): App\Database\Seeds\MouvementSeeder->run()
 7 SYSTEMPATH/Commands/Database/Seed.php(79): CodeIgniter\Database\Seeder->call('App\\Database\\Seeds\\MouvementSeeder')
 8 SYSTEMPATH/CLI/Commands.php(72): CodeIgniter\Commands\Database\Seed->run([])
 9 SYSTEMPATH/CLI/Console.php(47): CodeIgniter\CLI\Commands->run('db:seed', [...])
10 SYSTEMPATH/Boot.php(444): CodeIgniter\CLI\Console->run()
11 SYSTEMPATH/Boot.php(166): CodeIgniter\Boot::runCommand(Object(CodeIgniter\CLI\Console))
12 ROOTPATH/spark(87): CodeIgniter\Boot::bootSpark(Object(Config\Paths))
WARNING - 2026-08-31 03:09:51 --> [DEPRECATED] Since fakerphp/faker 1.14: Accessing property "address" is deprecated, use "address()" instead. in VENDORPATH/symfony/deprecation-contracts/function.php on line 25.
 1 VENDORPATH/symfony/deprecation-contracts/function.php(25): trigger_error('Since fakerphp/faker 1.14: Accessing property "address" is deprecated, use "address()" instead.', 16384)
 2 VENDORPATH/fakerphp/faker/src/Faker/Generator.php(962): trigger_deprecation('fakerphp/faker', '1.14', 'Accessing property "%s" is deprecated, use "%s()" instead.', 'address', 'address')
 3 APPPATH/Database/Seeds/ClientSeeder.php(27): Faker\Generator->__get('address')
 4 SYSTEMPATH/Database/Seeder.php(155): App\Database\Seeds\ClientSeeder->run()
 5 APPPATH/Database/Seeds/MouvementSeeder.php(25): CodeIgniter\Database\Seeder->call('App\\Database\\Seeds\\ClientSeeder')
 6 SYSTEMPATH/Database/Seeder.php(155): App\Database\Seeds\MouvementSeeder->run()
 7 SYSTEMPATH/Commands/Database/Seed.php(79): CodeIgniter\Database\Seeder->call('App\\Database\\Seeds\\MouvementSeeder')
 8 SYSTEMPATH/CLI/Commands.php(72): CodeIgniter\Commands\Database\Seed->run([])
 9 SYSTEMPATH/CLI/Console.php(47): CodeIgniter\CLI\Commands->run('db:seed', [...])
10 SYSTEMPATH/Boot.php(444): CodeIgniter\CLI\Console->run()
11 SYSTEMPATH/Boot.php(166): CodeIgniter\Boot::runCommand(Object(CodeIgniter\CLI\Console))
12 ROOTPATH/spark(87): CodeIgniter\Boot::bootSpark(Object(Config\Paths))
WARNING - 2026-08-31 03:09:51 --> [DEPRECATED] Since fakerphp/faker 1.14: Accessing property "company" is deprecated, use "company()" instead. in VENDORPATH/symfony/deprecation-contracts/function.php on line 25.
 1 VENDORPATH/symfony/deprecation-contracts/function.php(25): trigger_error('Since fakerphp/faker 1.14: Accessing property "company" is deprecated, use "company()" instead.', 16384)
 2 VENDORPATH/fakerphp/faker/src/Faker/Generator.php(962): trigger_deprecation('fakerphp/faker', '1.14', 'Accessing property "%s" is deprecated, use "%s()" instead.', 'company', 'company')
 3 APPPATH/Database/Seeds/ClientSeeder.php(18): Faker\Generator->__get('company')
 4 SYSTEMPATH/Database/Seeder.php(155): App\Database\Seeds\ClientSeeder->run()
 5 APPPATH/Database/Seeds/MouvementSeeder.php(25): CodeIgniter\Database\Seeder->call('App\\Database\\Seeds\\ClientSeeder')
 6 SYSTEMPATH/Database/Seeder.php(155): App\Database\Seeds\MouvementSeeder->run()
 7 SYSTEMPATH/Commands/Database/Seed.php(79): CodeIgniter\Database\Seeder->call('App\\Database\\Seeds\\MouvementSeeder')
 8 SYSTEMPATH/CLI/Commands.php(72): CodeIgniter\Commands\Database\Seed->run([])
 9 SYSTEMPATH/CLI/Console.php(47): CodeIgniter\CLI\Commands->run('db:seed', [...])
10 SYSTEMPATH/Boot.php(444): CodeIgniter\CLI\Console->run()
11 SYSTEMPATH/Boot.php(166): CodeIgniter\Boot::runCommand(Object(CodeIgniter\CLI\Console))
12 ROOTPATH/spark(87): CodeIgniter\Boot::bootSpark(Object(Config\Paths))
WARNING - 2026-08-31 03:09:51 --> [DEPRECATED] Since fakerphp/faker 1.14: Accessing property "phoneNumber" is deprecated, use "phoneNumber()" instead. in VENDORPATH/symfony/deprecation-contracts/function.php on line 25.
 1 VENDORPATH/symfony/deprecation-contracts/function.php(25): trigger_error('Since fakerphp/faker 1.14: Accessing property "phoneNumber" is deprecated, use "phoneNumber()" instead.', 16384)
 2 VENDORPATH/fakerphp/faker/src/Faker/Generator.php(962): trigger_deprecation('fakerphp/faker', '1.14', 'Accessing property "%s" is deprecated, use "%s()" instead.', 'phoneNumber', 'phoneNumber')
 3 APPPATH/Database/Seeds/ClientSeeder.php(26): Faker\Generator->__get('phoneNumber')
 4 SYSTEMPATH/Database/Seeder.php(155): App\Database\Seeds\ClientSeeder->run()
 5 APPPATH/Database/Seeds/MouvementSeeder.php(25): CodeIgniter\Database\Seeder->call('App\\Database\\Seeds\\ClientSeeder')
 6 SYSTEMPATH/Database/Seeder.php(155): App\Database\Seeds\MouvementSeeder->run()
 7 SYSTEMPATH/Commands/Database/Seed.php(79): CodeIgniter\Database\Seeder->call('App\\Database\\Seeds\\MouvementSeeder')
 8 SYSTEMPATH/CLI/Commands.php(72): CodeIgniter\Commands\Database\Seed->run([])
 9 SYSTEMPATH/CLI/Console.php(47): CodeIgniter\CLI\Commands->run('db:seed', [...])
10 SYSTEMPATH/Boot.php(444): CodeIgniter\CLI\Console->run()
11 SYSTEMPATH/Boot.php(166): CodeIgniter\Boot::runCommand(Object(CodeIgniter\CLI\Console))
12 ROOTPATH/spark(87): CodeIgniter\Boot::bootSpark(Object(Config\Paths))
WARNING - 2026-08-31 03:09:51 --> [DEPRECATED] Since fakerphp/faker 1.14: Accessing property "address" is deprecated, use "address()" instead. in VENDORPATH/symfony/deprecation-contracts/function.php on line 25.
 1 VENDORPATH/symfony/deprecation-contracts/function.php(25): trigger_error('Since fakerphp/faker 1.14: Accessing property "address" is deprecated, use "address()" instead.', 16384)
 2 VENDORPATH/fakerphp/faker/src/Faker/Generator.php(962): trigger_deprecation('fakerphp/faker', '1.14', 'Accessing property "%s" is deprecated, use "%s()" instead.', 'address', 'address')
 3 APPPATH/Database/Seeds/ClientSeeder.php(27): Faker\Generator->__get('address')
 4 SYSTEMPATH/Database/Seeder.php(155): App\Database\Seeds\ClientSeeder->run()
 5 APPPATH/Database/Seeds/MouvementSeeder.php(25): CodeIgniter\Database\Seeder->call('App\\Database\\Seeds\\ClientSeeder')
 6 SYSTEMPATH/Database/Seeder.php(155): App\Database\Seeds\MouvementSeeder->run()
 7 SYSTEMPATH/Commands/Database/Seed.php(79): CodeIgniter\Database\Seeder->call('App\\Database\\Seeds\\MouvementSeeder')
 8 SYSTEMPATH/CLI/Commands.php(72): CodeIgniter\Commands\Database\Seed->run([])
 9 SYSTEMPATH/CLI/Console.php(47): CodeIgniter\CLI\Commands->run('db:seed', [...])
10 SYSTEMPATH/Boot.php(444): CodeIgniter\CLI\Console->run()
11 SYSTEMPATH/Boot.php(166): CodeIgniter\Boot::runCommand(Object(CodeIgniter\CLI\Console))
12 ROOTPATH/spark(87): CodeIgniter\Boot::bootSpark(Object(Config\Paths))
WARNING - 2026-08-31 03:09:51 --> [DEPRECATED] Since fakerphp/faker 1.14: Accessing property "company" is deprecated, use "company()" instead. in VENDORPATH/symfony/deprecation-contracts/function.php on line 25.
 1 VENDORPATH/symfony/deprecation-contracts/function.php(25): trigger_error('Since fakerphp/faker 1.14: Accessing property "company" is deprecated, use "company()" instead.', 16384)
 2 VENDORPATH/fakerphp/faker/src/Faker/Generator.php(962): trigger_deprecation('fakerphp/faker', '1.14', 'Accessing property "%s" is deprecated, use "%s()" instead.', 'company', 'company')
 3 APPPATH/Database/Seeds/ClientSeeder.php(18): Faker\Generator->__get('company')
 4 SYSTEMPATH/Database/Seeder.php(155): App\Database\Seeds\ClientSeeder->run()
 5 APPPATH/Database/Seeds/MouvementSeeder.php(25): CodeIgniter\Database\Seeder->call('App\\Database\\Seeds\\ClientSeeder')
 6 SYSTEMPATH/Database/Seeder.php(155): App\Database\Seeds\MouvementSeeder->run()
 7 SYSTEMPATH/Commands/Database/Seed.php(79): CodeIgniter\Database\Seeder->call('App\\Database\\Seeds\\MouvementSeeder')
 8 SYSTEMPATH/CLI/Commands.php(72): CodeIgniter\Commands\Database\Seed->run([])
 9 SYSTEMPATH/CLI/Console.php(47): CodeIgniter\CLI\Commands->run('db:seed', [...])
10 SYSTEMPATH/Boot.php(444): CodeIgniter\CLI\Console->run()
11 SYSTEMPATH/Boot.php(166): CodeIgniter\Boot::runCommand(Object(CodeIgniter\CLI\Console))
12 ROOTPATH/spark(87): CodeIgniter\Boot::bootSpark(Object(Config\Paths))
WARNING - 2026-08-31 03:09:51 --> [DEPRECATED] Since fakerphp/faker 1.14: Accessing property "phoneNumber" is deprecated, use "phoneNumber()" instead. in VENDORPATH/symfony/deprecation-contracts/function.php on line 25.
 1 VENDORPATH/symfony/deprecation-contracts/function.php(25): trigger_error('Since fakerphp/faker 1.14: Accessing property "phoneNumber" is deprecated, use "phoneNumber()" instead.', 16384)
 2 VENDORPATH/fakerphp/faker/src/Faker/Generator.php(962): trigger_deprecation('fakerphp/faker', '1.14', 'Accessing property "%s" is deprecated, use "%s()" instead.', 'phoneNumber', 'phoneNumber')
 3 APPPATH/Database/Seeds/ClientSeeder.php(26): Faker\Generator->__get('phoneNumber')
 4 SYSTEMPATH/Database/Seeder.php(155): App\Database\Seeds\ClientSeeder->run()
 5 APPPATH/Database/Seeds/MouvementSeeder.php(25): CodeIgniter\Database\Seeder->call('App\\Database\\Seeds\\ClientSeeder')
 6 SYSTEMPATH/Database/Seeder.php(155): App\Database\Seeds\MouvementSeeder->run()
 7 SYSTEMPATH/Commands/Database/Seed.php(79): CodeIgniter\Database\Seeder->call('App\\Database\\Seeds\\MouvementSeeder')
 8 SYSTEMPATH/CLI/Commands.php(72): CodeIgniter\Commands\Database\Seed->run([])
 9 SYSTEMPATH/CLI/Console.php(47): CodeIgniter\CLI\Commands->run('db:seed', [...])
10 SYSTEMPATH/Boot.php(444): CodeIgniter\CLI\Console->run()
11 SYSTEMPATH/Boot.php(166): CodeIgniter\Boot::runCommand(Object(CodeIgniter\CLI\Console))
12 ROOTPATH/spark(87): CodeIgniter\Boot::bootSpark(Object(Config\Paths))
WARNING - 2026-08-31 03:09:51 --> [DEPRECATED] Since fakerphp/faker 1.14: Accessing property "address" is deprecated, use "address()" instead. in VENDORPATH/symfony/deprecation-contracts/function.php on line 25.
 1 VENDORPATH/symfony/deprecation-contracts/function.php(25): trigger_error('Since fakerphp/faker 1.14: Accessing property "address" is deprecated, use "address()" instead.', 16384)
 2 VENDORPATH/fakerphp/faker/src/Faker/Generator.php(962): trigger_deprecation('fakerphp/faker', '1.14', 'Accessing property "%s" is deprecated, use "%s()" instead.', 'address', 'address')
 3 APPPATH/Database/Seeds/ClientSeeder.php(27): Faker\Generator->__get('address')
 4 SYSTEMPATH/Database/Seeder.php(155): App\Database\Seeds\ClientSeeder->run()
 5 APPPATH/Database/Seeds/MouvementSeeder.php(25): CodeIgniter\Database\Seeder->call('App\\Database\\Seeds\\ClientSeeder')
 6 SYSTEMPATH/Database/Seeder.php(155): App\Database\Seeds\MouvementSeeder->run()
 7 SYSTEMPATH/Commands/Database/Seed.php(79): CodeIgniter\Database\Seeder->call('App\\Database\\Seeds\\MouvementSeeder')
 8 SYSTEMPATH/CLI/Commands.php(72): CodeIgniter\Commands\Database\Seed->run([])
 9 SYSTEMPATH/CLI/Console.php(47): CodeIgniter\CLI\Commands->run('db:seed', [...])
10 SYSTEMPATH/Boot.php(444): CodeIgniter\CLI\Console->run()
11 SYSTEMPATH/Boot.php(166): CodeIgniter\Boot::runCommand(Object(CodeIgniter\CLI\Console))
12 ROOTPATH/spark(87): CodeIgniter\Boot::bootSpark(Object(Config\Paths))
WARNING - 2026-08-31 03:09:51 --> [DEPRECATED] Since fakerphp/faker 1.14: Accessing property "company" is deprecated, use "company()" instead. in VENDORPATH/symfony/deprecation-contracts/function.php on line 25.
 1 VENDORPATH/symfony/deprecation-contracts/function.php(25): trigger_error('Since fakerphp/faker 1.14: Accessing property "company" is deprecated, use "company()" instead.', 16384)
 2 VENDORPATH/fakerphp/faker/src/Faker/Generator.php(962): trigger_deprecation('fakerphp/faker', '1.14', 'Accessing property "%s" is deprecated, use "%s()" instead.', 'company', 'company')
 3 APPPATH/Database/Seeds/ClientSeeder.php(18): Faker\Generator->__get('company')
 4 SYSTEMPATH/Database/Seeder.php(155): App\Database\Seeds\ClientSeeder->run()
 5 APPPATH/Database/Seeds/MouvementSeeder.php(25): CodeIgniter\Database\Seeder->call('App\\Database\\Seeds\\ClientSeeder')
 6 SYSTEMPATH/Database/Seeder.php(155): App\Database\Seeds\MouvementSeeder->run()
 7 SYSTEMPATH/Commands/Database/Seed.php(79): CodeIgniter\Database\Seeder->call('App\\Database\\Seeds\\MouvementSeeder')
 8 SYSTEMPATH/CLI/Commands.php(72): CodeIgniter\Commands\Database\Seed->run([])
 9 SYSTEMPATH/CLI/Console.php(47): CodeIgniter\CLI\Commands->run('db:seed', [...])
10 SYSTEMPATH/Boot.php(444): CodeIgniter\CLI\Console->run()
11 SYSTEMPATH/Boot.php(166): CodeIgniter\Boot::runCommand(Object(CodeIgniter\CLI\Console))
12 ROOTPATH/spark(87): CodeIgniter\Boot::bootSpark(Object(Config\Paths))
WARNING - 2026-08-31 03:09:51 --> [DEPRECATED] Since fakerphp/faker 1.14: Accessing property "name" is deprecated, use "name()" instead. in VENDORPATH/symfony/deprecation-contracts/function.php on line 25.
 1 VENDORPATH/symfony/deprecation-contracts/function.php(25): trigger_error('Since fakerphp/faker 1.14: Accessing property "name" is deprecated, use "name()" instead.', 16384)
 2 VENDORPATH/fakerphp/faker/src/Faker/Generator.php(962): trigger_deprecation('fakerphp/faker', '1.14', 'Accessing property "%s" is deprecated, use "%s()" instead.', 'name', 'name')
 3 APPPATH/Database/Seeds/ClientSeeder.php(21): Faker\Generator->__get('name')
 4 SYSTEMPATH/Database/Seeder.php(155): App\Database\Seeds\ClientSeeder->run()
 5 APPPATH/Database/Seeds/MouvementSeeder.php(25): CodeIgniter\Database\Seeder->call('App\\Database\\Seeds\\ClientSeeder')
 6 SYSTEMPATH/Database/Seeder.php(155): App\Database\Seeds\MouvementSeeder->run()
 7 SYSTEMPATH/Commands/Database/Seed.php(79): CodeIgniter\Database\Seeder->call('App\\Database\\Seeds\\MouvementSeeder')
 8 SYSTEMPATH/CLI/Commands.php(72): CodeIgniter\Commands\Database\Seed->run([])
 9 SYSTEMPATH/CLI/Console.php(47): CodeIgniter\CLI\Commands->run('db:seed', [...])
10 SYSTEMPATH/Boot.php(444): CodeIgniter\CLI\Console->run()
11 SYSTEMPATH/Boot.php(166): CodeIgniter\Boot::runCommand(Object(CodeIgniter\CLI\Console))
12 ROOTPATH/spark(87): CodeIgniter\Boot::bootSpark(Object(Config\Paths))
WARNING - 2026-08-31 03:09:51 --> [DEPRECATED] Since fakerphp/faker 1.14: Accessing property "phoneNumber" is deprecated, use "phoneNumber()" instead. in VENDORPATH/symfony/deprecation-contracts/function.php on line 25.
 1 VENDORPATH/symfony/deprecation-contracts/function.php(25): trigger_error('Since fakerphp/faker 1.14: Accessing property "phoneNumber" is deprecated, use "phoneNumber()" instead.', 16384)
 2 VENDORPATH/fakerphp/faker/src/Faker/Generator.php(962): trigger_deprecation('fakerphp/faker', '1.14', 'Accessing property "%s" is deprecated, use "%s()" instead.', 'phoneNumber', 'phoneNumber')
 3 APPPATH/Database/Seeds/ClientSeeder.php(26): Faker\Generator->__get('phoneNumber')
 4 SYSTEMPATH/Database/Seeder.php(155): App\Database\Seeds\ClientSeeder->run()
 5 APPPATH/Database/Seeds/MouvementSeeder.php(25): CodeIgniter\Database\Seeder->call('App\\Database\\Seeds\\ClientSeeder')
 6 SYSTEMPATH/Database/Seeder.php(155): App\Database\Seeds\MouvementSeeder->run()
 7 SYSTEMPATH/Commands/Database/Seed.php(79): CodeIgniter\Database\Seeder->call('App\\Database\\Seeds\\MouvementSeeder')
 8 SYSTEMPATH/CLI/Commands.php(72): CodeIgniter\Commands\Database\Seed->run([])
 9 SYSTEMPATH/CLI/Console.php(47): CodeIgniter\CLI\Commands->run('db:seed', [...])
10 SYSTEMPATH/Boot.php(444): CodeIgniter\CLI\Console->run()
11 SYSTEMPATH/Boot.php(166): CodeIgniter\Boot::runCommand(Object(CodeIgniter\CLI\Console))
12 ROOTPATH/spark(87): CodeIgniter\Boot::bootSpark(Object(Config\Paths))
WARNING - 2026-08-31 03:09:51 --> [DEPRECATED] Since fakerphp/faker 1.14: Accessing property "address" is deprecated, use "address()" instead. in VENDORPATH/symfony/deprecation-contracts/function.php on line 25.
 1 VENDORPATH/symfony/deprecation-contracts/function.php(25): trigger_error('Since fakerphp/faker 1.14: Accessing property "address" is deprecated, use "address()" instead.', 16384)
 2 VENDORPATH/fakerphp/faker/src/Faker/Generator.php(962): trigger_deprecation('fakerphp/faker', '1.14', 'Accessing property "%s" is deprecated, use "%s()" instead.', 'address', 'address')
 3 APPPATH/Database/Seeds/ClientSeeder.php(27): Faker\Generator->__get('address')
 4 SYSTEMPATH/Database/Seeder.php(155): App\Database\Seeds\ClientSeeder->run()
 5 APPPATH/Database/Seeds/MouvementSeeder.php(25): CodeIgniter\Database\Seeder->call('App\\Database\\Seeds\\ClientSeeder')
 6 SYSTEMPATH/Database/Seeder.php(155): App\Database\Seeds\MouvementSeeder->run()
 7 SYSTEMPATH/Commands/Database/Seed.php(79): CodeIgniter\Database\Seeder->call('App\\Database\\Seeds\\MouvementSeeder')
 8 SYSTEMPATH/CLI/Commands.php(72): CodeIgniter\Commands\Database\Seed->run([])
 9 SYSTEMPATH/CLI/Console.php(47): CodeIgniter\CLI\Commands->run('db:seed', [...])
10 SYSTEMPATH/Boot.php(444): CodeIgniter\CLI\Console->run()
11 SYSTEMPATH/Boot.php(166): CodeIgniter\Boot::runCommand(Object(CodeIgniter\CLI\Console))
12 ROOTPATH/spark(87): CodeIgniter\Boot::bootSpark(Object(Config\Paths))
WARNING - 2026-08-31 03:09:51 --> [DEPRECATED] Since fakerphp/faker 1.14: Accessing property "company" is deprecated, use "company()" instead. in VENDORPATH/symfony/deprecation-contracts/function.php on line 25.
 1 VENDORPATH/symfony/deprecation-contracts/function.php(25): trigger_error('Since fakerphp/faker 1.14: Accessing property "company" is deprecated, use "company()" instead.', 16384)
 2 VENDORPATH/fakerphp/faker/src/Faker/Generator.php(962): trigger_deprecation('fakerphp/faker', '1.14', 'Accessing property "%s" is deprecated, use "%s()" instead.', 'company', 'company')
 3 APPPATH/Database/Seeds/ClientSeeder.php(18): Faker\Generator->__get('company')
 4 SYSTEMPATH/Database/Seeder.php(155): App\Database\Seeds\ClientSeeder->run()
 5 APPPATH/Database/Seeds/MouvementSeeder.php(25): CodeIgniter\Database\Seeder->call('App\\Database\\Seeds\\ClientSeeder')
 6 SYSTEMPATH/Database/Seeder.php(155): App\Database\Seeds\MouvementSeeder->run()
 7 SYSTEMPATH/Commands/Database/Seed.php(79): CodeIgniter\Database\Seeder->call('App\\Database\\Seeds\\MouvementSeeder')
 8 SYSTEMPATH/CLI/Commands.php(72): CodeIgniter\Commands\Database\Seed->run([])
 9 SYSTEMPATH/CLI/Console.php(47): CodeIgniter\CLI\Commands->run('db:seed', [...])
10 SYSTEMPATH/Boot.php(444): CodeIgniter\CLI\Console->run()
11 SYSTEMPATH/Boot.php(166): CodeIgniter\Boot::runCommand(Object(CodeIgniter\CLI\Console))
12 ROOTPATH/spark(87): CodeIgniter\Boot::bootSpark(Object(Config\Paths))
WARNING - 2026-08-31 03:09:51 --> [DEPRECATED] Since fakerphp/faker 1.14: Accessing property "phoneNumber" is deprecated, use "phoneNumber()" instead. in VENDORPATH/symfony/deprecation-contracts/function.php on line 25.
 1 VENDORPATH/symfony/deprecation-contracts/function.php(25): trigger_error('Since fakerphp/faker 1.14: Accessing property "phoneNumber" is deprecated, use "phoneNumber()" instead.', 16384)
 2 VENDORPATH/fakerphp/faker/src/Faker/Generator.php(962): trigger_deprecation('fakerphp/faker', '1.14', 'Accessing property "%s" is deprecated, use "%s()" instead.', 'phoneNumber', 'phoneNumber')
 3 APPPATH/Database/Seeds/ClientSeeder.php(26): Faker\Generator->__get('phoneNumber')
 4 SYSTEMPATH/Database/Seeder.php(155): App\Database\Seeds\ClientSeeder->run()
 5 APPPATH/Database/Seeds/MouvementSeeder.php(25): CodeIgniter\Database\Seeder->call('App\\Database\\Seeds\\ClientSeeder')
 6 SYSTEMPATH/Database/Seeder.php(155): App\Database\Seeds\MouvementSeeder->run()
 7 SYSTEMPATH/Commands/Database/Seed.php(79): CodeIgniter\Database\Seeder->call('App\\Database\\Seeds\\MouvementSeeder')
 8 SYSTEMPATH/CLI/Commands.php(72): CodeIgniter\Commands\Database\Seed->run([])
 9 SYSTEMPATH/CLI/Console.php(47): CodeIgniter\CLI\Commands->run('db:seed', [...])
10 SYSTEMPATH/Boot.php(444): CodeIgniter\CLI\Console->run()
11 SYSTEMPATH/Boot.php(166): CodeIgniter\Boot::runCommand(Object(CodeIgniter\CLI\Console))
12 ROOTPATH/spark(87): CodeIgniter\Boot::bootSpark(Object(Config\Paths))
WARNING - 2026-08-31 03:09:51 --> [DEPRECATED] Since fakerphp/faker 1.14: Accessing property "address" is deprecated, use "address()" instead. in VENDORPATH/symfony/deprecation-contracts/function.php on line 25.
 1 VENDORPATH/symfony/deprecation-contracts/function.php(25): trigger_error('Since fakerphp/faker 1.14: Accessing property "address" is deprecated, use "address()" instead.', 16384)
 2 VENDORPATH/fakerphp/faker/src/Faker/Generator.php(962): trigger_deprecation('fakerphp/faker', '1.14', 'Accessing property "%s" is deprecated, use "%s()" instead.', 'address', 'address')
 3 APPPATH/Database/Seeds/ClientSeeder.php(27): Faker\Generator->__get('address')
 4 SYSTEMPATH/Database/Seeder.php(155): App\Database\Seeds\ClientSeeder->run()
 5 APPPATH/Database/Seeds/MouvementSeeder.php(25): CodeIgniter\Database\Seeder->call('App\\Database\\Seeds\\ClientSeeder')
 6 SYSTEMPATH/Database/Seeder.php(155): App\Database\Seeds\MouvementSeeder->run()
 7 SYSTEMPATH/Commands/Database/Seed.php(79): CodeIgniter\Database\Seeder->call('App\\Database\\Seeds\\MouvementSeeder')
 8 SYSTEMPATH/CLI/Commands.php(72): CodeIgniter\Commands\Database\Seed->run([])
 9 SYSTEMPATH/CLI/Console.php(47): CodeIgniter\CLI\Commands->run('db:seed', [...])
10 SYSTEMPATH/Boot.php(444): CodeIgniter\CLI\Console->run()
11 SYSTEMPATH/Boot.php(166): CodeIgniter\Boot::runCommand(Object(CodeIgniter\CLI\Console))
12 ROOTPATH/spark(87): CodeIgniter\Boot::bootSpark(Object(Config\Paths))
WARNING - 2026-08-31 03:09:51 --> [DEPRECATED] Since fakerphp/faker 1.14: Accessing property "company" is deprecated, use "company()" instead. in VENDORPATH/symfony/deprecation-contracts/function.php on line 25.
 1 VENDORPATH/symfony/deprecation-contracts/function.php(25): trigger_error('Since fakerphp/faker 1.14: Accessing property "company" is deprecated, use "company()" instead.', 16384)
 2 VENDORPATH/fakerphp/faker/src/Faker/Generator.php(962): trigger_deprecation('fakerphp/faker', '1.14', 'Accessing property "%s" is deprecated, use "%s()" instead.', 'company', 'company')
 3 APPPATH/Database/Seeds/ClientSeeder.php(18): Faker\Generator->__get('company')
 4 SYSTEMPATH/Database/Seeder.php(155): App\Database\Seeds\ClientSeeder->run()
 5 APPPATH/Database/Seeds/MouvementSeeder.php(25): CodeIgniter\Database\Seeder->call('App\\Database\\Seeds\\ClientSeeder')
 6 SYSTEMPATH/Database/Seeder.php(155): App\Database\Seeds\MouvementSeeder->run()
 7 SYSTEMPATH/Commands/Database/Seed.php(79): CodeIgniter\Database\Seeder->call('App\\Database\\Seeds\\MouvementSeeder')
 8 SYSTEMPATH/CLI/Commands.php(72): CodeIgniter\Commands\Database\Seed->run([])
 9 SYSTEMPATH/CLI/Console.php(47): CodeIgniter\CLI\Commands->run('db:seed', [...])
10 SYSTEMPATH/Boot.php(444): CodeIgniter\CLI\Console->run()
11 SYSTEMPATH/Boot.php(166): CodeIgniter\Boot::runCommand(Object(CodeIgniter\CLI\Console))
12 ROOTPATH/spark(87): CodeIgniter\Boot::bootSpark(Object(Config\Paths))
WARNING - 2026-08-31 03:09:51 --> [DEPRECATED] Since fakerphp/faker 1.14: Accessing property "phoneNumber" is deprecated, use "phoneNumber()" instead. in VENDORPATH/symfony/deprecation-contracts/function.php on line 25.
 1 VENDORPATH/symfony/deprecation-contracts/function.php(25): trigger_error('Since fakerphp/faker 1.14: Accessing property "phoneNumber" is deprecated, use "phoneNumber()" instead.', 16384)
 2 VENDORPATH/fakerphp/faker/src/Faker/Generator.php(962): trigger_deprecation('fakerphp/faker', '1.14', 'Accessing property "%s" is deprecated, use "%s()" instead.', 'phoneNumber', 'phoneNumber')
 3 APPPATH/Database/Seeds/ClientSeeder.php(26): Faker\Generator->__get('phoneNumber')
 4 SYSTEMPATH/Database/Seeder.php(155): App\Database\Seeds\ClientSeeder->run()
 5 APPPATH/Database/Seeds/MouvementSeeder.php(25): CodeIgniter\Database\Seeder->call('App\\Database\\Seeds\\ClientSeeder')
 6 SYSTEMPATH/Database/Seeder.php(155): App\Database\Seeds\MouvementSeeder->run()
 7 SYSTEMPATH/Commands/Database/Seed.php(79): CodeIgniter\Database\Seeder->call('App\\Database\\Seeds\\MouvementSeeder')
 8 SYSTEMPATH/CLI/Commands.php(72): CodeIgniter\Commands\Database\Seed->run([])
 9 SYSTEMPATH/CLI/Console.php(47): CodeIgniter\CLI\Commands->run('db:seed', [...])
10 SYSTEMPATH/Boot.php(444): CodeIgniter\CLI\Console->run()
11 SYSTEMPATH/Boot.php(166): CodeIgniter\Boot::runCommand(Object(CodeIgniter\CLI\Console))
12 ROOTPATH/spark(87): CodeIgniter\Boot::bootSpark(Object(Config\Paths))
WARNING - 2026-08-31 03:09:51 --> [DEPRECATED] Since fakerphp/faker 1.14: Accessing property "address" is deprecated, use "address()" instead. in VENDORPATH/symfony/deprecation-contracts/function.php on line 25.
 1 VENDORPATH/symfony/deprecation-contracts/function.php(25): trigger_error('Since fakerphp/faker 1.14: Accessing property "address" is deprecated, use "address()" instead.', 16384)
 2 VENDORPATH/fakerphp/faker/src/Faker/Generator.php(962): trigger_deprecation('fakerphp/faker', '1.14', 'Accessing property "%s" is deprecated, use "%s()" instead.', 'address', 'address')
 3 APPPATH/Database/Seeds/ClientSeeder.php(27): Faker\Generator->__get('address')
 4 SYSTEMPATH/Database/Seeder.php(155): App\Database\Seeds\ClientSeeder->run()
 5 APPPATH/Database/Seeds/MouvementSeeder.php(25): CodeIgniter\Database\Seeder->call('App\\Database\\Seeds\\ClientSeeder')
 6 SYSTEMPATH/Database/Seeder.php(155): App\Database\Seeds\MouvementSeeder->run()
 7 SYSTEMPATH/Commands/Database/Seed.php(79): CodeIgniter\Database\Seeder->call('App\\Database\\Seeds\\MouvementSeeder')
 8 SYSTEMPATH/CLI/Commands.php(72): CodeIgniter\Commands\Database\Seed->run([])
 9 SYSTEMPATH/CLI/Console.php(47): CodeIgniter\CLI\Commands->run('db:seed', [...])
10 SYSTEMPATH/Boot.php(444): CodeIgniter\CLI\Console->run()
11 SYSTEMPATH/Boot.php(166): CodeIgniter\Boot::runCommand(Object(CodeIgniter\CLI\Console))
12 ROOTPATH/spark(87): CodeIgniter\Boot::bootSpark(Object(Config\Paths))
WARNING - 2026-08-31 03:09:51 --> [DEPRECATED] Since fakerphp/faker 1.14: Accessing property "company" is deprecated, use "company()" instead. in VENDORPATH/symfony/deprecation-contracts/function.php on line 25.
 1 VENDORPATH/symfony/deprecation-contracts/function.php(25): trigger_error('Since fakerphp/faker 1.14: Accessing property "company" is deprecated, use "company()" instead.', 16384)
 2 VENDORPATH/fakerphp/faker/src/Faker/Generator.php(962): trigger_deprecation('fakerphp/faker', '1.14', 'Accessing property "%s" is deprecated, use "%s()" instead.', 'company', 'company')
 3 APPPATH/Database/Seeds/ClientSeeder.php(18): Faker\Generator->__get('company')
 4 SYSTEMPATH/Database/Seeder.php(155): App\Database\Seeds\ClientSeeder->run()
 5 APPPATH/Database/Seeds/MouvementSeeder.php(25): CodeIgniter\Database\Seeder->call('App\\Database\\Seeds\\ClientSeeder')
 6 SYSTEMPATH/Database/Seeder.php(155): App\Database\Seeds\MouvementSeeder->run()
 7 SYSTEMPATH/Commands/Database/Seed.php(79): CodeIgniter\Database\Seeder->call('App\\Database\\Seeds\\MouvementSeeder')
 8 SYSTEMPATH/CLI/Commands.php(72): CodeIgniter\Commands\Database\Seed->run([])
 9 SYSTEMPATH/CLI/Console.php(47): CodeIgniter\CLI\Commands->run('db:seed', [...])
10 SYSTEMPATH/Boot.php(444): CodeIgniter\CLI\Console->run()
11 SYSTEMPATH/Boot.php(166): CodeIgniter\Boot::runCommand(Object(CodeIgniter\CLI\Console))
12 ROOTPATH/spark(87): CodeIgniter\Boot::bootSpark(Object(Config\Paths))
WARNING - 2026-08-31 03:09:51 --> [DEPRECATED] Since fakerphp/faker 1.14: Accessing property "name" is deprecated, use "name()" instead. in VENDORPATH/symfony/deprecation-contracts/function.php on line 25.
 1 VENDORPATH/symfony/deprecation-contracts/function.php(25): trigger_error('Since fakerphp/faker 1.14: Accessing property "name" is deprecated, use "name()" instead.', 16384)
 2 VENDORPATH/fakerphp/faker/src/Faker/Generator.php(962): trigger_deprecation('fakerphp/faker', '1.14', 'Accessing property "%s" is deprecated, use "%s()" instead.', 'name', 'name')
 3 APPPATH/Database/Seeds/ClientSeeder.php(21): Faker\Generator->__get('name')
 4 SYSTEMPATH/Database/Seeder.php(155): App\Database\Seeds\ClientSeeder->run()
 5 APPPATH/Database/Seeds/MouvementSeeder.php(25): CodeIgniter\Database\Seeder->call('App\\Database\\Seeds\\ClientSeeder')
 6 SYSTEMPATH/Database/Seeder.php(155): App\Database\Seeds\MouvementSeeder->run()
 7 SYSTEMPATH/Commands/Database/Seed.php(79): CodeIgniter\Database\Seeder->call('App\\Database\\Seeds\\MouvementSeeder')
 8 SYSTEMPATH/CLI/Commands.php(72): CodeIgniter\Commands\Database\Seed->run([])
 9 SYSTEMPATH/CLI/Console.php(47): CodeIgniter\CLI\Commands->run('db:seed', [...])
10 SYSTEMPATH/Boot.php(444): CodeIgniter\CLI\Console->run()
11 SYSTEMPATH/Boot.php(166): CodeIgniter\Boot::runCommand(Object(CodeIgniter\CLI\Console))
12 ROOTPATH/spark(87): CodeIgniter\Boot::bootSpark(Object(Config\Paths))
WARNING - 2026-08-31 03:09:51 --> [DEPRECATED] Since fakerphp/faker 1.14: Accessing property "phoneNumber" is deprecated, use "phoneNumber()" instead. in VENDORPATH/symfony/deprecation-contracts/function.php on line 25.
 1 VENDORPATH/symfony/deprecation-contracts/function.php(25): trigger_error('Since fakerphp/faker 1.14: Accessing property "phoneNumber" is deprecated, use "phoneNumber()" instead.', 16384)
 2 VENDORPATH/fakerphp/faker/src/Faker/Generator.php(962): trigger_deprecation('fakerphp/faker', '1.14', 'Accessing property "%s" is deprecated, use "%s()" instead.', 'phoneNumber', 'phoneNumber')
 3 APPPATH/Database/Seeds/ClientSeeder.php(26): Faker\Generator->__get('phoneNumber')
 4 SYSTEMPATH/Database/Seeder.php(155): App\Database\Seeds\ClientSeeder->run()
 5 APPPATH/Database/Seeds/MouvementSeeder.php(25): CodeIgniter\Database\Seeder->call('App\\Database\\Seeds\\ClientSeeder')
 6 SYSTEMPATH/Database/Seeder.php(155): App\Database\Seeds\MouvementSeeder->run()
 7 SYSTEMPATH/Commands/Database/Seed.php(79): CodeIgniter\Database\Seeder->call('App\\Database\\Seeds\\MouvementSeeder')
 8 SYSTEMPATH/CLI/Commands.php(72): CodeIgniter\Commands\Database\Seed->run([])
 9 SYSTEMPATH/CLI/Console.php(47): CodeIgniter\CLI\Commands->run('db:seed', [...])
10 SYSTEMPATH/Boot.php(444): CodeIgniter\CLI\Console->run()
11 SYSTEMPATH/Boot.php(166): CodeIgniter\Boot::runCommand(Object(CodeIgniter\CLI\Console))
12 ROOTPATH/spark(87): CodeIgniter\Boot::bootSpark(Object(Config\Paths))
WARNING - 2026-08-31 03:09:51 --> [DEPRECATED] Since fakerphp/faker 1.14: Accessing property "address" is deprecated, use "address()" instead. in VENDORPATH/symfony/deprecation-contracts/function.php on line 25.
 1 VENDORPATH/symfony/deprecation-contracts/function.php(25): trigger_error('Since fakerphp/faker 1.14: Accessing property "address" is deprecated, use "address()" instead.', 16384)
 2 VENDORPATH/fakerphp/faker/src/Faker/Generator.php(962): trigger_deprecation('fakerphp/faker', '1.14', 'Accessing property "%s" is deprecated, use "%s()" instead.', 'address', 'address')
 3 APPPATH/Database/Seeds/ClientSeeder.php(27): Faker\Generator->__get('address')
 4 SYSTEMPATH/Database/Seeder.php(155): App\Database\Seeds\ClientSeeder->run()
 5 APPPATH/Database/Seeds/MouvementSeeder.php(25): CodeIgniter\Database\Seeder->call('App\\Database\\Seeds\\ClientSeeder')
 6 SYSTEMPATH/Database/Seeder.php(155): App\Database\Seeds\MouvementSeeder->run()
 7 SYSTEMPATH/Commands/Database/Seed.php(79): CodeIgniter\Database\Seeder->call('App\\Database\\Seeds\\MouvementSeeder')
 8 SYSTEMPATH/CLI/Commands.php(72): CodeIgniter\Commands\Database\Seed->run([])
 9 SYSTEMPATH/CLI/Console.php(47): CodeIgniter\CLI\Commands->run('db:seed', [...])
10 SYSTEMPATH/Boot.php(444): CodeIgniter\CLI\Console->run()
11 SYSTEMPATH/Boot.php(166): CodeIgniter\Boot::runCommand(Object(CodeIgniter\CLI\Console))
12 ROOTPATH/spark(87): CodeIgniter\Boot::bootSpark(Object(Config\Paths))
WARNING - 2026-08-31 03:09:51 --> [DEPRECATED] Since fakerphp/faker 1.14: Accessing property "company" is deprecated, use "company()" instead. in VENDORPATH/symfony/deprecation-contracts/function.php on line 25.
 1 VENDORPATH/symfony/deprecation-contracts/function.php(25): trigger_error('Since fakerphp/faker 1.14: Accessing property "company" is deprecated, use "company()" instead.', 16384)
 2 VENDORPATH/fakerphp/faker/src/Faker/Generator.php(962): trigger_deprecation('fakerphp/faker', '1.14', 'Accessing property "%s" is deprecated, use "%s()" instead.', 'company', 'company')
 3 APPPATH/Database/Seeds/ClientSeeder.php(18): Faker\Generator->__get('company')
 4 SYSTEMPATH/Database/Seeder.php(155): App\Database\Seeds\ClientSeeder->run()
 5 APPPATH/Database/Seeds/MouvementSeeder.php(25): CodeIgniter\Database\Seeder->call('App\\Database\\Seeds\\ClientSeeder')
 6 SYSTEMPATH/Database/Seeder.php(155): App\Database\Seeds\MouvementSeeder->run()
 7 SYSTEMPATH/Commands/Database/Seed.php(79): CodeIgniter\Database\Seeder->call('App\\Database\\Seeds\\MouvementSeeder')
 8 SYSTEMPATH/CLI/Commands.php(72): CodeIgniter\Commands\Database\Seed->run([])
 9 SYSTEMPATH/CLI/Console.php(47): CodeIgniter\CLI\Commands->run('db:seed', [...])
10 SYSTEMPATH/Boot.php(444): CodeIgniter\CLI\Console->run()
11 SYSTEMPATH/Boot.php(166): CodeIgniter\Boot::runCommand(Object(CodeIgniter\CLI\Console))
12 ROOTPATH/spark(87): CodeIgniter\Boot::bootSpark(Object(Config\Paths))
WARNING - 2026-08-31 03:09:51 --> [DEPRECATED] Since fakerphp/faker 1.14: Accessing property "phoneNumber" is deprecated, use "phoneNumber()" instead. in VENDORPATH/symfony/deprecation-contracts/function.php on line 25.
 1 VENDORPATH/symfony/deprecation-contracts/function.php(25): trigger_error('Since fakerphp/faker 1.14: Accessing property "phoneNumber" is deprecated, use "phoneNumber()" instead.', 16384)
 2 VENDORPATH/fakerphp/faker/src/Faker/Generator.php(962): trigger_deprecation('fakerphp/faker', '1.14', 'Accessing property "%s" is deprecated, use "%s()" instead.', 'phoneNumber', 'phoneNumber')
 3 APPPATH/Database/Seeds/ClientSeeder.php(26): Faker\Generator->__get('phoneNumber')
 4 SYSTEMPATH/Database/Seeder.php(155): App\Database\Seeds\ClientSeeder->run()
 5 APPPATH/Database/Seeds/MouvementSeeder.php(25): CodeIgniter\Database\Seeder->call('App\\Database\\Seeds\\ClientSeeder')
 6 SYSTEMPATH/Database/Seeder.php(155): App\Database\Seeds\MouvementSeeder->run()
 7 SYSTEMPATH/Commands/Database/Seed.php(79): CodeIgniter\Database\Seeder->call('App\\Database\\Seeds\\MouvementSeeder')
 8 SYSTEMPATH/CLI/Commands.php(72): CodeIgniter\Commands\Database\Seed->run([])
 9 SYSTEMPATH/CLI/Console.php(47): CodeIgniter\CLI\Commands->run('db:seed', [...])
10 SYSTEMPATH/Boot.php(444): CodeIgniter\CLI\Console->run()
11 SYSTEMPATH/Boot.php(166): CodeIgniter\Boot::runCommand(Object(CodeIgniter\CLI\Console))
12 ROOTPATH/spark(87): CodeIgniter\Boot::bootSpark(Object(Config\Paths))
WARNING - 2026-08-31 03:09:51 --> [DEPRECATED] Since fakerphp/faker 1.14: Accessing property "address" is deprecated, use "address()" instead. in VENDORPATH/symfony/deprecation-contracts/function.php on line 25.
 1 VENDORPATH/symfony/deprecation-contracts/function.php(25): trigger_error('Since fakerphp/faker 1.14: Accessing property "address" is deprecated, use "address()" instead.', 16384)
 2 VENDORPATH/fakerphp/faker/src/Faker/Generator.php(962): trigger_deprecation('fakerphp/faker', '1.14', 'Accessing property "%s" is deprecated, use "%s()" instead.', 'address', 'address')
 3 APPPATH/Database/Seeds/ClientSeeder.php(27): Faker\Generator->__get('address')
 4 SYSTEMPATH/Database/Seeder.php(155): App\Database\Seeds\ClientSeeder->run()
 5 APPPATH/Database/Seeds/MouvementSeeder.php(25): CodeIgniter\Database\Seeder->call('App\\Database\\Seeds\\ClientSeeder')
 6 SYSTEMPATH/Database/Seeder.php(155): App\Database\Seeds\MouvementSeeder->run()
 7 SYSTEMPATH/Commands/Database/Seed.php(79): CodeIgniter\Database\Seeder->call('App\\Database\\Seeds\\MouvementSeeder')
 8 SYSTEMPATH/CLI/Commands.php(72): CodeIgniter\Commands\Database\Seed->run([])
 9 SYSTEMPATH/CLI/Console.php(47): CodeIgniter\CLI\Commands->run('db:seed', [...])
10 SYSTEMPATH/Boot.php(444): CodeIgniter\CLI\Console->run()
11 SYSTEMPATH/Boot.php(166): CodeIgniter\Boot::runCommand(Object(CodeIgniter\CLI\Console))
12 ROOTPATH/spark(87): CodeIgniter\Boot::bootSpark(Object(Config\Paths))
WARNING - 2026-08-31 03:09:51 --> [DEPRECATED] Since fakerphp/faker 1.14: Accessing property "company" is deprecated, use "company()" instead. in VENDORPATH/symfony/deprecation-contracts/function.php on line 25.
 1 VENDORPATH/symfony/deprecation-contracts/function.php(25): trigger_error('Since fakerphp/faker 1.14: Accessing property "company" is deprecated, use "company()" instead.', 16384)
 2 VENDORPATH/fakerphp/faker/src/Faker/Generator.php(962): trigger_deprecation('fakerphp/faker', '1.14', 'Accessing property "%s" is deprecated, use "%s()" instead.', 'company', 'company')
 3 APPPATH/Database/Seeds/ClientSeeder.php(18): Faker\Generator->__get('company')
 4 SYSTEMPATH/Database/Seeder.php(155): App\Database\Seeds\ClientSeeder->run()
 5 APPPATH/Database/Seeds/MouvementSeeder.php(25): CodeIgniter\Database\Seeder->call('App\\Database\\Seeds\\ClientSeeder')
 6 SYSTEMPATH/Database/Seeder.php(155): App\Database\Seeds\MouvementSeeder->run()
 7 SYSTEMPATH/Commands/Database/Seed.php(79): CodeIgniter\Database\Seeder->call('App\\Database\\Seeds\\MouvementSeeder')
 8 SYSTEMPATH/CLI/Commands.php(72): CodeIgniter\Commands\Database\Seed->run([])
 9 SYSTEMPATH/CLI/Console.php(47): CodeIgniter\CLI\Commands->run('db:seed', [...])
10 SYSTEMPATH/Boot.php(444): CodeIgniter\CLI\Console->run()
11 SYSTEMPATH/Boot.php(166): CodeIgniter\Boot::runCommand(Object(CodeIgniter\CLI\Console))
12 ROOTPATH/spark(87): CodeIgniter\Boot::bootSpark(Object(Config\Paths))
WARNING - 2026-08-31 03:09:51 --> [DEPRECATED] Since fakerphp/faker 1.14: Accessing property "phoneNumber" is deprecated, use "phoneNumber()" instead. in VENDORPATH/symfony/deprecation-contracts/function.php on line 25.
 1 VENDORPATH/symfony/deprecation-contracts/function.php(25): trigger_error('Since fakerphp/faker 1.14: Accessing property "phoneNumber" is deprecated, use "phoneNumber()" instead.', 16384)
 2 VENDORPATH/fakerphp/faker/src/Faker/Generator.php(962): trigger_deprecation('fakerphp/faker', '1.14', 'Accessing property "%s" is deprecated, use "%s()" instead.', 'phoneNumber', 'phoneNumber')
 3 APPPATH/Database/Seeds/ClientSeeder.php(26): Faker\Generator->__get('phoneNumber')
 4 SYSTEMPATH/Database/Seeder.php(155): App\Database\Seeds\ClientSeeder->run()
 5 APPPATH/Database/Seeds/MouvementSeeder.php(25): CodeIgniter\Database\Seeder->call('App\\Database\\Seeds\\ClientSeeder')
 6 SYSTEMPATH/Database/Seeder.php(155): App\Database\Seeds\MouvementSeeder->run()
 7 SYSTEMPATH/Commands/Database/Seed.php(79): CodeIgniter\Database\Seeder->call('App\\Database\\Seeds\\MouvementSeeder')
 8 SYSTEMPATH/CLI/Commands.php(72): CodeIgniter\Commands\Database\Seed->run([])
 9 SYSTEMPATH/CLI/Console.php(47): CodeIgniter\CLI\Commands->run('db:seed', [...])
10 SYSTEMPATH/Boot.php(444): CodeIgniter\CLI\Console->run()
11 SYSTEMPATH/Boot.php(166): CodeIgniter\Boot::runCommand(Object(CodeIgniter\CLI\Console))
12 ROOTPATH/spark(87): CodeIgniter\Boot::bootSpark(Object(Config\Paths))
WARNING - 2026-08-31 03:09:51 --> [DEPRECATED] Since fakerphp/faker 1.14: Accessing property "address" is deprecated, use "address()" instead. in VENDORPATH/symfony/deprecation-contracts/function.php on line 25.
 1 VENDORPATH/symfony/deprecation-contracts/function.php(25): trigger_error('Since fakerphp/faker 1.14: Accessing property "address" is deprecated, use "address()" instead.', 16384)
 2 VENDORPATH/fakerphp/faker/src/Faker/Generator.php(962): trigger_deprecation('fakerphp/faker', '1.14', 'Accessing property "%s" is deprecated, use "%s()" instead.', 'address', 'address')
 3 APPPATH/Database/Seeds/ClientSeeder.php(27): Faker\Generator->__get('address')
 4 SYSTEMPATH/Database/Seeder.php(155): App\Database\Seeds\ClientSeeder->run()
 5 APPPATH/Database/Seeds/MouvementSeeder.php(25): CodeIgniter\Database\Seeder->call('App\\Database\\Seeds\\ClientSeeder')
 6 SYSTEMPATH/Database/Seeder.php(155): App\Database\Seeds\MouvementSeeder->run()
 7 SYSTEMPATH/Commands/Database/Seed.php(79): CodeIgniter\Database\Seeder->call('App\\Database\\Seeds\\MouvementSeeder')
 8 SYSTEMPATH/CLI/Commands.php(72): CodeIgniter\Commands\Database\Seed->run([])
 9 SYSTEMPATH/CLI/Console.php(47): CodeIgniter\CLI\Commands->run('db:seed', [...])
10 SYSTEMPATH/Boot.php(444): CodeIgniter\CLI\Console->run()
11 SYSTEMPATH/Boot.php(166): CodeIgniter\Boot::runCommand(Object(CodeIgniter\CLI\Console))
12 ROOTPATH/spark(87): CodeIgniter\Boot::bootSpark(Object(Config\Paths))
WARNING - 2026-08-31 03:09:51 --> [DEPRECATED] Since fakerphp/faker 1.14: Accessing property "company" is deprecated, use "company()" instead. in VENDORPATH/symfony/deprecation-contracts/function.php on line 25.
 1 VENDORPATH/symfony/deprecation-contracts/function.php(25): trigger_error('Since fakerphp/faker 1.14: Accessing property "company" is deprecated, use "company()" instead.', 16384)
 2 VENDORPATH/fakerphp/faker/src/Faker/Generator.php(962): trigger_deprecation('fakerphp/faker', '1.14', 'Accessing property "%s" is deprecated, use "%s()" instead.', 'company', 'company')
 3 APPPATH/Database/Seeds/ClientSeeder.php(18): Faker\Generator->__get('company')
 4 SYSTEMPATH/Database/Seeder.php(155): App\Database\Seeds\ClientSeeder->run()
 5 APPPATH/Database/Seeds/MouvementSeeder.php(25): CodeIgniter\Database\Seeder->call('App\\Database\\Seeds\\ClientSeeder')
 6 SYSTEMPATH/Database/Seeder.php(155): App\Database\Seeds\MouvementSeeder->run()
 7 SYSTEMPATH/Commands/Database/Seed.php(79): CodeIgniter\Database\Seeder->call('App\\Database\\Seeds\\MouvementSeeder')
 8 SYSTEMPATH/CLI/Commands.php(72): CodeIgniter\Commands\Database\Seed->run([])
 9 SYSTEMPATH/CLI/Console.php(47): CodeIgniter\CLI\Commands->run('db:seed', [...])
10 SYSTEMPATH/Boot.php(444): CodeIgniter\CLI\Console->run()
11 SYSTEMPATH/Boot.php(166): CodeIgniter\Boot::runCommand(Object(CodeIgniter\CLI\Console))
12 ROOTPATH/spark(87): CodeIgniter\Boot::bootSpark(Object(Config\Paths))
WARNING - 2026-08-31 03:09:51 --> [DEPRECATED] Since fakerphp/faker 1.14: Accessing property "name" is deprecated, use "name()" instead. in VENDORPATH/symfony/deprecation-contracts/function.php on line 25.
 1 VENDORPATH/symfony/deprecation-contracts/function.php(25): trigger_error('Since fakerphp/faker 1.14: Accessing property "name" is deprecated, use "name()" instead.', 16384)
 2 VENDORPATH/fakerphp/faker/src/Faker/Generator.php(962): trigger_deprecation('fakerphp/faker', '1.14', 'Accessing property "%s" is deprecated, use "%s()" instead.', 'name', 'name')
 3 APPPATH/Database/Seeds/ClientSeeder.php(21): Faker\Generator->__get('name')
 4 SYSTEMPATH/Database/Seeder.php(155): App\Database\Seeds\ClientSeeder->run()
 5 APPPATH/Database/Seeds/MouvementSeeder.php(25): CodeIgniter\Database\Seeder->call('App\\Database\\Seeds\\ClientSeeder')
 6 SYSTEMPATH/Database/Seeder.php(155): App\Database\Seeds\MouvementSeeder->run()
 7 SYSTEMPATH/Commands/Database/Seed.php(79): CodeIgniter\Database\Seeder->call('App\\Database\\Seeds\\MouvementSeeder')
 8 SYSTEMPATH/CLI/Commands.php(72): CodeIgniter\Commands\Database\Seed->run([])
 9 SYSTEMPATH/CLI/Console.php(47): CodeIgniter\CLI\Commands->run('db:seed', [...])
10 SYSTEMPATH/Boot.php(444): CodeIgniter\CLI\Console->run()
11 SYSTEMPATH/Boot.php(166): CodeIgniter\Boot::runCommand(Object(CodeIgniter\CLI\Console))
12 ROOTPATH/spark(87): CodeIgniter\Boot::bootSpark(Object(Config\Paths))
WARNING - 2026-08-31 03:09:51 --> [DEPRECATED] Since fakerphp/faker 1.14: Accessing property "phoneNumber" is deprecated, use "phoneNumber()" instead. in VENDORPATH/symfony/deprecation-contracts/function.php on line 25.
 1 VENDORPATH/symfony/deprecation-contracts/function.php(25): trigger_error('Since fakerphp/faker 1.14: Accessing property "phoneNumber" is deprecated, use "phoneNumber()" instead.', 16384)
 2 VENDORPATH/fakerphp/faker/src/Faker/Generator.php(962): trigger_deprecation('fakerphp/faker', '1.14', 'Accessing property "%s" is deprecated, use "%s()" instead.', 'phoneNumber', 'phoneNumber')
 3 APPPATH/Database/Seeds/ClientSeeder.php(26): Faker\Generator->__get('phoneNumber')
 4 SYSTEMPATH/Database/Seeder.php(155): App\Database\Seeds\ClientSeeder->run()
 5 APPPATH/Database/Seeds/MouvementSeeder.php(25): CodeIgniter\Database\Seeder->call('App\\Database\\Seeds\\ClientSeeder')
 6 SYSTEMPATH/Database/Seeder.php(155): App\Database\Seeds\MouvementSeeder->run()
 7 SYSTEMPATH/Commands/Database/Seed.php(79): CodeIgniter\Database\Seeder->call('App\\Database\\Seeds\\MouvementSeeder')
 8 SYSTEMPATH/CLI/Commands.php(72): CodeIgniter\Commands\Database\Seed->run([])
 9 SYSTEMPATH/CLI/Console.php(47): CodeIgniter\CLI\Commands->run('db:seed', [...])
10 SYSTEMPATH/Boot.php(444): CodeIgniter\CLI\Console->run()
11 SYSTEMPATH/Boot.php(166): CodeIgniter\Boot::runCommand(Object(CodeIgniter\CLI\Console))
12 ROOTPATH/spark(87): CodeIgniter\Boot::bootSpark(Object(Config\Paths))
WARNING - 2026-08-31 03:09:51 --> [DEPRECATED] Since fakerphp/faker 1.14: Accessing property "address" is deprecated, use "address()" instead. in VENDORPATH/symfony/deprecation-contracts/function.php on line 25.
 1 VENDORPATH/symfony/deprecation-contracts/function.php(25): trigger_error('Since fakerphp/faker 1.14: Accessing property "address" is deprecated, use "address()" instead.', 16384)
 2 VENDORPATH/fakerphp/faker/src/Faker/Generator.php(962): trigger_deprecation('fakerphp/faker', '1.14', 'Accessing property "%s" is deprecated, use "%s()" instead.', 'address', 'address')
 3 APPPATH/Database/Seeds/ClientSeeder.php(27): Faker\Generator->__get('address')
 4 SYSTEMPATH/Database/Seeder.php(155): App\Database\Seeds\ClientSeeder->run()
 5 APPPATH/Database/Seeds/MouvementSeeder.php(25): CodeIgniter\Database\Seeder->call('App\\Database\\Seeds\\ClientSeeder')
 6 SYSTEMPATH/Database/Seeder.php(155): App\Database\Seeds\MouvementSeeder->run()
 7 SYSTEMPATH/Commands/Database/Seed.php(79): CodeIgniter\Database\Seeder->call('App\\Database\\Seeds\\MouvementSeeder')
 8 SYSTEMPATH/CLI/Commands.php(72): CodeIgniter\Commands\Database\Seed->run([])
 9 SYSTEMPATH/CLI/Console.php(47): CodeIgniter\CLI\Commands->run('db:seed', [...])
10 SYSTEMPATH/Boot.php(444): CodeIgniter\CLI\Console->run()
11 SYSTEMPATH/Boot.php(166): CodeIgniter\Boot::runCommand(Object(CodeIgniter\CLI\Console))
12 ROOTPATH/spark(87): CodeIgniter\Boot::bootSpark(Object(Config\Paths))
WARNING - 2026-08-31 03:09:51 --> [DEPRECATED] Since fakerphp/faker 1.14: Accessing property "company" is deprecated, use "company()" instead. in VENDORPATH/symfony/deprecation-contracts/function.php on line 25.
 1 VENDORPATH/symfony/deprecation-contracts/function.php(25): trigger_error('Since fakerphp/faker 1.14: Accessing property "company" is deprecated, use "company()" instead.', 16384)
 2 VENDORPATH/fakerphp/faker/src/Faker/Generator.php(962): trigger_deprecation('fakerphp/faker', '1.14', 'Accessing property "%s" is deprecated, use "%s()" instead.', 'company', 'company')
 3 APPPATH/Database/Seeds/ClientSeeder.php(18): Faker\Generator->__get('company')
 4 SYSTEMPATH/Database/Seeder.php(155): App\Database\Seeds\ClientSeeder->run()
 5 APPPATH/Database/Seeds/MouvementSeeder.php(25): CodeIgniter\Database\Seeder->call('App\\Database\\Seeds\\ClientSeeder')
 6 SYSTEMPATH/Database/Seeder.php(155): App\Database\Seeds\MouvementSeeder->run()
 7 SYSTEMPATH/Commands/Database/Seed.php(79): CodeIgniter\Database\Seeder->call('App\\Database\\Seeds\\MouvementSeeder')
 8 SYSTEMPATH/CLI/Commands.php(72): CodeIgniter\Commands\Database\Seed->run([])
 9 SYSTEMPATH/CLI/Console.php(47): CodeIgniter\CLI\Commands->run('db:seed', [...])
10 SYSTEMPATH/Boot.php(444): CodeIgniter\CLI\Console->run()
11 SYSTEMPATH/Boot.php(166): CodeIgniter\Boot::runCommand(Object(CodeIgniter\CLI\Console))
12 ROOTPATH/spark(87): CodeIgniter\Boot::bootSpark(Object(Config\Paths))
WARNING - 2026-08-31 03:09:51 --> [DEPRECATED] Since fakerphp/faker 1.14: Accessing property "phoneNumber" is deprecated, use "phoneNumber()" instead. in VENDORPATH/symfony/deprecation-contracts/function.php on line 25.
 1 VENDORPATH/symfony/deprecation-contracts/function.php(25): trigger_error('Since fakerphp/faker 1.14: Accessing property "phoneNumber" is deprecated, use "phoneNumber()" instead.', 16384)
 2 VENDORPATH/fakerphp/faker/src/Faker/Generator.php(962): trigger_deprecation('fakerphp/faker', '1.14', 'Accessing property "%s" is deprecated, use "%s()" instead.', 'phoneNumber', 'phoneNumber')
 3 APPPATH/Database/Seeds/ClientSeeder.php(26): Faker\Generator->__get('phoneNumber')
 4 SYSTEMPATH/Database/Seeder.php(155): App\Database\Seeds\ClientSeeder->run()
 5 APPPATH/Database/Seeds/MouvementSeeder.php(25): CodeIgniter\Database\Seeder->call('App\\Database\\Seeds\\ClientSeeder')
 6 SYSTEMPATH/Database/Seeder.php(155): App\Database\Seeds\MouvementSeeder->run()
 7 SYSTEMPATH/Commands/Database/Seed.php(79): CodeIgniter\Database\Seeder->call('App\\Database\\Seeds\\MouvementSeeder')
 8 SYSTEMPATH/CLI/Commands.php(72): CodeIgniter\Commands\Database\Seed->run([])
 9 SYSTEMPATH/CLI/Console.php(47): CodeIgniter\CLI\Commands->run('db:seed', [...])
10 SYSTEMPATH/Boot.php(444): CodeIgniter\CLI\Console->run()
11 SYSTEMPATH/Boot.php(166): CodeIgniter\Boot::runCommand(Object(CodeIgniter\CLI\Console))
12 ROOTPATH/spark(87): CodeIgniter\Boot::bootSpark(Object(Config\Paths))
WARNING - 2026-08-31 03:09:51 --> [DEPRECATED] Since fakerphp/faker 1.14: Accessing property "address" is deprecated, use "address()" instead. in VENDORPATH/symfony/deprecation-contracts/function.php on line 25.
 1 VENDORPATH/symfony/deprecation-contracts/function.php(25): trigger_error('Since fakerphp/faker 1.14: Accessing property "address" is deprecated, use "address()" instead.', 16384)
 2 VENDORPATH/fakerphp/faker/src/Faker/Generator.php(962): trigger_deprecation('fakerphp/faker', '1.14', 'Accessing property "%s" is deprecated, use "%s()" instead.', 'address', 'address')
 3 APPPATH/Database/Seeds/ClientSeeder.php(27): Faker\Generator->__get('address')
 4 SYSTEMPATH/Database/Seeder.php(155): App\Database\Seeds\ClientSeeder->run()
 5 APPPATH/Database/Seeds/MouvementSeeder.php(25): CodeIgniter\Database\Seeder->call('App\\Database\\Seeds\\ClientSeeder')
 6 SYSTEMPATH/Database/Seeder.php(155): App\Database\Seeds\MouvementSeeder->run()
 7 SYSTEMPATH/Commands/Database/Seed.php(79): CodeIgniter\Database\Seeder->call('App\\Database\\Seeds\\MouvementSeeder')
 8 SYSTEMPATH/CLI/Commands.php(72): CodeIgniter\Commands\Database\Seed->run([])
 9 SYSTEMPATH/CLI/Console.php(47): CodeIgniter\CLI\Commands->run('db:seed', [...])
10 SYSTEMPATH/Boot.php(444): CodeIgniter\CLI\Console->run()
11 SYSTEMPATH/Boot.php(166): CodeIgniter\Boot::runCommand(Object(CodeIgniter\CLI\Console))
12 ROOTPATH/spark(87): CodeIgniter\Boot::bootSpark(Object(Config\Paths))
WARNING - 2026-08-31 03:09:51 --> [DEPRECATED] Since fakerphp/faker 1.14: Accessing property "company" is deprecated, use "company()" instead. in VENDORPATH/symfony/deprecation-contracts/function.php on line 25.
 1 VENDORPATH/symfony/deprecation-contracts/function.php(25): trigger_error('Since fakerphp/faker 1.14: Accessing property "company" is deprecated, use "company()" instead.', 16384)
 2 VENDORPATH/fakerphp/faker/src/Faker/Generator.php(962): trigger_deprecation('fakerphp/faker', '1.14', 'Accessing property "%s" is deprecated, use "%s()" instead.', 'company', 'company')
 3 APPPATH/Database/Seeds/ClientSeeder.php(18): Faker\Generator->__get('company')
 4 SYSTEMPATH/Database/Seeder.php(155): App\Database\Seeds\ClientSeeder->run()
 5 APPPATH/Database/Seeds/MouvementSeeder.php(25): CodeIgniter\Database\Seeder->call('App\\Database\\Seeds\\ClientSeeder')
 6 SYSTEMPATH/Database/Seeder.php(155): App\Database\Seeds\MouvementSeeder->run()
 7 SYSTEMPATH/Commands/Database/Seed.php(79): CodeIgniter\Database\Seeder->call('App\\Database\\Seeds\\MouvementSeeder')
 8 SYSTEMPATH/CLI/Commands.php(72): CodeIgniter\Commands\Database\Seed->run([])
 9 SYSTEMPATH/CLI/Console.php(47): CodeIgniter\CLI\Commands->run('db:seed', [...])
10 SYSTEMPATH/Boot.php(444): CodeIgniter\CLI\Console->run()
11 SYSTEMPATH/Boot.php(166): CodeIgniter\Boot::runCommand(Object(CodeIgniter\CLI\Console))
12 ROOTPATH/spark(87): CodeIgniter\Boot::bootSpark(Object(Config\Paths))
WARNING - 2026-08-31 03:09:51 --> [DEPRECATED] Since fakerphp/faker 1.14: Accessing property "phoneNumber" is deprecated, use "phoneNumber()" instead. in VENDORPATH/symfony/deprecation-contracts/function.php on line 25.
 1 VENDORPATH/symfony/deprecation-contracts/function.php(25): trigger_error('Since fakerphp/faker 1.14: Accessing property "phoneNumber" is deprecated, use "phoneNumber()" instead.', 16384)
 2 VENDORPATH/fakerphp/faker/src/Faker/Generator.php(962): trigger_deprecation('fakerphp/faker', '1.14', 'Accessing property "%s" is deprecated, use "%s()" instead.', 'phoneNumber', 'phoneNumber')
 3 APPPATH/Database/Seeds/ClientSeeder.php(26): Faker\Generator->__get('phoneNumber')
 4 SYSTEMPATH/Database/Seeder.php(155): App\Database\Seeds\ClientSeeder->run()
 5 APPPATH/Database/Seeds/MouvementSeeder.php(25): CodeIgniter\Database\Seeder->call('App\\Database\\Seeds\\ClientSeeder')
 6 SYSTEMPATH/Database/Seeder.php(155): App\Database\Seeds\MouvementSeeder->run()
 7 SYSTEMPATH/Commands/Database/Seed.php(79): CodeIgniter\Database\Seeder->call('App\\Database\\Seeds\\MouvementSeeder')
 8 SYSTEMPATH/CLI/Commands.php(72): CodeIgniter\Commands\Database\Seed->run([])
 9 SYSTEMPATH/CLI/Console.php(47): CodeIgniter\CLI\Commands->run('db:seed', [...])
10 SYSTEMPATH/Boot.php(444): CodeIgniter\CLI\Console->run()
11 SYSTEMPATH/Boot.php(166): CodeIgniter\Boot::runCommand(Object(CodeIgniter\CLI\Console))
12 ROOTPATH/spark(87): CodeIgniter\Boot::bootSpark(Object(Config\Paths))
WARNING - 2026-08-31 03:09:51 --> [DEPRECATED] Since fakerphp/faker 1.14: Accessing property "address" is deprecated, use "address()" instead. in VENDORPATH/symfony/deprecation-contracts/function.php on line 25.
 1 VENDORPATH/symfony/deprecation-contracts/function.php(25): trigger_error('Since fakerphp/faker 1.14: Accessing property "address" is deprecated, use "address()" instead.', 16384)
 2 VENDORPATH/fakerphp/faker/src/Faker/Generator.php(962): trigger_deprecation('fakerphp/faker', '1.14', 'Accessing property "%s" is deprecated, use "%s()" instead.', 'address', 'address')
 3 APPPATH/Database/Seeds/ClientSeeder.php(27): Faker\Generator->__get('address')
 4 SYSTEMPATH/Database/Seeder.php(155): App\Database\Seeds\ClientSeeder->run()
 5 APPPATH/Database/Seeds/MouvementSeeder.php(25): CodeIgniter\Database\Seeder->call('App\\Database\\Seeds\\ClientSeeder')
 6 SYSTEMPATH/Database/Seeder.php(155): App\Database\Seeds\MouvementSeeder->run()
 7 SYSTEMPATH/Commands/Database/Seed.php(79): CodeIgniter\Database\Seeder->call('App\\Database\\Seeds\\MouvementSeeder')
 8 SYSTEMPATH/CLI/Commands.php(72): CodeIgniter\Commands\Database\Seed->run([])
 9 SYSTEMPATH/CLI/Console.php(47): CodeIgniter\CLI\Commands->run('db:seed', [...])
10 SYSTEMPATH/Boot.php(444): CodeIgniter\CLI\Console->run()
11 SYSTEMPATH/Boot.php(166): CodeIgniter\Boot::runCommand(Object(CodeIgniter\CLI\Console))
12 ROOTPATH/spark(87): CodeIgniter\Boot::bootSpark(Object(Config\Paths))
WARNING - 2026-08-31 03:09:51 --> [DEPRECATED] Since fakerphp/faker 1.14: Accessing property "company" is deprecated, use "company()" instead. in VENDORPATH/symfony/deprecation-contracts/function.php on line 25.
 1 VENDORPATH/symfony/deprecation-contracts/function.php(25): trigger_error('Since fakerphp/faker 1.14: Accessing property "company" is deprecated, use "company()" instead.', 16384)
 2 VENDORPATH/fakerphp/faker/src/Faker/Generator.php(962): trigger_deprecation('fakerphp/faker', '1.14', 'Accessing property "%s" is deprecated, use "%s()" instead.', 'company', 'company')
 3 APPPATH/Database/Seeds/ClientSeeder.php(18): Faker\Generator->__get('company')
 4 SYSTEMPATH/Database/Seeder.php(155): App\Database\Seeds\ClientSeeder->run()
 5 APPPATH/Database/Seeds/MouvementSeeder.php(25): CodeIgniter\Database\Seeder->call('App\\Database\\Seeds\\ClientSeeder')
 6 SYSTEMPATH/Database/Seeder.php(155): App\Database\Seeds\MouvementSeeder->run()
 7 SYSTEMPATH/Commands/Database/Seed.php(79): CodeIgniter\Database\Seeder->call('App\\Database\\Seeds\\MouvementSeeder')
 8 SYSTEMPATH/CLI/Commands.php(72): CodeIgniter\Commands\Database\Seed->run([])
 9 SYSTEMPATH/CLI/Console.php(47): CodeIgniter\CLI\Commands->run('db:seed', [...])
10 SYSTEMPATH/Boot.php(444): CodeIgniter\CLI\Console->run()
11 SYSTEMPATH/Boot.php(166): CodeIgniter\Boot::runCommand(Object(CodeIgniter\CLI\Console))
12 ROOTPATH/spark(87): CodeIgniter\Boot::bootSpark(Object(Config\Paths))
WARNING - 2026-08-31 03:09:51 --> [DEPRECATED] Since fakerphp/faker 1.14: Accessing property "name" is deprecated, use "name()" instead. in VENDORPATH/symfony/deprecation-contracts/function.php on line 25.
 1 VENDORPATH/symfony/deprecation-contracts/function.php(25): trigger_error('Since fakerphp/faker 1.14: Accessing property "name" is deprecated, use "name()" instead.', 16384)
 2 VENDORPATH/fakerphp/faker/src/Faker/Generator.php(962): trigger_deprecation('fakerphp/faker', '1.14', 'Accessing property "%s" is deprecated, use "%s()" instead.', 'name', 'name')
 3 APPPATH/Database/Seeds/ClientSeeder.php(21): Faker\Generator->__get('name')
 4 SYSTEMPATH/Database/Seeder.php(155): App\Database\Seeds\ClientSeeder->run()
 5 APPPATH/Database/Seeds/MouvementSeeder.php(25): CodeIgniter\Database\Seeder->call('App\\Database\\Seeds\\ClientSeeder')
 6 SYSTEMPATH/Database/Seeder.php(155): App\Database\Seeds\MouvementSeeder->run()
 7 SYSTEMPATH/Commands/Database/Seed.php(79): CodeIgniter\Database\Seeder->call('App\\Database\\Seeds\\MouvementSeeder')
 8 SYSTEMPATH/CLI/Commands.php(72): CodeIgniter\Commands\Database\Seed->run([])
 9 SYSTEMPATH/CLI/Console.php(47): CodeIgniter\CLI\Commands->run('db:seed', [...])
10 SYSTEMPATH/Boot.php(444): CodeIgniter\CLI\Console->run()
11 SYSTEMPATH/Boot.php(166): CodeIgniter\Boot::runCommand(Object(CodeIgniter\CLI\Console))
12 ROOTPATH/spark(87): CodeIgniter\Boot::bootSpark(Object(Config\Paths))
WARNING - 2026-08-31 03:09:51 --> [DEPRECATED] Since fakerphp/faker 1.14: Accessing property "phoneNumber" is deprecated, use "phoneNumber()" instead. in VENDORPATH/symfony/deprecation-contracts/function.php on line 25.
 1 VENDORPATH/symfony/deprecation-contracts/function.php(25): trigger_error('Since fakerphp/faker 1.14: Accessing property "phoneNumber" is deprecated, use "phoneNumber()" instead.', 16384)
 2 VENDORPATH/fakerphp/faker/src/Faker/Generator.php(962): trigger_deprecation('fakerphp/faker', '1.14', 'Accessing property "%s" is deprecated, use "%s()" instead.', 'phoneNumber', 'phoneNumber')
 3 APPPATH/Database/Seeds/ClientSeeder.php(26): Faker\Generator->__get('phoneNumber')
 4 SYSTEMPATH/Database/Seeder.php(155): App\Database\Seeds\ClientSeeder->run()
 5 APPPATH/Database/Seeds/MouvementSeeder.php(25): CodeIgniter\Database\Seeder->call('App\\Database\\Seeds\\ClientSeeder')
 6 SYSTEMPATH/Database/Seeder.php(155): App\Database\Seeds\MouvementSeeder->run()
 7 SYSTEMPATH/Commands/Database/Seed.php(79): CodeIgniter\Database\Seeder->call('App\\Database\\Seeds\\MouvementSeeder')
 8 SYSTEMPATH/CLI/Commands.php(72): CodeIgniter\Commands\Database\Seed->run([])
 9 SYSTEMPATH/CLI/Console.php(47): CodeIgniter\CLI\Commands->run('db:seed', [...])
10 SYSTEMPATH/Boot.php(444): CodeIgniter\CLI\Console->run()
11 SYSTEMPATH/Boot.php(166): CodeIgniter\Boot::runCommand(Object(CodeIgniter\CLI\Console))
12 ROOTPATH/spark(87): CodeIgniter\Boot::bootSpark(Object(Config\Paths))
WARNING - 2026-08-31 03:09:51 --> [DEPRECATED] Since fakerphp/faker 1.14: Accessing property "address" is deprecated, use "address()" instead. in VENDORPATH/symfony/deprecation-contracts/function.php on line 25.
 1 VENDORPATH/symfony/deprecation-contracts/function.php(25): trigger_error('Since fakerphp/faker 1.14: Accessing property "address" is deprecated, use "address()" instead.', 16384)
 2 VENDORPATH/fakerphp/faker/src/Faker/Generator.php(962): trigger_deprecation('fakerphp/faker', '1.14', 'Accessing property "%s" is deprecated, use "%s()" instead.', 'address', 'address')
 3 APPPATH/Database/Seeds/ClientSeeder.php(27): Faker\Generator->__get('address')
 4 SYSTEMPATH/Database/Seeder.php(155): App\Database\Seeds\ClientSeeder->run()
 5 APPPATH/Database/Seeds/MouvementSeeder.php(25): CodeIgniter\Database\Seeder->call('App\\Database\\Seeds\\ClientSeeder')
 6 SYSTEMPATH/Database/Seeder.php(155): App\Database\Seeds\MouvementSeeder->run()
 7 SYSTEMPATH/Commands/Database/Seed.php(79): CodeIgniter\Database\Seeder->call('App\\Database\\Seeds\\MouvementSeeder')
 8 SYSTEMPATH/CLI/Commands.php(72): CodeIgniter\Commands\Database\Seed->run([])
 9 SYSTEMPATH/CLI/Console.php(47): CodeIgniter\CLI\Commands->run('db:seed', [...])
10 SYSTEMPATH/Boot.php(444): CodeIgniter\CLI\Console->run()
11 SYSTEMPATH/Boot.php(166): CodeIgniter\Boot::runCommand(Object(CodeIgniter\CLI\Console))
12 ROOTPATH/spark(87): CodeIgniter\Boot::bootSpark(Object(Config\Paths))
WARNING - 2026-08-31 03:09:51 --> [DEPRECATED] Since fakerphp/faker 1.14: Accessing property "company" is deprecated, use "company()" instead. in VENDORPATH/symfony/deprecation-contracts/function.php on line 25.
 1 VENDORPATH/symfony/deprecation-contracts/function.php(25): trigger_error('Since fakerphp/faker 1.14: Accessing property "company" is deprecated, use "company()" instead.', 16384)
 2 VENDORPATH/fakerphp/faker/src/Faker/Generator.php(962): trigger_deprecation('fakerphp/faker', '1.14', 'Accessing property "%s" is deprecated, use "%s()" instead.', 'company', 'company')
 3 APPPATH/Database/Seeds/ClientSeeder.php(18): Faker\Generator->__get('company')
 4 SYSTEMPATH/Database/Seeder.php(155): App\Database\Seeds\ClientSeeder->run()
 5 SYSTEMPATH/Commands/Database/Seed.php(79): CodeIgniter\Database\Seeder->call('App\\Database\\Seeds\\ClientSeeder')
 6 SYSTEMPATH/CLI/Commands.php(72): CodeIgniter\Commands\Database\Seed->run([])
 7 SYSTEMPATH/CLI/Console.php(47): CodeIgniter\CLI\Commands->run('db:seed', [...])
 8 SYSTEMPATH/Boot.php(444): CodeIgniter\CLI\Console->run()
 9 SYSTEMPATH/Boot.php(166): CodeIgniter\Boot::runCommand(Object(CodeIgniter\CLI\Console))
10 ROOTPATH/spark(87): CodeIgniter\Boot::bootSpark(Object(Config\Paths))
WARNING - 2026-08-31 03:09:51 --> [DEPRECATED] Since fakerphp/faker 1.14: Accessing property "name" is deprecated, use "name()" instead. in VENDORPATH/symfony/deprecation-contracts/function.php on line 25.
 1 VENDORPATH/symfony/deprecation-contracts/function.php(25): trigger_error('Since fakerphp/faker 1.14: Accessing property "name" is deprecated, use "name()" instead.', 16384)
 2 VENDORPATH/fakerphp/faker/src/Faker/Generator.php(962): trigger_deprecation('fakerphp/faker', '1.14', 'Accessing property "%s" is deprecated, use "%s()" instead.', 'name', 'name')
 3 APPPATH/Database/Seeds/ClientSeeder.php(21): Faker\Generator->__get('name')
 4 SYSTEMPATH/Database/Seeder.php(155): App\Database\Seeds\ClientSeeder->run()
 5 SYSTEMPATH/Commands/Database/Seed.php(79): CodeIgniter\Database\Seeder->call('App\\Database\\Seeds\\ClientSeeder')
 6 SYSTEMPATH/CLI/Commands.php(72): CodeIgniter\Commands\Database\Seed->run([])
 7 SYSTEMPATH/CLI/Console.php(47): CodeIgniter\CLI\Commands->run('db:seed', [...])
 8 SYSTEMPATH/Boot.php(444): CodeIgniter\CLI\Console->run()
 9 SYSTEMPATH/Boot.php(166): CodeIgniter\Boot::runCommand(Object(CodeIgniter\CLI\Console))
10 ROOTPATH/spark(87): CodeIgniter\Boot::bootSpark(Object(Config\Paths))
WARNING - 2026-08-31 03:09:51 --> [DEPRECATED] Since fakerphp/faker 1.14: Accessing property "phoneNumber" is deprecated, use "phoneNumber()" instead. in VENDORPATH/symfony/deprecation-contracts/function.php on line 25.
 1 VENDORPATH/symfony/deprecation-contracts/function.php(25): trigger_error('Since fakerphp/faker 1.14: Accessing property "phoneNumber" is deprecated, use "phoneNumber()" instead.', 16384)
 2 VENDORPATH/fakerphp/faker/src/Faker/Generator.php(962): trigger_deprecation('fakerphp/faker', '1.14', 'Accessing property "%s" is deprecated, use "%s()" instead.', 'phoneNumber', 'phoneNumber')
 3 APPPATH/Database/Seeds/ClientSeeder.php(26): Faker\Generator->__get('phoneNumber')
 4 SYSTEMPATH/Database/Seeder.php(155): App\Database\Seeds\ClientSeeder->run()
 5 SYSTEMPATH/Commands/Database/Seed.php(79): CodeIgniter\Database\Seeder->call('App\\Database\\Seeds\\ClientSeeder')
 6 SYSTEMPATH/CLI/Commands.php(72): CodeIgniter\Commands\Database\Seed->run([])
 7 SYSTEMPATH/CLI/Console.php(47): CodeIgniter\CLI\Commands->run('db:seed', [...])
 8 SYSTEMPATH/Boot.php(444): CodeIgniter\CLI\Console->run()
 9 SYSTEMPATH/Boot.php(166): CodeIgniter\Boot::runCommand(Object(CodeIgniter\CLI\Console))
10 ROOTPATH/spark(87): CodeIgniter\Boot::bootSpark(Object(Config\Paths))
WARNING - 2026-08-31 03:09:51 --> [DEPRECATED] Since fakerphp/faker 1.14: Accessing property "address" is deprecated, use "address()" instead. in VENDORPATH/symfony/deprecation-contracts/function.php on line 25.
 1 VENDORPATH/symfony/deprecation-contracts/function.php(25): trigger_error('Since fakerphp/faker 1.14: Accessing property "address" is deprecated, use "address()" instead.', 16384)
 2 VENDORPATH/fakerphp/faker/src/Faker/Generator.php(962): trigger_deprecation('fakerphp/faker', '1.14', 'Accessing property "%s" is deprecated, use "%s()" instead.', 'address', 'address')
 3 APPPATH/Database/Seeds/ClientSeeder.php(27): Faker\Generator->__get('address')
 4 SYSTEMPATH/Database/Seeder.php(155): App\Database\Seeds\ClientSeeder->run()
 5 SYSTEMPATH/Commands/Database/Seed.php(79): CodeIgniter\Database\Seeder->call('App\\Database\\Seeds\\ClientSeeder')
 6 SYSTEMPATH/CLI/Commands.php(72): CodeIgniter\Commands\Database\Seed->run([])
 7 SYSTEMPATH/CLI/Console.php(47): CodeIgniter\CLI\Commands->run('db:seed', [...])
 8 SYSTEMPATH/Boot.php(444): CodeIgniter\CLI\Console->run()
 9 SYSTEMPATH/Boot.php(166): CodeIgniter\Boot::runCommand(Object(CodeIgniter\CLI\Console))
10 ROOTPATH/spark(87): CodeIgniter\Boot::bootSpark(Object(Config\Paths))
WARNING - 2026-08-31 03:09:51 --> [DEPRECATED] Since fakerphp/faker 1.14: Accessing property "company" is deprecated, use "company()" instead. in VENDORPATH/symfony/deprecation-contracts/function.php on line 25.
 1 VENDORPATH/symfony/deprecation-contracts/function.php(25): trigger_error('Since fakerphp/faker 1.14: Accessing property "company" is deprecated, use "company()" instead.', 16384)
 2 VENDORPATH/fakerphp/faker/src/Faker/Generator.php(962): trigger_deprecation('fakerphp/faker', '1.14', 'Accessing property "%s" is deprecated, use "%s()" instead.', 'company', 'company')
 3 APPPATH/Database/Seeds/ClientSeeder.php(18): Faker\Generator->__get('company')
 4 SYSTEMPATH/Database/Seeder.php(155): App\Database\Seeds\ClientSeeder->run()
 5 SYSTEMPATH/Commands/Database/Seed.php(79): CodeIgniter\Database\Seeder->call('App\\Database\\Seeds\\ClientSeeder')
 6 SYSTEMPATH/CLI/Commands.php(72): CodeIgniter\Commands\Database\Seed->run([])
 7 SYSTEMPATH/CLI/Console.php(47): CodeIgniter\CLI\Commands->run('db:seed', [...])
 8 SYSTEMPATH/Boot.php(444): CodeIgniter\CLI\Console->run()
 9 SYSTEMPATH/Boot.php(166): CodeIgniter\Boot::runCommand(Object(CodeIgniter\CLI\Console))
10 ROOTPATH/spark(87): CodeIgniter\Boot::bootSpark(Object(Config\Paths))
WARNING - 2026-08-31 03:09:51 --> [DEPRECATED] Since fakerphp/faker 1.14: Accessing property "phoneNumber" is deprecated, use "phoneNumber()" instead. in VENDORPATH/symfony/deprecation-contracts/function.php on line 25.
 1 VENDORPATH/symfony/deprecation-contracts/function.php(25): trigger_error('Since fakerphp/faker 1.14: Accessing property "phoneNumber" is deprecated, use "phoneNumber()" instead.', 16384)
 2 VENDORPATH/fakerphp/faker/src/Faker/Generator.php(962): trigger_deprecation('fakerphp/faker', '1.14', 'Accessing property "%s" is deprecated, use "%s()" instead.', 'phoneNumber', 'phoneNumber')
 3 APPPATH/Database/Seeds/ClientSeeder.php(26): Faker\Generator->__get('phoneNumber')
 4 SYSTEMPATH/Database/Seeder.php(155): App\Database\Seeds\ClientSeeder->run()
 5 SYSTEMPATH/Commands/Database/Seed.php(79): CodeIgniter\Database\Seeder->call('App\\Database\\Seeds\\ClientSeeder')
 6 SYSTEMPATH/CLI/Commands.php(72): CodeIgniter\Commands\Database\Seed->run([])
 7 SYSTEMPATH/CLI/Console.php(47): CodeIgniter\CLI\Commands->run('db:seed', [...])
 8 SYSTEMPATH/Boot.php(444): CodeIgniter\CLI\Console->run()
 9 SYSTEMPATH/Boot.php(166): CodeIgniter\Boot::runCommand(Object(CodeIgniter\CLI\Console))
10 ROOTPATH/spark(87): CodeIgniter\Boot::bootSpark(Object(Config\Paths))
WARNING - 2026-08-31 03:09:51 --> [DEPRECATED] Since fakerphp/faker 1.14: Accessing property "address" is deprecated, use "address()" instead. in VENDORPATH/symfony/deprecation-contracts/function.php on line 25.
 1 VENDORPATH/symfony/deprecation-contracts/function.php(25): trigger_error('Since fakerphp/faker 1.14: Accessing property "address" is deprecated, use "address()" instead.', 16384)
 2 VENDORPATH/fakerphp/faker/src/Faker/Generator.php(962): trigger_deprecation('fakerphp/faker', '1.14', 'Accessing property "%s" is deprecated, use "%s()" instead.', 'address', 'address')
 3 APPPATH/Database/Seeds/ClientSeeder.php(27): Faker\Generator->__get('address')
 4 SYSTEMPATH/Database/Seeder.php(155): App\Database\Seeds\ClientSeeder->run()
 5 SYSTEMPATH/Commands/Database/Seed.php(79): CodeIgniter\Database\Seeder->call('App\\Database\\Seeds\\ClientSeeder')
 6 SYSTEMPATH/CLI/Commands.php(72): CodeIgniter\Commands\Database\Seed->run([])
 7 SYSTEMPATH/CLI/Console.php(47): CodeIgniter\CLI\Commands->run('db:seed', [...])
 8 SYSTEMPATH/Boot.php(444): CodeIgniter\CLI\Console->run()
 9 SYSTEMPATH/Boot.php(166): CodeIgniter\Boot::runCommand(Object(CodeIgniter\CLI\Console))
10 ROOTPATH/spark(87): CodeIgniter\Boot::bootSpark(Object(Config\Paths))
WARNING - 2026-08-31 03:09:51 --> [DEPRECATED] Since fakerphp/faker 1.14: Accessing property "company" is deprecated, use "company()" instead. in VENDORPATH/symfony/deprecation-contracts/function.php on line 25.
 1 VENDORPATH/symfony/deprecation-contracts/function.php(25): trigger_error('Since fakerphp/faker 1.14: Accessing property "company" is deprecated, use "company()" instead.', 16384)
 2 VENDORPATH/fakerphp/faker/src/Faker/Generator.php(962): trigger_deprecation('fakerphp/faker', '1.14', 'Accessing property "%s" is deprecated, use "%s()" instead.', 'company', 'company')
 3 APPPATH/Database/Seeds/ClientSeeder.php(18): Faker\Generator->__get('company')
 4 SYSTEMPATH/Database/Seeder.php(155): App\Database\Seeds\ClientSeeder->run()
 5 SYSTEMPATH/Commands/Database/Seed.php(79): CodeIgniter\Database\Seeder->call('App\\Database\\Seeds\\ClientSeeder')
 6 SYSTEMPATH/CLI/Commands.php(72): CodeIgniter\Commands\Database\Seed->run([])
 7 SYSTEMPATH/CLI/Console.php(47): CodeIgniter\CLI\Commands->run('db:seed', [...])
 8 SYSTEMPATH/Boot.php(444): CodeIgniter\CLI\Console->run()
 9 SYSTEMPATH/Boot.php(166): CodeIgniter\Boot::runCommand(Object(CodeIgniter\CLI\Console))
10 ROOTPATH/spark(87): CodeIgniter\Boot::bootSpark(Object(Config\Paths))
WARNING - 2026-08-31 03:09:51 --> [DEPRECATED] Since fakerphp/faker 1.14: Accessing property "phoneNumber" is deprecated, use "phoneNumber()" instead. in VENDORPATH/symfony/deprecation-contracts/function.php on line 25.
 1 VENDORPATH/symfony/deprecation-contracts/function.php(25): trigger_error('Since fakerphp/faker 1.14: Accessing property "phoneNumber" is deprecated, use "phoneNumber()" instead.', 16384)
 2 VENDORPATH/fakerphp/faker/src/Faker/Generator.php(962): trigger_deprecation('fakerphp/faker', '1.14', 'Accessing property "%s" is deprecated, use "%s()" instead.', 'phoneNumber', 'phoneNumber')
 3 APPPATH/Database/Seeds/ClientSeeder.php(26): Faker\Generator->__get('phoneNumber')
 4 SYSTEMPATH/Database/Seeder.php(155): App\Database\Seeds\ClientSeeder->run()
 5 SYSTEMPATH/Commands/Database/Seed.php(79): CodeIgniter\Database\Seeder->call('App\\Database\\Seeds\\ClientSeeder')
 6 SYSTEMPATH/CLI/Commands.php(72): CodeIgniter\Commands\Database\Seed->run([])
 7 SYSTEMPATH/CLI/Console.php(47): CodeIgniter\CLI\Commands->run('db:seed', [...])
 8 SYSTEMPATH/Boot.php(444): CodeIgniter\CLI\Console->run()
 9 SYSTEMPATH/Boot.php(166): CodeIgniter\Boot::runCommand(Object(CodeIgniter\CLI\Console))
10 ROOTPATH/spark(87): CodeIgniter\Boot::bootSpark(Object(Config\Paths))
WARNING - 2026-08-31 03:09:51 --> [DEPRECATED] Since fakerphp/faker 1.14: Accessing property "address" is deprecated, use "address()" instead. in VENDORPATH/symfony/deprecation-contracts/function.php on line 25.
 1 VENDORPATH/symfony/deprecation-contracts/function.php(25): trigger_error('Since fakerphp/faker 1.14: Accessing property "address" is deprecated, use "address()" instead.', 16384)
 2 VENDORPATH/fakerphp/faker/src/Faker/Generator.php(962): trigger_deprecation('fakerphp/faker', '1.14', 'Accessing property "%s" is deprecated, use "%s()" instead.', 'address', 'address')
 3 APPPATH/Database/Seeds/ClientSeeder.php(27): Faker\Generator->__get('address')
 4 SYSTEMPATH/Database/Seeder.php(155): App\Database\Seeds\ClientSeeder->run()
 5 SYSTEMPATH/Commands/Database/Seed.php(79): CodeIgniter\Database\Seeder->call('App\\Database\\Seeds\\ClientSeeder')
 6 SYSTEMPATH/CLI/Commands.php(72): CodeIgniter\Commands\Database\Seed->run([])
 7 SYSTEMPATH/CLI/Console.php(47): CodeIgniter\CLI\Commands->run('db:seed', [...])
 8 SYSTEMPATH/Boot.php(444): CodeIgniter\CLI\Console->run()
 9 SYSTEMPATH/Boot.php(166): CodeIgniter\Boot::runCommand(Object(CodeIgniter\CLI\Console))
10 ROOTPATH/spark(87): CodeIgniter\Boot::bootSpark(Object(Config\Paths))
WARNING - 2026-08-31 03:09:51 --> [DEPRECATED] Since fakerphp/faker 1.14: Accessing property "company" is deprecated, use "company()" instead. in VENDORPATH/symfony/deprecation-contracts/function.php on line 25.
 1 VENDORPATH/symfony/deprecation-contracts/function.php(25): trigger_error('Since fakerphp/faker 1.14: Accessing property "company" is deprecated, use "company()" instead.', 16384)
 2 VENDORPATH/fakerphp/faker/src/Faker/Generator.php(962): trigger_deprecation('fakerphp/faker', '1.14', 'Accessing property "%s" is deprecated, use "%s()" instead.', 'company', 'company')
 3 APPPATH/Database/Seeds/ClientSeeder.php(18): Faker\Generator->__get('company')
 4 SYSTEMPATH/Database/Seeder.php(155): App\Database\Seeds\ClientSeeder->run()
 5 SYSTEMPATH/Commands/Database/Seed.php(79): CodeIgniter\Database\Seeder->call('App\\Database\\Seeds\\ClientSeeder')
 6 SYSTEMPATH/CLI/Commands.php(72): CodeIgniter\Commands\Database\Seed->run([])
 7 SYSTEMPATH/CLI/Console.php(47): CodeIgniter\CLI\Commands->run('db:seed', [...])
 8 SYSTEMPATH/Boot.php(444): CodeIgniter\CLI\Console->run()
 9 SYSTEMPATH/Boot.php(166): CodeIgniter\Boot::runCommand(Object(CodeIgniter\CLI\Console))
10 ROOTPATH/spark(87): CodeIgniter\Boot::bootSpark(Object(Config\Paths))
WARNING - 2026-08-31 03:09:51 --> [DEPRECATED] Since fakerphp/faker 1.14: Accessing property "name" is deprecated, use "name()" instead. in VENDORPATH/symfony/deprecation-contracts/function.php on line 25.
 1 VENDORPATH/symfony/deprecation-contracts/function.php(25): trigger_error('Since fakerphp/faker 1.14: Accessing property "name" is deprecated, use "name()" instead.', 16384)
 2 VENDORPATH/fakerphp/faker/src/Faker/Generator.php(962): trigger_deprecation('fakerphp/faker', '1.14', 'Accessing property "%s" is deprecated, use "%s()" instead.', 'name', 'name')
 3 APPPATH/Database/Seeds/ClientSeeder.php(21): Faker\Generator->__get('name')
 4 SYSTEMPATH/Database/Seeder.php(155): App\Database\Seeds\ClientSeeder->run()
 5 SYSTEMPATH/Commands/Database/Seed.php(79): CodeIgniter\Database\Seeder->call('App\\Database\\Seeds\\ClientSeeder')
 6 SYSTEMPATH/CLI/Commands.php(72): CodeIgniter\Commands\Database\Seed->run([])
 7 SYSTEMPATH/CLI/Console.php(47): CodeIgniter\CLI\Commands->run('db:seed', [...])
 8 SYSTEMPATH/Boot.php(444): CodeIgniter\CLI\Console->run()
 9 SYSTEMPATH/Boot.php(166): CodeIgniter\Boot::runCommand(Object(CodeIgniter\CLI\Console))
10 ROOTPATH/spark(87): CodeIgniter\Boot::bootSpark(Object(Config\Paths))
WARNING - 2026-08-31 03:09:51 --> [DEPRECATED] Since fakerphp/faker 1.14: Accessing property "phoneNumber" is deprecated, use "phoneNumber()" instead. in VENDORPATH/symfony/deprecation-contracts/function.php on line 25.
 1 VENDORPATH/symfony/deprecation-contracts/function.php(25): trigger_error('Since fakerphp/faker 1.14: Accessing property "phoneNumber" is deprecated, use "phoneNumber()" instead.', 16384)
 2 VENDORPATH/fakerphp/faker/src/Faker/Generator.php(962): trigger_deprecation('fakerphp/faker', '1.14', 'Accessing property "%s" is deprecated, use "%s()" instead.', 'phoneNumber', 'phoneNumber')
 3 APPPATH/Database/Seeds/ClientSeeder.php(26): Faker\Generator->__get('phoneNumber')
 4 SYSTEMPATH/Database/Seeder.php(155): App\Database\Seeds\ClientSeeder->run()
 5 SYSTEMPATH/Commands/Database/Seed.php(79): CodeIgniter\Database\Seeder->call('App\\Database\\Seeds\\ClientSeeder')
 6 SYSTEMPATH/CLI/Commands.php(72): CodeIgniter\Commands\Database\Seed->run([])
 7 SYSTEMPATH/CLI/Console.php(47): CodeIgniter\CLI\Commands->run('db:seed', [...])
 8 SYSTEMPATH/Boot.php(444): CodeIgniter\CLI\Console->run()
 9 SYSTEMPATH/Boot.php(166): CodeIgniter\Boot::runCommand(Object(CodeIgniter\CLI\Console))
10 ROOTPATH/spark(87): CodeIgniter\Boot::bootSpark(Object(Config\Paths))
WARNING - 2026-08-31 03:09:51 --> [DEPRECATED] Since fakerphp/faker 1.14: Accessing property "address" is deprecated, use "address()" instead. in VENDORPATH/symfony/deprecation-contracts/function.php on line 25.
 1 VENDORPATH/symfony/deprecation-contracts/function.php(25): trigger_error('Since fakerphp/faker 1.14: Accessing property "address" is deprecated, use "address()" instead.', 16384)
 2 VENDORPATH/fakerphp/faker/src/Faker/Generator.php(962): trigger_deprecation('fakerphp/faker', '1.14', 'Accessing property "%s" is deprecated, use "%s()" instead.', 'address', 'address')
 3 APPPATH/Database/Seeds/ClientSeeder.php(27): Faker\Generator->__get('address')
 4 SYSTEMPATH/Database/Seeder.php(155): App\Database\Seeds\ClientSeeder->run()
 5 SYSTEMPATH/Commands/Database/Seed.php(79): CodeIgniter\Database\Seeder->call('App\\Database\\Seeds\\ClientSeeder')
 6 SYSTEMPATH/CLI/Commands.php(72): CodeIgniter\Commands\Database\Seed->run([])
 7 SYSTEMPATH/CLI/Console.php(47): CodeIgniter\CLI\Commands->run('db:seed', [...])
 8 SYSTEMPATH/Boot.php(444): CodeIgniter\CLI\Console->run()
 9 SYSTEMPATH/Boot.php(166): CodeIgniter\Boot::runCommand(Object(CodeIgniter\CLI\Console))
10 ROOTPATH/spark(87): CodeIgniter\Boot::bootSpark(Object(Config\Paths))
WARNING - 2026-08-31 03:09:51 --> [DEPRECATED] Since fakerphp/faker 1.14: Accessing property "company" is deprecated, use "company()" instead. in VENDORPATH/symfony/deprecation-contracts/function.php on line 25.
 1 VENDORPATH/symfony/deprecation-contracts/function.php(25): trigger_error('Since fakerphp/faker 1.14: Accessing property "company" is deprecated, use "company()" instead.', 16384)
 2 VENDORPATH/fakerphp/faker/src/Faker/Generator.php(962): trigger_deprecation('fakerphp/faker', '1.14', 'Accessing property "%s" is deprecated, use "%s()" instead.', 'company', 'company')
 3 APPPATH/Database/Seeds/ClientSeeder.php(18): Faker\Generator->__get('company')
 4 SYSTEMPATH/Database/Seeder.php(155): App\Database\Seeds\ClientSeeder->run()
 5 SYSTEMPATH/Commands/Database/Seed.php(79): CodeIgniter\Database\Seeder->call('App\\Database\\Seeds\\ClientSeeder')
 6 SYSTEMPATH/CLI/Commands.php(72): CodeIgniter\Commands\Database\Seed->run([])
 7 SYSTEMPATH/CLI/Console.php(47): CodeIgniter\CLI\Commands->run('db:seed', [...])
 8 SYSTEMPATH/Boot.php(444): CodeIgniter\CLI\Console->run()
 9 SYSTEMPATH/Boot.php(166): CodeIgniter\Boot::runCommand(Object(CodeIgniter\CLI\Console))
10 ROOTPATH/spark(87): CodeIgniter\Boot::bootSpark(Object(Config\Paths))
WARNING - 2026-08-31 03:09:51 --> [DEPRECATED] Since fakerphp/faker 1.14: Accessing property "phoneNumber" is deprecated, use "phoneNumber()" instead. in VENDORPATH/symfony/deprecation-contracts/function.php on line 25.
 1 VENDORPATH/symfony/deprecation-contracts/function.php(25): trigger_error('Since fakerphp/faker 1.14: Accessing property "phoneNumber" is deprecated, use "phoneNumber()" instead.', 16384)
 2 VENDORPATH/fakerphp/faker/src/Faker/Generator.php(962): trigger_deprecation('fakerphp/faker', '1.14', 'Accessing property "%s" is deprecated, use "%s()" instead.', 'phoneNumber', 'phoneNumber')
 3 APPPATH/Database/Seeds/ClientSeeder.php(26): Faker\Generator->__get('phoneNumber')
 4 SYSTEMPATH/Database/Seeder.php(155): App\Database\Seeds\ClientSeeder->run()
 5 SYSTEMPATH/Commands/Database/Seed.php(79): CodeIgniter\Database\Seeder->call('App\\Database\\Seeds\\ClientSeeder')
 6 SYSTEMPATH/CLI/Commands.php(72): CodeIgniter\Commands\Database\Seed->run([])
 7 SYSTEMPATH/CLI/Console.php(47): CodeIgniter\CLI\Commands->run('db:seed', [...])
 8 SYSTEMPATH/Boot.php(444): CodeIgniter\CLI\Console->run()
 9 SYSTEMPATH/Boot.php(166): CodeIgniter\Boot::runCommand(Object(CodeIgniter\CLI\Console))
10 ROOTPATH/spark(87): CodeIgniter\Boot::bootSpark(Object(Config\Paths))
WARNING - 2026-08-31 03:09:51 --> [DEPRECATED] Since fakerphp/faker 1.14: Accessing property "address" is deprecated, use "address()" instead. in VENDORPATH/symfony/deprecation-contracts/function.php on line 25.
 1 VENDORPATH/symfony/deprecation-contracts/function.php(25): trigger_error('Since fakerphp/faker 1.14: Accessing property "address" is deprecated, use "address()" instead.', 16384)
 2 VENDORPATH/fakerphp/faker/src/Faker/Generator.php(962): trigger_deprecation('fakerphp/faker', '1.14', 'Accessing property "%s" is deprecated, use "%s()" instead.', 'address', 'address')
 3 APPPATH/Database/Seeds/ClientSeeder.php(27): Faker\Generator->__get('address')
 4 SYSTEMPATH/Database/Seeder.php(155): App\Database\Seeds\ClientSeeder->run()
 5 SYSTEMPATH/Commands/Database/Seed.php(79): CodeIgniter\Database\Seeder->call('App\\Database\\Seeds\\ClientSeeder')
 6 SYSTEMPATH/CLI/Commands.php(72): CodeIgniter\Commands\Database\Seed->run([])
 7 SYSTEMPATH/CLI/Console.php(47): CodeIgniter\CLI\Commands->run('db:seed', [...])
 8 SYSTEMPATH/Boot.php(444): CodeIgniter\CLI\Console->run()
 9 SYSTEMPATH/Boot.php(166): CodeIgniter\Boot::runCommand(Object(CodeIgniter\CLI\Console))
10 ROOTPATH/spark(87): CodeIgniter\Boot::bootSpark(Object(Config\Paths))
WARNING - 2026-08-31 03:09:51 --> [DEPRECATED] Since fakerphp/faker 1.14: Accessing property "company" is deprecated, use "company()" instead. in VENDORPATH/symfony/deprecation-contracts/function.php on line 25.
 1 VENDORPATH/symfony/deprecation-contracts/function.php(25): trigger_error('Since fakerphp/faker 1.14: Accessing property "company" is deprecated, use "company()" instead.', 16384)
 2 VENDORPATH/fakerphp/faker/src/Faker/Generator.php(962): trigger_deprecation('fakerphp/faker', '1.14', 'Accessing property "%s" is deprecated, use "%s()" instead.', 'company', 'company')
 3 APPPATH/Database/Seeds/ClientSeeder.php(18): Faker\Generator->__get('company')
 4 SYSTEMPATH/Database/Seeder.php(155): App\Database\Seeds\ClientSeeder->run()
 5 SYSTEMPATH/Commands/Database/Seed.php(79): CodeIgniter\Database\Seeder->call('App\\Database\\Seeds\\ClientSeeder')
 6 SYSTEMPATH/CLI/Commands.php(72): CodeIgniter\Commands\Database\Seed->run([])
 7 SYSTEMPATH/CLI/Console.php(47): CodeIgniter\CLI\Commands->run('db:seed', [...])
 8 SYSTEMPATH/Boot.php(444): CodeIgniter\CLI\Console->run()
 9 SYSTEMPATH/Boot.php(166): CodeIgniter\Boot::runCommand(Object(CodeIgniter\CLI\Console))
10 ROOTPATH/spark(87): CodeIgniter\Boot::bootSpark(Object(Config\Paths))
WARNING - 2026-08-31 03:09:51 --> [DEPRECATED] Since fakerphp/faker 1.14: Accessing property "phoneNumber" is deprecated, use "phoneNumber()" instead. in VENDORPATH/symfony/deprecation-contracts/function.php on line 25.
 1 VENDORPATH/symfony/deprecation-contracts/function.php(25): trigger_error('Since fakerphp/faker 1.14: Accessing property "phoneNumber" is deprecated, use "phoneNumber()" instead.', 16384)
 2 VENDORPATH/fakerphp/faker/src/Faker/Generator.php(962): trigger_deprecation('fakerphp/faker', '1.14', 'Accessing property "%s" is deprecated, use "%s()" instead.', 'phoneNumber', 'phoneNumber')
 3 APPPATH/Database/Seeds/ClientSeeder.php(26): Faker\Generator->__get('phoneNumber')
 4 SYSTEMPATH/Database/Seeder.php(155): App\Database\Seeds\ClientSeeder->run()
 5 SYSTEMPATH/Commands/Database/Seed.php(79): CodeIgniter\Database\Seeder->call('App\\Database\\Seeds\\ClientSeeder')
 6 SYSTEMPATH/CLI/Commands.php(72): CodeIgniter\Commands\Database\Seed->run([])
 7 SYSTEMPATH/CLI/Console.php(47): CodeIgniter\CLI\Commands->run('db:seed', [...])
 8 SYSTEMPATH/Boot.php(444): CodeIgniter\CLI\Console->run()
 9 SYSTEMPATH/Boot.php(166): CodeIgniter\Boot::runCommand(Object(CodeIgniter\CLI\Console))
10 ROOTPATH/spark(87): CodeIgniter\Boot::bootSpark(Object(Config\Paths))
WARNING - 2026-08-31 03:09:51 --> [DEPRECATED] Since fakerphp/faker 1.14: Accessing property "address" is deprecated, use "address()" instead. in VENDORPATH/symfony/deprecation-contracts/function.php on line 25.
 1 VENDORPATH/symfony/deprecation-contracts/function.php(25): trigger_error('Since fakerphp/faker 1.14: Accessing property "address" is deprecated, use "address()" instead.', 16384)
 2 VENDORPATH/fakerphp/faker/src/Faker/Generator.php(962): trigger_deprecation('fakerphp/faker', '1.14', 'Accessing property "%s" is deprecated, use "%s()" instead.', 'address', 'address')
 3 APPPATH/Database/Seeds/ClientSeeder.php(27): Faker\Generator->__get('address')
 4 SYSTEMPATH/Database/Seeder.php(155): App\Database\Seeds\ClientSeeder->run()
 5 SYSTEMPATH/Commands/Database/Seed.php(79): CodeIgniter\Database\Seeder->call('App\\Database\\Seeds\\ClientSeeder')
 6 SYSTEMPATH/CLI/Commands.php(72): CodeIgniter\Commands\Database\Seed->run([])
 7 SYSTEMPATH/CLI/Console.php(47): CodeIgniter\CLI\Commands->run('db:seed', [...])
 8 SYSTEMPATH/Boot.php(444): CodeIgniter\CLI\Console->run()
 9 SYSTEMPATH/Boot.php(166): CodeIgniter\Boot::runCommand(Object(CodeIgniter\CLI\Console))
10 ROOTPATH/spark(87): CodeIgniter\Boot::bootSpark(Object(Config\Paths))
WARNING - 2026-08-31 03:09:51 --> [DEPRECATED] Since fakerphp/faker 1.14: Accessing property "company" is deprecated, use "company()" instead. in VENDORPATH/symfony/deprecation-contracts/function.php on line 25.
 1 VENDORPATH/symfony/deprecation-contracts/function.php(25): trigger_error('Since fakerphp/faker 1.14: Accessing property "company" is deprecated, use "company()" instead.', 16384)
 2 VENDORPATH/fakerphp/faker/src/Faker/Generator.php(962): trigger_deprecation('fakerphp/faker', '1.14', 'Accessing property "%s" is deprecated, use "%s()" instead.', 'company', 'company')
 3 APPPATH/Database/Seeds/ClientSeeder.php(18): Faker\Generator->__get('company')
 4 SYSTEMPATH/Database/Seeder.php(155): App\Database\Seeds\ClientSeeder->run()
 5 SYSTEMPATH/Commands/Database/Seed.php(79): CodeIgniter\Database\Seeder->call('App\\Database\\Seeds\\ClientSeeder')
 6 SYSTEMPATH/CLI/Commands.php(72): CodeIgniter\Commands\Database\Seed->run([])
 7 SYSTEMPATH/CLI/Console.php(47): CodeIgniter\CLI\Commands->run('db:seed', [...])
 8 SYSTEMPATH/Boot.php(444): CodeIgniter\CLI\Console->run()
 9 SYSTEMPATH/Boot.php(166): CodeIgniter\Boot::runCommand(Object(CodeIgniter\CLI\Console))
10 ROOTPATH/spark(87): CodeIgniter\Boot::bootSpark(Object(Config\Paths))
WARNING - 2026-08-31 03:09:51 --> [DEPRECATED] Since fakerphp/faker 1.14: Accessing property "name" is deprecated, use "name()" instead. in VENDORPATH/symfony/deprecation-contracts/function.php on line 25.
 1 VENDORPATH/symfony/deprecation-contracts/function.php(25): trigger_error('Since fakerphp/faker 1.14: Accessing property "name" is deprecated, use "name()" instead.', 16384)
 2 VENDORPATH/fakerphp/faker/src/Faker/Generator.php(962): trigger_deprecation('fakerphp/faker', '1.14', 'Accessing property "%s" is deprecated, use "%s()" instead.', 'name', 'name')
 3 APPPATH/Database/Seeds/ClientSeeder.php(21): Faker\Generator->__get('name')
 4 SYSTEMPATH/Database/Seeder.php(155): App\Database\Seeds\ClientSeeder->run()
 5 SYSTEMPATH/Commands/Database/Seed.php(79): CodeIgniter\Database\Seeder->call('App\\Database\\Seeds\\ClientSeeder')
 6 SYSTEMPATH/CLI/Commands.php(72): CodeIgniter\Commands\Database\Seed->run([])
 7 SYSTEMPATH/CLI/Console.php(47): CodeIgniter\CLI\Commands->run('db:seed', [...])
 8 SYSTEMPATH/Boot.php(444): CodeIgniter\CLI\Console->run()
 9 SYSTEMPATH/Boot.php(166): CodeIgniter\Boot::runCommand(Object(CodeIgniter\CLI\Console))
10 ROOTPATH/spark(87): CodeIgniter\Boot::bootSpark(Object(Config\Paths))
WARNING - 2026-08-31 03:09:51 --> [DEPRECATED] Since fakerphp/faker 1.14: Accessing property "phoneNumber" is deprecated, use "phoneNumber()" instead. in VENDORPATH/symfony/deprecation-contracts/function.php on line 25.
 1 VENDORPATH/symfony/deprecation-contracts/function.php(25): trigger_error('Since fakerphp/faker 1.14: Accessing property "phoneNumber" is deprecated, use "phoneNumber()" instead.', 16384)
 2 VENDORPATH/fakerphp/faker/src/Faker/Generator.php(962): trigger_deprecation('fakerphp/faker', '1.14', 'Accessing property "%s" is deprecated, use "%s()" instead.', 'phoneNumber', 'phoneNumber')
 3 APPPATH/Database/Seeds/ClientSeeder.php(26): Faker\Generator->__get('phoneNumber')
 4 SYSTEMPATH/Database/Seeder.php(155): App\Database\Seeds\ClientSeeder->run()
 5 SYSTEMPATH/Commands/Database/Seed.php(79): CodeIgniter\Database\Seeder->call('App\\Database\\Seeds\\ClientSeeder')
 6 SYSTEMPATH/CLI/Commands.php(72): CodeIgniter\Commands\Database\Seed->run([])
 7 SYSTEMPATH/CLI/Console.php(47): CodeIgniter\CLI\Commands->run('db:seed', [...])
 8 SYSTEMPATH/Boot.php(444): CodeIgniter\CLI\Console->run()
 9 SYSTEMPATH/Boot.php(166): CodeIgniter\Boot::runCommand(Object(CodeIgniter\CLI\Console))
10 ROOTPATH/spark(87): CodeIgniter\Boot::bootSpark(Object(Config\Paths))
WARNING - 2026-08-31 03:09:51 --> [DEPRECATED] Since fakerphp/faker 1.14: Accessing property "address" is deprecated, use "address()" instead. in VENDORPATH/symfony/deprecation-contracts/function.php on line 25.
 1 VENDORPATH/symfony/deprecation-contracts/function.php(25): trigger_error('Since fakerphp/faker 1.14: Accessing property "address" is deprecated, use "address()" instead.', 16384)
 2 VENDORPATH/fakerphp/faker/src/Faker/Generator.php(962): trigger_deprecation('fakerphp/faker', '1.14', 'Accessing property "%s" is deprecated, use "%s()" instead.', 'address', 'address')
 3 APPPATH/Database/Seeds/ClientSeeder.php(27): Faker\Generator->__get('address')
 4 SYSTEMPATH/Database/Seeder.php(155): App\Database\Seeds\ClientSeeder->run()
 5 SYSTEMPATH/Commands/Database/Seed.php(79): CodeIgniter\Database\Seeder->call('App\\Database\\Seeds\\ClientSeeder')
 6 SYSTEMPATH/CLI/Commands.php(72): CodeIgniter\Commands\Database\Seed->run([])
 7 SYSTEMPATH/CLI/Console.php(47): CodeIgniter\CLI\Commands->run('db:seed', [...])
 8 SYSTEMPATH/Boot.php(444): CodeIgniter\CLI\Console->run()
 9 SYSTEMPATH/Boot.php(166): CodeIgniter\Boot::runCommand(Object(CodeIgniter\CLI\Console))
10 ROOTPATH/spark(87): CodeIgniter\Boot::bootSpark(Object(Config\Paths))
WARNING - 2026-08-31 03:09:51 --> [DEPRECATED] Since fakerphp/faker 1.14: Accessing property "company" is deprecated, use "company()" instead. in VENDORPATH/symfony/deprecation-contracts/function.php on line 25.
 1 VENDORPATH/symfony/deprecation-contracts/function.php(25): trigger_error('Since fakerphp/faker 1.14: Accessing property "company" is deprecated, use "company()" instead.', 16384)
 2 VENDORPATH/fakerphp/faker/src/Faker/Generator.php(962): trigger_deprecation('fakerphp/faker', '1.14', 'Accessing property "%s" is deprecated, use "%s()" instead.', 'company', 'company')
 3 APPPATH/Database/Seeds/ClientSeeder.php(18): Faker\Generator->__get('company')
 4 SYSTEMPATH/Database/Seeder.php(155): App\Database\Seeds\ClientSeeder->run()
 5 SYSTEMPATH/Commands/Database/Seed.php(79): CodeIgniter\Database\Seeder->call('App\\Database\\Seeds\\ClientSeeder')
 6 SYSTEMPATH/CLI/Commands.php(72): CodeIgniter\Commands\Database\Seed->run([])
 7 SYSTEMPATH/CLI/Console.php(47): CodeIgniter\CLI\Commands->run('db:seed', [...])
 8 SYSTEMPATH/Boot.php(444): CodeIgniter\CLI\Console->run()
 9 SYSTEMPATH/Boot.php(166): CodeIgniter\Boot::runCommand(Object(CodeIgniter\CLI\Console))
10 ROOTPATH/spark(87): CodeIgniter\Boot::bootSpark(Object(Config\Paths))
WARNING - 2026-08-31 03:09:51 --> [DEPRECATED] Since fakerphp/faker 1.14: Accessing property "phoneNumber" is deprecated, use "phoneNumber()" instead. in VENDORPATH/symfony/deprecation-contracts/function.php on line 25.
 1 VENDORPATH/symfony/deprecation-contracts/function.php(25): trigger_error('Since fakerphp/faker 1.14: Accessing property "phoneNumber" is deprecated, use "phoneNumber()" instead.', 16384)
 2 VENDORPATH/fakerphp/faker/src/Faker/Generator.php(962): trigger_deprecation('fakerphp/faker', '1.14', 'Accessing property "%s" is deprecated, use "%s()" instead.', 'phoneNumber', 'phoneNumber')
 3 APPPATH/Database/Seeds/ClientSeeder.php(26): Faker\Generator->__get('phoneNumber')
 4 SYSTEMPATH/Database/Seeder.php(155): App\Database\Seeds\ClientSeeder->run()
 5 SYSTEMPATH/Commands/Database/Seed.php(79): CodeIgniter\Database\Seeder->call('App\\Database\\Seeds\\ClientSeeder')
 6 SYSTEMPATH/CLI/Commands.php(72): CodeIgniter\Commands\Database\Seed->run([])
 7 SYSTEMPATH/CLI/Console.php(47): CodeIgniter\CLI\Commands->run('db:seed', [...])
 8 SYSTEMPATH/Boot.php(444): CodeIgniter\CLI\Console->run()
 9 SYSTEMPATH/Boot.php(166): CodeIgniter\Boot::runCommand(Object(CodeIgniter\CLI\Console))
10 ROOTPATH/spark(87): CodeIgniter\Boot::bootSpark(Object(Config\Paths))
WARNING - 2026-08-31 03:09:51 --> [DEPRECATED] Since fakerphp/faker 1.14: Accessing property "address" is deprecated, use "address()" instead. in VENDORPATH/symfony/deprecation-contracts/function.php on line 25.
 1 VENDORPATH/symfony/deprecation-contracts/function.php(25): trigger_error('Since fakerphp/faker 1.14: Accessing property "address" is deprecated, use "address()" instead.', 16384)
 2 VENDORPATH/fakerphp/faker/src/Faker/Generator.php(962): trigger_deprecation('fakerphp/faker', '1.14', 'Accessing property "%s" is deprecated, use "%s()" instead.', 'address', 'address')
 3 APPPATH/Database/Seeds/ClientSeeder.php(27): Faker\Generator->__get('address')
 4 SYSTEMPATH/Database/Seeder.php(155): App\Database\Seeds\ClientSeeder->run()
 5 SYSTEMPATH/Commands/Database/Seed.php(79): CodeIgniter\Database\Seeder->call('App\\Database\\Seeds\\ClientSeeder')
 6 SYSTEMPATH/CLI/Commands.php(72): CodeIgniter\Commands\Database\Seed->run([])
 7 SYSTEMPATH/CLI/Console.php(47): CodeIgniter\CLI\Commands->run('db:seed', [...])
 8 SYSTEMPATH/Boot.php(444): CodeIgniter\CLI\Console->run()
 9 SYSTEMPATH/Boot.php(166): CodeIgniter\Boot::runCommand(Object(CodeIgniter\CLI\Console))
10 ROOTPATH/spark(87): CodeIgniter\Boot::bootSpark(Object(Config\Paths))
WARNING - 2026-08-31 03:09:51 --> [DEPRECATED] Since fakerphp/faker 1.14: Accessing property "company" is deprecated, use "company()" instead. in VENDORPATH/symfony/deprecation-contracts/function.php on line 25.
 1 VENDORPATH/symfony/deprecation-contracts/function.php(25): trigger_error('Since fakerphp/faker 1.14: Accessing property "company" is deprecated, use "company()" instead.', 16384)
 2 VENDORPATH/fakerphp/faker/src/Faker/Generator.php(962): trigger_deprecation('fakerphp/faker', '1.14', 'Accessing property "%s" is deprecated, use "%s()" instead.', 'company', 'company')
 3 APPPATH/Database/Seeds/ClientSeeder.php(18): Faker\Generator->__get('company')
 4 SYSTEMPATH/Database/Seeder.php(155): App\Database\Seeds\ClientSeeder->run()
 5 SYSTEMPATH/Commands/Database/Seed.php(79): CodeIgniter\Database\Seeder->call('App\\Database\\Seeds\\ClientSeeder')
 6 SYSTEMPATH/CLI/Commands.php(72): CodeIgniter\Commands\Database\Seed->run([])
 7 SYSTEMPATH/CLI/Console.php(47): CodeIgniter\CLI\Commands->run('db:seed', [...])
 8 SYSTEMPATH/Boot.php(444): CodeIgniter\CLI\Console->run()
 9 SYSTEMPATH/Boot.php(166): CodeIgniter\Boot::runCommand(Object(CodeIgniter\CLI\Console))
10 ROOTPATH/spark(87): CodeIgniter\Boot::bootSpark(Object(Config\Paths))
WARNING - 2026-08-31 03:09:51 --> [DEPRECATED] Since fakerphp/faker 1.14: Accessing property "phoneNumber" is deprecated, use "phoneNumber()" instead. in VENDORPATH/symfony/deprecation-contracts/function.php on line 25.
 1 VENDORPATH/symfony/deprecation-contracts/function.php(25): trigger_error('Since fakerphp/faker 1.14: Accessing property "phoneNumber" is deprecated, use "phoneNumber()" instead.', 16384)
 2 VENDORPATH/fakerphp/faker/src/Faker/Generator.php(962): trigger_deprecation('fakerphp/faker', '1.14', 'Accessing property "%s" is deprecated, use "%s()" instead.', 'phoneNumber', 'phoneNumber')
 3 APPPATH/Database/Seeds/ClientSeeder.php(26): Faker\Generator->__get('phoneNumber')
 4 SYSTEMPATH/Database/Seeder.php(155): App\Database\Seeds\ClientSeeder->run()
 5 SYSTEMPATH/Commands/Database/Seed.php(79): CodeIgniter\Database\Seeder->call('App\\Database\\Seeds\\ClientSeeder')
 6 SYSTEMPATH/CLI/Commands.php(72): CodeIgniter\Commands\Database\Seed->run([])
 7 SYSTEMPATH/CLI/Console.php(47): CodeIgniter\CLI\Commands->run('db:seed', [...])
 8 SYSTEMPATH/Boot.php(444): CodeIgniter\CLI\Console->run()
 9 SYSTEMPATH/Boot.php(166): CodeIgniter\Boot::runCommand(Object(CodeIgniter\CLI\Console))
10 ROOTPATH/spark(87): CodeIgniter\Boot::bootSpark(Object(Config\Paths))
WARNING - 2026-08-31 03:09:51 --> [DEPRECATED] Since fakerphp/faker 1.14: Accessing property "address" is deprecated, use "address()" instead. in VENDORPATH/symfony/deprecation-contracts/function.php on line 25.
 1 VENDORPATH/symfony/deprecation-contracts/function.php(25): trigger_error('Since fakerphp/faker 1.14: Accessing property "address" is deprecated, use "address()" instead.', 16384)
 2 VENDORPATH/fakerphp/faker/src/Faker/Generator.php(962): trigger_deprecation('fakerphp/faker', '1.14', 'Accessing property "%s" is deprecated, use "%s()" instead.', 'address', 'address')
 3 APPPATH/Database/Seeds/ClientSeeder.php(27): Faker\Generator->__get('address')
 4 SYSTEMPATH/Database/Seeder.php(155): App\Database\Seeds\ClientSeeder->run()
 5 SYSTEMPATH/Commands/Database/Seed.php(79): CodeIgniter\Database\Seeder->call('App\\Database\\Seeds\\ClientSeeder')
 6 SYSTEMPATH/CLI/Commands.php(72): CodeIgniter\Commands\Database\Seed->run([])
 7 SYSTEMPATH/CLI/Console.php(47): CodeIgniter\CLI\Commands->run('db:seed', [...])
 8 SYSTEMPATH/Boot.php(444): CodeIgniter\CLI\Console->run()
 9 SYSTEMPATH/Boot.php(166): CodeIgniter\Boot::runCommand(Object(CodeIgniter\CLI\Console))
10 ROOTPATH/spark(87): CodeIgniter\Boot::bootSpark(Object(Config\Paths))
WARNING - 2026-08-31 03:09:51 --> [DEPRECATED] Since fakerphp/faker 1.14: Accessing property "company" is deprecated, use "company()" instead. in VENDORPATH/symfony/deprecation-contracts/function.php on line 25.
 1 VENDORPATH/symfony/deprecation-contracts/function.php(25): trigger_error('Since fakerphp/faker 1.14: Accessing property "company" is deprecated, use "company()" instead.', 16384)
 2 VENDORPATH/fakerphp/faker/src/Faker/Generator.php(962): trigger_deprecation('fakerphp/faker', '1.14', 'Accessing property "%s" is deprecated, use "%s()" instead.', 'company', 'company')
 3 APPPATH/Database/Seeds/ClientSeeder.php(18): Faker\Generator->__get('company')
 4 SYSTEMPATH/Database/Seeder.php(155): App\Database\Seeds\ClientSeeder->run()
 5 SYSTEMPATH/Commands/Database/Seed.php(79): CodeIgniter\Database\Seeder->call('App\\Database\\Seeds\\ClientSeeder')
 6 SYSTEMPATH/CLI/Commands.php(72): CodeIgniter\Commands\Database\Seed->run([])
 7 SYSTEMPATH/CLI/Console.php(47): CodeIgniter\CLI\Commands->run('db:seed', [...])
 8 SYSTEMPATH/Boot.php(444): CodeIgniter\CLI\Console->run()
 9 SYSTEMPATH/Boot.php(166): CodeIgniter\Boot::runCommand(Object(CodeIgniter\CLI\Console))
10 ROOTPATH/spark(87): CodeIgniter\Boot::bootSpark(Object(Config\Paths))
WARNING - 2026-08-31 03:09:51 --> [DEPRECATED] Since fakerphp/faker 1.14: Accessing property "name" is deprecated, use "name()" instead. in VENDORPATH/symfony/deprecation-contracts/function.php on line 25.
 1 VENDORPATH/symfony/deprecation-contracts/function.php(25): trigger_error('Since fakerphp/faker 1.14: Accessing property "name" is deprecated, use "name()" instead.', 16384)
 2 VENDORPATH/fakerphp/faker/src/Faker/Generator.php(962): trigger_deprecation('fakerphp/faker', '1.14', 'Accessing property "%s" is deprecated, use "%s()" instead.', 'name', 'name')
 3 APPPATH/Database/Seeds/ClientSeeder.php(21): Faker\Generator->__get('name')
 4 SYSTEMPATH/Database/Seeder.php(155): App\Database\Seeds\ClientSeeder->run()
 5 SYSTEMPATH/Commands/Database/Seed.php(79): CodeIgniter\Database\Seeder->call('App\\Database\\Seeds\\ClientSeeder')
 6 SYSTEMPATH/CLI/Commands.php(72): CodeIgniter\Commands\Database\Seed->run([])
 7 SYSTEMPATH/CLI/Console.php(47): CodeIgniter\CLI\Commands->run('db:seed', [...])
 8 SYSTEMPATH/Boot.php(444): CodeIgniter\CLI\Console->run()
 9 SYSTEMPATH/Boot.php(166): CodeIgniter\Boot::runCommand(Object(CodeIgniter\CLI\Console))
10 ROOTPATH/spark(87): CodeIgniter\Boot::bootSpark(Object(Config\Paths))
WARNING - 2026-08-31 03:09:51 --> [DEPRECATED] Since fakerphp/faker 1.14: Accessing property "phoneNumber" is deprecated, use "phoneNumber()" instead. in VENDORPATH/symfony/deprecation-contracts/function.php on line 25.
 1 VENDORPATH/symfony/deprecation-contracts/function.php(25): trigger_error('Since fakerphp/faker 1.14: Accessing property "phoneNumber" is deprecated, use "phoneNumber()" instead.', 16384)
 2 VENDORPATH/fakerphp/faker/src/Faker/Generator.php(962): trigger_deprecation('fakerphp/faker', '1.14', 'Accessing property "%s" is deprecated, use "%s()" instead.', 'phoneNumber', 'phoneNumber')
 3 APPPATH/Database/Seeds/ClientSeeder.php(26): Faker\Generator->__get('phoneNumber')
 4 SYSTEMPATH/Database/Seeder.php(155): App\Database\Seeds\ClientSeeder->run()
 5 SYSTEMPATH/Commands/Database/Seed.php(79): CodeIgniter\Database\Seeder->call('App\\Database\\Seeds\\ClientSeeder')
 6 SYSTEMPATH/CLI/Commands.php(72): CodeIgniter\Commands\Database\Seed->run([])
 7 SYSTEMPATH/CLI/Console.php(47): CodeIgniter\CLI\Commands->run('db:seed', [...])
 8 SYSTEMPATH/Boot.php(444): CodeIgniter\CLI\Console->run()
 9 SYSTEMPATH/Boot.php(166): CodeIgniter\Boot::runCommand(Object(CodeIgniter\CLI\Console))
10 ROOTPATH/spark(87): CodeIgniter\Boot::bootSpark(Object(Config\Paths))
WARNING - 2026-08-31 03:09:51 --> [DEPRECATED] Since fakerphp/faker 1.14: Accessing property "address" is deprecated, use "address()" instead. in VENDORPATH/symfony/deprecation-contracts/function.php on line 25.
 1 VENDORPATH/symfony/deprecation-contracts/function.php(25): trigger_error('Since fakerphp/faker 1.14: Accessing property "address" is deprecated, use "address()" instead.', 16384)
 2 VENDORPATH/fakerphp/faker/src/Faker/Generator.php(962): trigger_deprecation('fakerphp/faker', '1.14', 'Accessing property "%s" is deprecated, use "%s()" instead.', 'address', 'address')
 3 APPPATH/Database/Seeds/ClientSeeder.php(27): Faker\Generator->__get('address')
 4 SYSTEMPATH/Database/Seeder.php(155): App\Database\Seeds\ClientSeeder->run()
 5 SYSTEMPATH/Commands/Database/Seed.php(79): CodeIgniter\Database\Seeder->call('App\\Database\\Seeds\\ClientSeeder')
 6 SYSTEMPATH/CLI/Commands.php(72): CodeIgniter\Commands\Database\Seed->run([])
 7 SYSTEMPATH/CLI/Console.php(47): CodeIgniter\CLI\Commands->run('db:seed', [...])
 8 SYSTEMPATH/Boot.php(444): CodeIgniter\CLI\Console->run()
 9 SYSTEMPATH/Boot.php(166): CodeIgniter\Boot::runCommand(Object(CodeIgniter\CLI\Console))
10 ROOTPATH/spark(87): CodeIgniter\Boot::bootSpark(Object(Config\Paths))
WARNING - 2026-08-31 03:09:51 --> [DEPRECATED] Since fakerphp/faker 1.14: Accessing property "company" is deprecated, use "company()" instead. in VENDORPATH/symfony/deprecation-contracts/function.php on line 25.
 1 VENDORPATH/symfony/deprecation-contracts/function.php(25): trigger_error('Since fakerphp/faker 1.14: Accessing property "company" is deprecated, use "company()" instead.', 16384)
 2 VENDORPATH/fakerphp/faker/src/Faker/Generator.php(962): trigger_deprecation('fakerphp/faker', '1.14', 'Accessing property "%s" is deprecated, use "%s()" instead.', 'company', 'company')
 3 APPPATH/Database/Seeds/ClientSeeder.php(18): Faker\Generator->__get('company')
 4 SYSTEMPATH/Database/Seeder.php(155): App\Database\Seeds\ClientSeeder->run()
 5 SYSTEMPATH/Commands/Database/Seed.php(79): CodeIgniter\Database\Seeder->call('App\\Database\\Seeds\\ClientSeeder')
 6 SYSTEMPATH/CLI/Commands.php(72): CodeIgniter\Commands\Database\Seed->run([])
 7 SYSTEMPATH/CLI/Console.php(47): CodeIgniter\CLI\Commands->run('db:seed', [...])
 8 SYSTEMPATH/Boot.php(444): CodeIgniter\CLI\Console->run()
 9 SYSTEMPATH/Boot.php(166): CodeIgniter\Boot::runCommand(Object(CodeIgniter\CLI\Console))
10 ROOTPATH/spark(87): CodeIgniter\Boot::bootSpark(Object(Config\Paths))
WARNING - 2026-08-31 03:09:51 --> [DEPRECATED] Since fakerphp/faker 1.14: Accessing property "phoneNumber" is deprecated, use "phoneNumber()" instead. in VENDORPATH/symfony/deprecation-contracts/function.php on line 25.
 1 VENDORPATH/symfony/deprecation-contracts/function.php(25): trigger_error('Since fakerphp/faker 1.14: Accessing property "phoneNumber" is deprecated, use "phoneNumber()" instead.', 16384)
 2 VENDORPATH/fakerphp/faker/src/Faker/Generator.php(962): trigger_deprecation('fakerphp/faker', '1.14', 'Accessing property "%s" is deprecated, use "%s()" instead.', 'phoneNumber', 'phoneNumber')
 3 APPPATH/Database/Seeds/ClientSeeder.php(26): Faker\Generator->__get('phoneNumber')
 4 SYSTEMPATH/Database/Seeder.php(155): App\Database\Seeds\ClientSeeder->run()
 5 SYSTEMPATH/Commands/Database/Seed.php(79): CodeIgniter\Database\Seeder->call('App\\Database\\Seeds\\ClientSeeder')
 6 SYSTEMPATH/CLI/Commands.php(72): CodeIgniter\Commands\Database\Seed->run([])
 7 SYSTEMPATH/CLI/Console.php(47): CodeIgniter\CLI\Commands->run('db:seed', [...])
 8 SYSTEMPATH/Boot.php(444): CodeIgniter\CLI\Console->run()
 9 SYSTEMPATH/Boot.php(166): CodeIgniter\Boot::runCommand(Object(CodeIgniter\CLI\Console))
10 ROOTPATH/spark(87): CodeIgniter\Boot::bootSpark(Object(Config\Paths))
WARNING - 2026-08-31 03:09:51 --> [DEPRECATED] Since fakerphp/faker 1.14: Accessing property "address" is deprecated, use "address()" instead. in VENDORPATH/symfony/deprecation-contracts/function.php on line 25.
 1 VENDORPATH/symfony/deprecation-contracts/function.php(25): trigger_error('Since fakerphp/faker 1.14: Accessing property "address" is deprecated, use "address()" instead.', 16384)
 2 VENDORPATH/fakerphp/faker/src/Faker/Generator.php(962): trigger_deprecation('fakerphp/faker', '1.14', 'Accessing property "%s" is deprecated, use "%s()" instead.', 'address', 'address')
 3 APPPATH/Database/Seeds/ClientSeeder.php(27): Faker\Generator->__get('address')
 4 SYSTEMPATH/Database/Seeder.php(155): App\Database\Seeds\ClientSeeder->run()
 5 SYSTEMPATH/Commands/Database/Seed.php(79): CodeIgniter\Database\Seeder->call('App\\Database\\Seeds\\ClientSeeder')
 6 SYSTEMPATH/CLI/Commands.php(72): CodeIgniter\Commands\Database\Seed->run([])
 7 SYSTEMPATH/CLI/Console.php(47): CodeIgniter\CLI\Commands->run('db:seed', [...])
 8 SYSTEMPATH/Boot.php(444): CodeIgniter\CLI\Console->run()
 9 SYSTEMPATH/Boot.php(166): CodeIgniter\Boot::runCommand(Object(CodeIgniter\CLI\Console))
10 ROOTPATH/spark(87): CodeIgniter\Boot::bootSpark(Object(Config\Paths))
WARNING - 2026-08-31 03:09:51 --> [DEPRECATED] Since fakerphp/faker 1.14: Accessing property "company" is deprecated, use "company()" instead. in VENDORPATH/symfony/deprecation-contracts/function.php on line 25.
 1 VENDORPATH/symfony/deprecation-contracts/function.php(25): trigger_error('Since fakerphp/faker 1.14: Accessing property "company" is deprecated, use "company()" instead.', 16384)
 2 VENDORPATH/fakerphp/faker/src/Faker/Generator.php(962): trigger_deprecation('fakerphp/faker', '1.14', 'Accessing property "%s" is deprecated, use "%s()" instead.', 'company', 'company')
 3 APPPATH/Database/Seeds/ClientSeeder.php(18): Faker\Generator->__get('company')
 4 SYSTEMPATH/Database/Seeder.php(155): App\Database\Seeds\ClientSeeder->run()
 5 SYSTEMPATH/Commands/Database/Seed.php(79): CodeIgniter\Database\Seeder->call('App\\Database\\Seeds\\ClientSeeder')
 6 SYSTEMPATH/CLI/Commands.php(72): CodeIgniter\Commands\Database\Seed->run([])
 7 SYSTEMPATH/CLI/Console.php(47): CodeIgniter\CLI\Commands->run('db:seed', [...])
 8 SYSTEMPATH/Boot.php(444): CodeIgniter\CLI\Console->run()
 9 SYSTEMPATH/Boot.php(166): CodeIgniter\Boot::runCommand(Object(CodeIgniter\CLI\Console))
10 ROOTPATH/spark(87): CodeIgniter\Boot::bootSpark(Object(Config\Paths))
WARNING - 2026-08-31 03:09:51 --> [DEPRECATED] Since fakerphp/faker 1.14: Accessing property "phoneNumber" is deprecated, use "phoneNumber()" instead. in VENDORPATH/symfony/deprecation-contracts/function.php on line 25.
 1 VENDORPATH/symfony/deprecation-contracts/function.php(25): trigger_error('Since fakerphp/faker 1.14: Accessing property "phoneNumber" is deprecated, use "phoneNumber()" instead.', 16384)
 2 VENDORPATH/fakerphp/faker/src/Faker/Generator.php(962): trigger_deprecation('fakerphp/faker', '1.14', 'Accessing property "%s" is deprecated, use "%s()" instead.', 'phoneNumber', 'phoneNumber')
 3 APPPATH/Database/Seeds/ClientSeeder.php(26): Faker\Generator->__get('phoneNumber')
 4 SYSTEMPATH/Database/Seeder.php(155): App\Database\Seeds\ClientSeeder->run()
 5 SYSTEMPATH/Commands/Database/Seed.php(79): CodeIgniter\Database\Seeder->call('App\\Database\\Seeds\\ClientSeeder')
 6 SYSTEMPATH/CLI/Commands.php(72): CodeIgniter\Commands\Database\Seed->run([])
 7 SYSTEMPATH/CLI/Console.php(47): CodeIgniter\CLI\Commands->run('db:seed', [...])
 8 SYSTEMPATH/Boot.php(444): CodeIgniter\CLI\Console->run()
 9 SYSTEMPATH/Boot.php(166): CodeIgniter\Boot::runCommand(Object(CodeIgniter\CLI\Console))
10 ROOTPATH/spark(87): CodeIgniter\Boot::bootSpark(Object(Config\Paths))
WARNING - 2026-08-31 03:09:51 --> [DEPRECATED] Since fakerphp/faker 1.14: Accessing property "address" is deprecated, use "address()" instead. in VENDORPATH/symfony/deprecation-contracts/function.php on line 25.
 1 VENDORPATH/symfony/deprecation-contracts/function.php(25): trigger_error('Since fakerphp/faker 1.14: Accessing property "address" is deprecated, use "address()" instead.', 16384)
 2 VENDORPATH/fakerphp/faker/src/Faker/Generator.php(962): trigger_deprecation('fakerphp/faker', '1.14', 'Accessing property "%s" is deprecated, use "%s()" instead.', 'address', 'address')
 3 APPPATH/Database/Seeds/ClientSeeder.php(27): Faker\Generator->__get('address')
 4 SYSTEMPATH/Database/Seeder.php(155): App\Database\Seeds\ClientSeeder->run()
 5 SYSTEMPATH/Commands/Database/Seed.php(79): CodeIgniter\Database\Seeder->call('App\\Database\\Seeds\\ClientSeeder')
 6 SYSTEMPATH/CLI/Commands.php(72): CodeIgniter\Commands\Database\Seed->run([])
 7 SYSTEMPATH/CLI/Console.php(47): CodeIgniter\CLI\Commands->run('db:seed', [...])
 8 SYSTEMPATH/Boot.php(444): CodeIgniter\CLI\Console->run()
 9 SYSTEMPATH/Boot.php(166): CodeIgniter\Boot::runCommand(Object(CodeIgniter\CLI\Console))
10 ROOTPATH/spark(87): CodeIgniter\Boot::bootSpark(Object(Config\Paths))
WARNING - 2026-08-31 03:09:51 --> [DEPRECATED] Since fakerphp/faker 1.14: Accessing property "company" is deprecated, use "company()" instead. in VENDORPATH/symfony/deprecation-contracts/function.php on line 25.
 1 VENDORPATH/symfony/deprecation-contracts/function.php(25): trigger_error('Since fakerphp/faker 1.14: Accessing property "company" is deprecated, use "company()" instead.', 16384)
 2 VENDORPATH/fakerphp/faker/src/Faker/Generator.php(962): trigger_deprecation('fakerphp/faker', '1.14', 'Accessing property "%s" is deprecated, use "%s()" instead.', 'company', 'company')
 3 APPPATH/Database/Seeds/ClientSeeder.php(18): Faker\Generator->__get('company')
 4 SYSTEMPATH/Database/Seeder.php(155): App\Database\Seeds\ClientSeeder->run()
 5 SYSTEMPATH/Commands/Database/Seed.php(79): CodeIgniter\Database\Seeder->call('App\\Database\\Seeds\\ClientSeeder')
 6 SYSTEMPATH/CLI/Commands.php(72): CodeIgniter\Commands\Database\Seed->run([])
 7 SYSTEMPATH/CLI/Console.php(47): CodeIgniter\CLI\Commands->run('db:seed', [...])
 8 SYSTEMPATH/Boot.php(444): CodeIgniter\CLI\Console->run()
 9 SYSTEMPATH/Boot.php(166): CodeIgniter\Boot::runCommand(Object(CodeIgniter\CLI\Console))
10 ROOTPATH/spark(87): CodeIgniter\Boot::bootSpark(Object(Config\Paths))
WARNING - 2026-08-31 03:09:51 --> [DEPRECATED] Since fakerphp/faker 1.14: Accessing property "name" is deprecated, use "name()" instead. in VENDORPATH/symfony/deprecation-contracts/function.php on line 25.
 1 VENDORPATH/symfony/deprecation-contracts/function.php(25): trigger_error('Since fakerphp/faker 1.14: Accessing property "name" is deprecated, use "name()" instead.', 16384)
 2 VENDORPATH/fakerphp/faker/src/Faker/Generator.php(962): trigger_deprecation('fakerphp/faker', '1.14', 'Accessing property "%s" is deprecated, use "%s()" instead.', 'name', 'name')
 3 APPPATH/Database/Seeds/ClientSeeder.php(21): Faker\Generator->__get('name')
 4 SYSTEMPATH/Database/Seeder.php(155): App\Database\Seeds\ClientSeeder->run()
 5 SYSTEMPATH/Commands/Database/Seed.php(79): CodeIgniter\Database\Seeder->call('App\\Database\\Seeds\\ClientSeeder')
 6 SYSTEMPATH/CLI/Commands.php(72): CodeIgniter\Commands\Database\Seed->run([])
 7 SYSTEMPATH/CLI/Console.php(47): CodeIgniter\CLI\Commands->run('db:seed', [...])
 8 SYSTEMPATH/Boot.php(444): CodeIgniter\CLI\Console->run()
 9 SYSTEMPATH/Boot.php(166): CodeIgniter\Boot::runCommand(Object(CodeIgniter\CLI\Console))
10 ROOTPATH/spark(87): CodeIgniter\Boot::bootSpark(Object(Config\Paths))
WARNING - 2026-08-31 03:09:51 --> [DEPRECATED] Since fakerphp/faker 1.14: Accessing property "phoneNumber" is deprecated, use "phoneNumber()" instead. in VENDORPATH/symfony/deprecation-contracts/function.php on line 25.
 1 VENDORPATH/symfony/deprecation-contracts/function.php(25): trigger_error('Since fakerphp/faker 1.14: Accessing property "phoneNumber" is deprecated, use "phoneNumber()" instead.', 16384)
 2 VENDORPATH/fakerphp/faker/src/Faker/Generator.php(962): trigger_deprecation('fakerphp/faker', '1.14', 'Accessing property "%s" is deprecated, use "%s()" instead.', 'phoneNumber', 'phoneNumber')
 3 APPPATH/Database/Seeds/ClientSeeder.php(26): Faker\Generator->__get('phoneNumber')
 4 SYSTEMPATH/Database/Seeder.php(155): App\Database\Seeds\ClientSeeder->run()
 5 SYSTEMPATH/Commands/Database/Seed.php(79): CodeIgniter\Database\Seeder->call('App\\Database\\Seeds\\ClientSeeder')
 6 SYSTEMPATH/CLI/Commands.php(72): CodeIgniter\Commands\Database\Seed->run([])
 7 SYSTEMPATH/CLI/Console.php(47): CodeIgniter\CLI\Commands->run('db:seed', [...])
 8 SYSTEMPATH/Boot.php(444): CodeIgniter\CLI\Console->run()
 9 SYSTEMPATH/Boot.php(166): CodeIgniter\Boot::runCommand(Object(CodeIgniter\CLI\Console))
10 ROOTPATH/spark(87): CodeIgniter\Boot::bootSpark(Object(Config\Paths))
WARNING - 2026-08-31 03:09:51 --> [DEPRECATED] Since fakerphp/faker 1.14: Accessing property "address" is deprecated, use "address()" instead. in VENDORPATH/symfony/deprecation-contracts/function.php on line 25.
 1 VENDORPATH/symfony/deprecation-contracts/function.php(25): trigger_error('Since fakerphp/faker 1.14: Accessing property "address" is deprecated, use "address()" instead.', 16384)
 2 VENDORPATH/fakerphp/faker/src/Faker/Generator.php(962): trigger_deprecation('fakerphp/faker', '1.14', 'Accessing property "%s" is deprecated, use "%s()" instead.', 'address', 'address')
 3 APPPATH/Database/Seeds/ClientSeeder.php(27): Faker\Generator->__get('address')
 4 SYSTEMPATH/Database/Seeder.php(155): App\Database\Seeds\ClientSeeder->run()
 5 SYSTEMPATH/Commands/Database/Seed.php(79): CodeIgniter\Database\Seeder->call('App\\Database\\Seeds\\ClientSeeder')
 6 SYSTEMPATH/CLI/Commands.php(72): CodeIgniter\Commands\Database\Seed->run([])
 7 SYSTEMPATH/CLI/Console.php(47): CodeIgniter\CLI\Commands->run('db:seed', [...])
 8 SYSTEMPATH/Boot.php(444): CodeIgniter\CLI\Console->run()
 9 SYSTEMPATH/Boot.php(166): CodeIgniter\Boot::runCommand(Object(CodeIgniter\CLI\Console))
10 ROOTPATH/spark(87): CodeIgniter\Boot::bootSpark(Object(Config\Paths))
WARNING - 2026-08-31 03:09:51 --> [DEPRECATED] Since fakerphp/faker 1.14: Accessing property "company" is deprecated, use "company()" instead. in VENDORPATH/symfony/deprecation-contracts/function.php on line 25.
 1 VENDORPATH/symfony/deprecation-contracts/function.php(25): trigger_error('Since fakerphp/faker 1.14: Accessing property "company" is deprecated, use "company()" instead.', 16384)
 2 VENDORPATH/fakerphp/faker/src/Faker/Generator.php(962): trigger_deprecation('fakerphp/faker', '1.14', 'Accessing property "%s" is deprecated, use "%s()" instead.', 'company', 'company')
 3 APPPATH/Database/Seeds/ClientSeeder.php(18): Faker\Generator->__get('company')
 4 SYSTEMPATH/Database/Seeder.php(155): App\Database\Seeds\ClientSeeder->run()
 5 SYSTEMPATH/Commands/Database/Seed.php(79): CodeIgniter\Database\Seeder->call('App\\Database\\Seeds\\ClientSeeder')
 6 SYSTEMPATH/CLI/Commands.php(72): CodeIgniter\Commands\Database\Seed->run([])
 7 SYSTEMPATH/CLI/Console.php(47): CodeIgniter\CLI\Commands->run('db:seed', [...])
 8 SYSTEMPATH/Boot.php(444): CodeIgniter\CLI\Console->run()
 9 SYSTEMPATH/Boot.php(166): CodeIgniter\Boot::runCommand(Object(CodeIgniter\CLI\Console))
10 ROOTPATH/spark(87): CodeIgniter\Boot::bootSpark(Object(Config\Paths))
WARNING - 2026-08-31 03:09:51 --> [DEPRECATED] Since fakerphp/faker 1.14: Accessing property "phoneNumber" is deprecated, use "phoneNumber()" instead. in VENDORPATH/symfony/deprecation-contracts/function.php on line 25.
 1 VENDORPATH/symfony/deprecation-contracts/function.php(25): trigger_error('Since fakerphp/faker 1.14: Accessing property "phoneNumber" is deprecated, use "phoneNumber()" instead.', 16384)
 2 VENDORPATH/fakerphp/faker/src/Faker/Generator.php(962): trigger_deprecation('fakerphp/faker', '1.14', 'Accessing property "%s" is deprecated, use "%s()" instead.', 'phoneNumber', 'phoneNumber')
 3 APPPATH/Database/Seeds/ClientSeeder.php(26): Faker\Generator->__get('phoneNumber')
 4 SYSTEMPATH/Database/Seeder.php(155): App\Database\Seeds\ClientSeeder->run()
 5 SYSTEMPATH/Commands/Database/Seed.php(79): CodeIgniter\Database\Seeder->call('App\\Database\\Seeds\\ClientSeeder')
 6 SYSTEMPATH/CLI/Commands.php(72): CodeIgniter\Commands\Database\Seed->run([])
 7 SYSTEMPATH/CLI/Console.php(47): CodeIgniter\CLI\Commands->run('db:seed', [...])
 8 SYSTEMPATH/Boot.php(444): CodeIgniter\CLI\Console->run()
 9 SYSTEMPATH/Boot.php(166): CodeIgniter\Boot::runCommand(Object(CodeIgniter\CLI\Console))
10 ROOTPATH/spark(87): CodeIgniter\Boot::bootSpark(Object(Config\Paths))
WARNING - 2026-08-31 03:09:51 --> [DEPRECATED] Since fakerphp/faker 1.14: Accessing property "address" is deprecated, use "address()" instead. in VENDORPATH/symfony/deprecation-contracts/function.php on line 25.
 1 VENDORPATH/symfony/deprecation-contracts/function.php(25): trigger_error('Since fakerphp/faker 1.14: Accessing property "address" is deprecated, use "address()" instead.', 16384)
 2 VENDORPATH/fakerphp/faker/src/Faker/Generator.php(962): trigger_deprecation('fakerphp/faker', '1.14', 'Accessing property "%s" is deprecated, use "%s()" instead.', 'address', 'address')
 3 APPPATH/Database/Seeds/ClientSeeder.php(27): Faker\Generator->__get('address')
 4 SYSTEMPATH/Database/Seeder.php(155): App\Database\Seeds\ClientSeeder->run()
 5 SYSTEMPATH/Commands/Database/Seed.php(79): CodeIgniter\Database\Seeder->call('App\\Database\\Seeds\\ClientSeeder')
 6 SYSTEMPATH/CLI/Commands.php(72): CodeIgniter\Commands\Database\Seed->run([])
 7 SYSTEMPATH/CLI/Console.php(47): CodeIgniter\CLI\Commands->run('db:seed', [...])
 8 SYSTEMPATH/Boot.php(444): CodeIgniter\CLI\Console->run()
 9 SYSTEMPATH/Boot.php(166): CodeIgniter\Boot::runCommand(Object(CodeIgniter\CLI\Console))
10 ROOTPATH/spark(87): CodeIgniter\Boot::bootSpark(Object(Config\Paths))
WARNING - 2026-08-31 03:09:51 --> [DEPRECATED] Since fakerphp/faker 1.14: Accessing property "company" is deprecated, use "company()" instead. in VENDORPATH/symfony/deprecation-contracts/function.php on line 25.
 1 VENDORPATH/symfony/deprecation-contracts/function.php(25): trigger_error('Since fakerphp/faker 1.14: Accessing property "company" is deprecated, use "company()" instead.', 16384)
 2 VENDORPATH/fakerphp/faker/src/Faker/Generator.php(962): trigger_deprecation('fakerphp/faker', '1.14', 'Accessing property "%s" is deprecated, use "%s()" instead.', 'company', 'company')
 3 APPPATH/Database/Seeds/ClientSeeder.php(18): Faker\Generator->__get('company')
 4 SYSTEMPATH/Database/Seeder.php(155): App\Database\Seeds\ClientSeeder->run()
 5 SYSTEMPATH/Commands/Database/Seed.php(79): CodeIgniter\Database\Seeder->call('App\\Database\\Seeds\\ClientSeeder')
 6 SYSTEMPATH/CLI/Commands.php(72): CodeIgniter\Commands\Database\Seed->run([])
 7 SYSTEMPATH/CLI/Console.php(47): CodeIgniter\CLI\Commands->run('db:seed', [...])
 8 SYSTEMPATH/Boot.php(444): CodeIgniter\CLI\Console->run()
 9 SYSTEMPATH/Boot.php(166): CodeIgniter\Boot::runCommand(Object(CodeIgniter\CLI\Console))
10 ROOTPATH/spark(87): CodeIgniter\Boot::bootSpark(Object(Config\Paths))
WARNING - 2026-08-31 03:09:51 --> [DEPRECATED] Since fakerphp/faker 1.14: Accessing property "phoneNumber" is deprecated, use "phoneNumber()" instead. in VENDORPATH/symfony/deprecation-contracts/function.php on line 25.
 1 VENDORPATH/symfony/deprecation-contracts/function.php(25): trigger_error('Since fakerphp/faker 1.14: Accessing property "phoneNumber" is deprecated, use "phoneNumber()" instead.', 16384)
 2 VENDORPATH/fakerphp/faker/src/Faker/Generator.php(962): trigger_deprecation('fakerphp/faker', '1.14', 'Accessing property "%s" is deprecated, use "%s()" instead.', 'phoneNumber', 'phoneNumber')
 3 APPPATH/Database/Seeds/ClientSeeder.php(26): Faker\Generator->__get('phoneNumber')
 4 SYSTEMPATH/Database/Seeder.php(155): App\Database\Seeds\ClientSeeder->run()
 5 SYSTEMPATH/Commands/Database/Seed.php(79): CodeIgniter\Database\Seeder->call('App\\Database\\Seeds\\ClientSeeder')
 6 SYSTEMPATH/CLI/Commands.php(72): CodeIgniter\Commands\Database\Seed->run([])
 7 SYSTEMPATH/CLI/Console.php(47): CodeIgniter\CLI\Commands->run('db:seed', [...])
 8 SYSTEMPATH/Boot.php(444): CodeIgniter\CLI\Console->run()
 9 SYSTEMPATH/Boot.php(166): CodeIgniter\Boot::runCommand(Object(CodeIgniter\CLI\Console))
10 ROOTPATH/spark(87): CodeIgniter\Boot::bootSpark(Object(Config\Paths))
WARNING - 2026-08-31 03:09:51 --> [DEPRECATED] Since fakerphp/faker 1.14: Accessing property "address" is deprecated, use "address()" instead. in VENDORPATH/symfony/deprecation-contracts/function.php on line 25.
 1 VENDORPATH/symfony/deprecation-contracts/function.php(25): trigger_error('Since fakerphp/faker 1.14: Accessing property "address" is deprecated, use "address()" instead.', 16384)
 2 VENDORPATH/fakerphp/faker/src/Faker/Generator.php(962): trigger_deprecation('fakerphp/faker', '1.14', 'Accessing property "%s" is deprecated, use "%s()" instead.', 'address', 'address')
 3 APPPATH/Database/Seeds/ClientSeeder.php(27): Faker\Generator->__get('address')
 4 SYSTEMPATH/Database/Seeder.php(155): App\Database\Seeds\ClientSeeder->run()
 5 SYSTEMPATH/Commands/Database/Seed.php(79): CodeIgniter\Database\Seeder->call('App\\Database\\Seeds\\ClientSeeder')
 6 SYSTEMPATH/CLI/Commands.php(72): CodeIgniter\Commands\Database\Seed->run([])
 7 SYSTEMPATH/CLI/Console.php(47): CodeIgniter\CLI\Commands->run('db:seed', [...])
 8 SYSTEMPATH/Boot.php(444): CodeIgniter\CLI\Console->run()
 9 SYSTEMPATH/Boot.php(166): CodeIgniter\Boot::runCommand(Object(CodeIgniter\CLI\Console))
10 ROOTPATH/spark(87): CodeIgniter\Boot::bootSpark(Object(Config\Paths))
WARNING - 2026-08-31 03:09:51 --> [DEPRECATED] Since fakerphp/faker 1.14: Accessing property "company" is deprecated, use "company()" instead. in VENDORPATH/symfony/deprecation-contracts/function.php on line 25.
 1 VENDORPATH/symfony/deprecation-contracts/function.php(25): trigger_error('Since fakerphp/faker 1.14: Accessing property "company" is deprecated, use "company()" instead.', 16384)
 2 VENDORPATH/fakerphp/faker/src/Faker/Generator.php(962): trigger_deprecation('fakerphp/faker', '1.14', 'Accessing property "%s" is deprecated, use "%s()" instead.', 'company', 'company')
 3 APPPATH/Database/Seeds/ClientSeeder.php(18): Faker\Generator->__get('company')
 4 SYSTEMPATH/Database/Seeder.php(155): App\Database\Seeds\ClientSeeder->run()
 5 SYSTEMPATH/Commands/Database/Seed.php(79): CodeIgniter\Database\Seeder->call('App\\Database\\Seeds\\ClientSeeder')
 6 SYSTEMPATH/CLI/Commands.php(72): CodeIgniter\Commands\Database\Seed->run([])
 7 SYSTEMPATH/CLI/Console.php(47): CodeIgniter\CLI\Commands->run('db:seed', [...])
 8 SYSTEMPATH/Boot.php(444): CodeIgniter\CLI\Console->run()
 9 SYSTEMPATH/Boot.php(166): CodeIgniter\Boot::runCommand(Object(CodeIgniter\CLI\Console))
10 ROOTPATH/spark(87): CodeIgniter\Boot::bootSpark(Object(Config\Paths))
WARNING - 2026-08-31 03:09:51 --> [DEPRECATED] Since fakerphp/faker 1.14: Accessing property "name" is deprecated, use "name()" instead. in VENDORPATH/symfony/deprecation-contracts/function.php on line 25.
 1 VENDORPATH/symfony/deprecation-contracts/function.php(25): trigger_error('Since fakerphp/faker 1.14: Accessing property "name" is deprecated, use "name()" instead.', 16384)
 2 VENDORPATH/fakerphp/faker/src/Faker/Generator.php(962): trigger_deprecation('fakerphp/faker', '1.14', 'Accessing property "%s" is deprecated, use "%s()" instead.', 'name', 'name')
 3 APPPATH/Database/Seeds/ClientSeeder.php(21): Faker\Generator->__get('name')
 4 SYSTEMPATH/Database/Seeder.php(155): App\Database\Seeds\ClientSeeder->run()
 5 SYSTEMPATH/Commands/Database/Seed.php(79): CodeIgniter\Database\Seeder->call('App\\Database\\Seeds\\ClientSeeder')
 6 SYSTEMPATH/CLI/Commands.php(72): CodeIgniter\Commands\Database\Seed->run([])
 7 SYSTEMPATH/CLI/Console.php(47): CodeIgniter\CLI\Commands->run('db:seed', [...])
 8 SYSTEMPATH/Boot.php(444): CodeIgniter\CLI\Console->run()
 9 SYSTEMPATH/Boot.php(166): CodeIgniter\Boot::runCommand(Object(CodeIgniter\CLI\Console))
10 ROOTPATH/spark(87): CodeIgniter\Boot::bootSpark(Object(Config\Paths))
WARNING - 2026-08-31 03:09:51 --> [DEPRECATED] Since fakerphp/faker 1.14: Accessing property "phoneNumber" is deprecated, use "phoneNumber()" instead. in VENDORPATH/symfony/deprecation-contracts/function.php on line 25.
 1 VENDORPATH/symfony/deprecation-contracts/function.php(25): trigger_error('Since fakerphp/faker 1.14: Accessing property "phoneNumber" is deprecated, use "phoneNumber()" instead.', 16384)
 2 VENDORPATH/fakerphp/faker/src/Faker/Generator.php(962): trigger_deprecation('fakerphp/faker', '1.14', 'Accessing property "%s" is deprecated, use "%s()" instead.', 'phoneNumber', 'phoneNumber')
 3 APPPATH/Database/Seeds/ClientSeeder.php(26): Faker\Generator->__get('phoneNumber')
 4 SYSTEMPATH/Database/Seeder.php(155): App\Database\Seeds\ClientSeeder->run()
 5 SYSTEMPATH/Commands/Database/Seed.php(79): CodeIgniter\Database\Seeder->call('App\\Database\\Seeds\\ClientSeeder')
 6 SYSTEMPATH/CLI/Commands.php(72): CodeIgniter\Commands\Database\Seed->run([])
 7 SYSTEMPATH/CLI/Console.php(47): CodeIgniter\CLI\Commands->run('db:seed', [...])
 8 SYSTEMPATH/Boot.php(444): CodeIgniter\CLI\Console->run()
 9 SYSTEMPATH/Boot.php(166): CodeIgniter\Boot::runCommand(Object(CodeIgniter\CLI\Console))
10 ROOTPATH/spark(87): CodeIgniter\Boot::bootSpark(Object(Config\Paths))
WARNING - 2026-08-31 03:09:51 --> [DEPRECATED] Since fakerphp/faker 1.14: Accessing property "address" is deprecated, use "address()" instead. in VENDORPATH/symfony/deprecation-contracts/function.php on line 25.
 1 VENDORPATH/symfony/deprecation-contracts/function.php(25): trigger_error('Since fakerphp/faker 1.14: Accessing property "address" is deprecated, use "address()" instead.', 16384)
 2 VENDORPATH/fakerphp/faker/src/Faker/Generator.php(962): trigger_deprecation('fakerphp/faker', '1.14', 'Accessing property "%s" is deprecated, use "%s()" instead.', 'address', 'address')
 3 APPPATH/Database/Seeds/ClientSeeder.php(27): Faker\Generator->__get('address')
 4 SYSTEMPATH/Database/Seeder.php(155): App\Database\Seeds\ClientSeeder->run()
 5 SYSTEMPATH/Commands/Database/Seed.php(79): CodeIgniter\Database\Seeder->call('App\\Database\\Seeds\\ClientSeeder')
 6 SYSTEMPATH/CLI/Commands.php(72): CodeIgniter\Commands\Database\Seed->run([])
 7 SYSTEMPATH/CLI/Console.php(47): CodeIgniter\CLI\Commands->run('db:seed', [...])
 8 SYSTEMPATH/Boot.php(444): CodeIgniter\CLI\Console->run()
 9 SYSTEMPATH/Boot.php(166): CodeIgniter\Boot::runCommand(Object(CodeIgniter\CLI\Console))
10 ROOTPATH/spark(87): CodeIgniter\Boot::bootSpark(Object(Config\Paths))
WARNING - 2026-08-31 03:09:51 --> [DEPRECATED] Since fakerphp/faker 1.14: Accessing property "company" is deprecated, use "company()" instead. in VENDORPATH/symfony/deprecation-contracts/function.php on line 25.
 1 VENDORPATH/symfony/deprecation-contracts/function.php(25): trigger_error('Since fakerphp/faker 1.14: Accessing property "company" is deprecated, use "company()" instead.', 16384)
 2 VENDORPATH/fakerphp/faker/src/Faker/Generator.php(962): trigger_deprecation('fakerphp/faker', '1.14', 'Accessing property "%s" is deprecated, use "%s()" instead.', 'company', 'company')
 3 APPPATH/Database/Seeds/ClientSeeder.php(18): Faker\Generator->__get('company')
 4 SYSTEMPATH/Database/Seeder.php(155): App\Database\Seeds\ClientSeeder->run()
 5 SYSTEMPATH/Commands/Database/Seed.php(79): CodeIgniter\Database\Seeder->call('App\\Database\\Seeds\\ClientSeeder')
 6 SYSTEMPATH/CLI/Commands.php(72): CodeIgniter\Commands\Database\Seed->run([])
 7 SYSTEMPATH/CLI/Console.php(47): CodeIgniter\CLI\Commands->run('db:seed', [...])
 8 SYSTEMPATH/Boot.php(444): CodeIgniter\CLI\Console->run()
 9 SYSTEMPATH/Boot.php(166): CodeIgniter\Boot::runCommand(Object(CodeIgniter\CLI\Console))
10 ROOTPATH/spark(87): CodeIgniter\Boot::bootSpark(Object(Config\Paths))
WARNING - 2026-08-31 03:09:51 --> [DEPRECATED] Since fakerphp/faker 1.14: Accessing property "phoneNumber" is deprecated, use "phoneNumber()" instead. in VENDORPATH/symfony/deprecation-contracts/function.php on line 25.
 1 VENDORPATH/symfony/deprecation-contracts/function.php(25): trigger_error('Since fakerphp/faker 1.14: Accessing property "phoneNumber" is deprecated, use "phoneNumber()" instead.', 16384)
 2 VENDORPATH/fakerphp/faker/src/Faker/Generator.php(962): trigger_deprecation('fakerphp/faker', '1.14', 'Accessing property "%s" is deprecated, use "%s()" instead.', 'phoneNumber', 'phoneNumber')
 3 APPPATH/Database/Seeds/ClientSeeder.php(26): Faker\Generator->__get('phoneNumber')
 4 SYSTEMPATH/Database/Seeder.php(155): App\Database\Seeds\ClientSeeder->run()
 5 SYSTEMPATH/Commands/Database/Seed.php(79): CodeIgniter\Database\Seeder->call('App\\Database\\Seeds\\ClientSeeder')
 6 SYSTEMPATH/CLI/Commands.php(72): CodeIgniter\Commands\Database\Seed->run([])
 7 SYSTEMPATH/CLI/Console.php(47): CodeIgniter\CLI\Commands->run('db:seed', [...])
 8 SYSTEMPATH/Boot.php(444): CodeIgniter\CLI\Console->run()
 9 SYSTEMPATH/Boot.php(166): CodeIgniter\Boot::runCommand(Object(CodeIgniter\CLI\Console))
10 ROOTPATH/spark(87): CodeIgniter\Boot::bootSpark(Object(Config\Paths))
WARNING - 2026-08-31 03:09:51 --> [DEPRECATED] Since fakerphp/faker 1.14: Accessing property "address" is deprecated, use "address()" instead. in VENDORPATH/symfony/deprecation-contracts/function.php on line 25.
 1 VENDORPATH/symfony/deprecation-contracts/function.php(25): trigger_error('Since fakerphp/faker 1.14: Accessing property "address" is deprecated, use "address()" instead.', 16384)
 2 VENDORPATH/fakerphp/faker/src/Faker/Generator.php(962): trigger_deprecation('fakerphp/faker', '1.14', 'Accessing property "%s" is deprecated, use "%s()" instead.', 'address', 'address')
 3 APPPATH/Database/Seeds/ClientSeeder.php(27): Faker\Generator->__get('address')
 4 SYSTEMPATH/Database/Seeder.php(155): App\Database\Seeds\ClientSeeder->run()
 5 SYSTEMPATH/Commands/Database/Seed.php(79): CodeIgniter\Database\Seeder->call('App\\Database\\Seeds\\ClientSeeder')
 6 SYSTEMPATH/CLI/Commands.php(72): CodeIgniter\Commands\Database\Seed->run([])
 7 SYSTEMPATH/CLI/Console.php(47): CodeIgniter\CLI\Commands->run('db:seed', [...])
 8 SYSTEMPATH/Boot.php(444): CodeIgniter\CLI\Console->run()
 9 SYSTEMPATH/Boot.php(166): CodeIgniter\Boot::runCommand(Object(CodeIgniter\CLI\Console))
10 ROOTPATH/spark(87): CodeIgniter\Boot::bootSpark(Object(Config\Paths))
WARNING - 2026-08-31 03:09:51 --> [DEPRECATED] Since fakerphp/faker 1.14: Accessing property "company" is deprecated, use "company()" instead. in VENDORPATH/symfony/deprecation-contracts/function.php on line 25.
 1 VENDORPATH/symfony/deprecation-contracts/function.php(25): trigger_error('Since fakerphp/faker 1.14: Accessing property "company" is deprecated, use "company()" instead.', 16384)
 2 VENDORPATH/fakerphp/faker/src/Faker/Generator.php(962): trigger_deprecation('fakerphp/faker', '1.14', 'Accessing property "%s" is deprecated, use "%s()" instead.', 'company', 'company')
 3 APPPATH/Database/Seeds/ClientSeeder.php(18): Faker\Generator->__get('company')
 4 SYSTEMPATH/Database/Seeder.php(155): App\Database\Seeds\ClientSeeder->run()
 5 SYSTEMPATH/Commands/Database/Seed.php(79): CodeIgniter\Database\Seeder->call('App\\Database\\Seeds\\ClientSeeder')
 6 SYSTEMPATH/CLI/Commands.php(72): CodeIgniter\Commands\Database\Seed->run([])
 7 SYSTEMPATH/CLI/Console.php(47): CodeIgniter\CLI\Commands->run('db:seed', [...])
 8 SYSTEMPATH/Boot.php(444): CodeIgniter\CLI\Console->run()
 9 SYSTEMPATH/Boot.php(166): CodeIgniter\Boot::runCommand(Object(CodeIgniter\CLI\Console))
10 ROOTPATH/spark(87): CodeIgniter\Boot::bootSpark(Object(Config\Paths))
WARNING - 2026-08-31 03:09:51 --> [DEPRECATED] Since fakerphp/faker 1.14: Accessing property "phoneNumber" is deprecated, use "phoneNumber()" instead. in VENDORPATH/symfony/deprecation-contracts/function.php on line 25.
 1 VENDORPATH/symfony/deprecation-contracts/function.php(25): trigger_error('Since fakerphp/faker 1.14: Accessing property "phoneNumber" is deprecated, use "phoneNumber()" instead.', 16384)
 2 VENDORPATH/fakerphp/faker/src/Faker/Generator.php(962): trigger_deprecation('fakerphp/faker', '1.14', 'Accessing property "%s" is deprecated, use "%s()" instead.', 'phoneNumber', 'phoneNumber')
 3 APPPATH/Database/Seeds/ClientSeeder.php(26): Faker\Generator->__get('phoneNumber')
 4 SYSTEMPATH/Database/Seeder.php(155): App\Database\Seeds\ClientSeeder->run()
 5 SYSTEMPATH/Commands/Database/Seed.php(79): CodeIgniter\Database\Seeder->call('App\\Database\\Seeds\\ClientSeeder')
 6 SYSTEMPATH/CLI/Commands.php(72): CodeIgniter\Commands\Database\Seed->run([])
 7 SYSTEMPATH/CLI/Console.php(47): CodeIgniter\CLI\Commands->run('db:seed', [...])
 8 SYSTEMPATH/Boot.php(444): CodeIgniter\CLI\Console->run()
 9 SYSTEMPATH/Boot.php(166): CodeIgniter\Boot::runCommand(Object(CodeIgniter\CLI\Console))
10 ROOTPATH/spark(87): CodeIgniter\Boot::bootSpark(Object(Config\Paths))
WARNING - 2026-08-31 03:09:51 --> [DEPRECATED] Since fakerphp/faker 1.14: Accessing property "address" is deprecated, use "address()" instead. in VENDORPATH/symfony/deprecation-contracts/function.php on line 25.
 1 VENDORPATH/symfony/deprecation-contracts/function.php(25): trigger_error('Since fakerphp/faker 1.14: Accessing property "address" is deprecated, use "address()" instead.', 16384)
 2 VENDORPATH/fakerphp/faker/src/Faker/Generator.php(962): trigger_deprecation('fakerphp/faker', '1.14', 'Accessing property "%s" is deprecated, use "%s()" instead.', 'address', 'address')
 3 APPPATH/Database/Seeds/ClientSeeder.php(27): Faker\Generator->__get('address')
 4 SYSTEMPATH/Database/Seeder.php(155): App\Database\Seeds\ClientSeeder->run()
 5 SYSTEMPATH/Commands/Database/Seed.php(79): CodeIgniter\Database\Seeder->call('App\\Database\\Seeds\\ClientSeeder')
 6 SYSTEMPATH/CLI/Commands.php(72): CodeIgniter\Commands\Database\Seed->run([])
 7 SYSTEMPATH/CLI/Console.php(47): CodeIgniter\CLI\Commands->run('db:seed', [...])
 8 SYSTEMPATH/Boot.php(444): CodeIgniter\CLI\Console->run()
 9 SYSTEMPATH/Boot.php(166): CodeIgniter\Boot::runCommand(Object(CodeIgniter\CLI\Console))
10 ROOTPATH/spark(87): CodeIgniter\Boot::bootSpark(Object(Config\Paths))
WARNING - 2026-08-31 03:09:51 --> [DEPRECATED] Since fakerphp/faker 1.14: Accessing property "company" is deprecated, use "company()" instead. in VENDORPATH/symfony/deprecation-contracts/function.php on line 25.
 1 VENDORPATH/symfony/deprecation-contracts/function.php(25): trigger_error('Since fakerphp/faker 1.14: Accessing property "company" is deprecated, use "company()" instead.', 16384)
 2 VENDORPATH/fakerphp/faker/src/Faker/Generator.php(962): trigger_deprecation('fakerphp/faker', '1.14', 'Accessing property "%s" is deprecated, use "%s()" instead.', 'company', 'company')
 3 APPPATH/Database/Seeds/ClientSeeder.php(18): Faker\Generator->__get('company')
 4 SYSTEMPATH/Database/Seeder.php(155): App\Database\Seeds\ClientSeeder->run()
 5 SYSTEMPATH/Commands/Database/Seed.php(79): CodeIgniter\Database\Seeder->call('App\\Database\\Seeds\\ClientSeeder')
 6 SYSTEMPATH/CLI/Commands.php(72): CodeIgniter\Commands\Database\Seed->run([])
 7 SYSTEMPATH/CLI/Console.php(47): CodeIgniter\CLI\Commands->run('db:seed', [...])
 8 SYSTEMPATH/Boot.php(444): CodeIgniter\CLI\Console->run()
 9 SYSTEMPATH/Boot.php(166): CodeIgniter\Boot::runCommand(Object(CodeIgniter\CLI\Console))
10 ROOTPATH/spark(87): CodeIgniter\Boot::bootSpark(Object(Config\Paths))
WARNING - 2026-08-31 03:09:51 --> [DEPRECATED] Since fakerphp/faker 1.14: Accessing property "name" is deprecated, use "name()" instead. in VENDORPATH/symfony/deprecation-contracts/function.php on line 25.
 1 VENDORPATH/symfony/deprecation-contracts/function.php(25): trigger_error('Since fakerphp/faker 1.14: Accessing property "name" is deprecated, use "name()" instead.', 16384)
 2 VENDORPATH/fakerphp/faker/src/Faker/Generator.php(962): trigger_deprecation('fakerphp/faker', '1.14', 'Accessing property "%s" is deprecated, use "%s()" instead.', 'name', 'name')
 3 APPPATH/Database/Seeds/ClientSeeder.php(21): Faker\Generator->__get('name')
 4 SYSTEMPATH/Database/Seeder.php(155): App\Database\Seeds\ClientSeeder->run()
 5 SYSTEMPATH/Commands/Database/Seed.php(79): CodeIgniter\Database\Seeder->call('App\\Database\\Seeds\\ClientSeeder')
 6 SYSTEMPATH/CLI/Commands.php(72): CodeIgniter\Commands\Database\Seed->run([])
 7 SYSTEMPATH/CLI/Console.php(47): CodeIgniter\CLI\Commands->run('db:seed', [...])
 8 SYSTEMPATH/Boot.php(444): CodeIgniter\CLI\Console->run()
 9 SYSTEMPATH/Boot.php(166): CodeIgniter\Boot::runCommand(Object(CodeIgniter\CLI\Console))
10 ROOTPATH/spark(87): CodeIgniter\Boot::bootSpark(Object(Config\Paths))
WARNING - 2026-08-31 03:09:51 --> [DEPRECATED] Since fakerphp/faker 1.14: Accessing property "phoneNumber" is deprecated, use "phoneNumber()" instead. in VENDORPATH/symfony/deprecation-contracts/function.php on line 25.
 1 VENDORPATH/symfony/deprecation-contracts/function.php(25): trigger_error('Since fakerphp/faker 1.14: Accessing property "phoneNumber" is deprecated, use "phoneNumber()" instead.', 16384)
 2 VENDORPATH/fakerphp/faker/src/Faker/Generator.php(962): trigger_deprecation('fakerphp/faker', '1.14', 'Accessing property "%s" is deprecated, use "%s()" instead.', 'phoneNumber', 'phoneNumber')
 3 APPPATH/Database/Seeds/ClientSeeder.php(26): Faker\Generator->__get('phoneNumber')
 4 SYSTEMPATH/Database/Seeder.php(155): App\Database\Seeds\ClientSeeder->run()
 5 SYSTEMPATH/Commands/Database/Seed.php(79): CodeIgniter\Database\Seeder->call('App\\Database\\Seeds\\ClientSeeder')
 6 SYSTEMPATH/CLI/Commands.php(72): CodeIgniter\Commands\Database\Seed->run([])
 7 SYSTEMPATH/CLI/Console.php(47): CodeIgniter\CLI\Commands->run('db:seed', [...])
 8 SYSTEMPATH/Boot.php(444): CodeIgniter\CLI\Console->run()
 9 SYSTEMPATH/Boot.php(166): CodeIgniter\Boot::runCommand(Object(CodeIgniter\CLI\Console))
10 ROOTPATH/spark(87): CodeIgniter\Boot::bootSpark(Object(Config\Paths))
WARNING - 2026-08-31 03:09:51 --> [DEPRECATED] Since fakerphp/faker 1.14: Accessing property "address" is deprecated, use "address()" instead. in VENDORPATH/symfony/deprecation-contracts/function.php on line 25.
 1 VENDORPATH/symfony/deprecation-contracts/function.php(25): trigger_error('Since fakerphp/faker 1.14: Accessing property "address" is deprecated, use "address()" instead.', 16384)
 2 VENDORPATH/fakerphp/faker/src/Faker/Generator.php(962): trigger_deprecation('fakerphp/faker', '1.14', 'Accessing property "%s" is deprecated, use "%s()" instead.', 'address', 'address')
 3 APPPATH/Database/Seeds/ClientSeeder.php(27): Faker\Generator->__get('address')
 4 SYSTEMPATH/Database/Seeder.php(155): App\Database\Seeds\ClientSeeder->run()
 5 SYSTEMPATH/Commands/Database/Seed.php(79): CodeIgniter\Database\Seeder->call('App\\Database\\Seeds\\ClientSeeder')
 6 SYSTEMPATH/CLI/Commands.php(72): CodeIgniter\Commands\Database\Seed->run([])
 7 SYSTEMPATH/CLI/Console.php(47): CodeIgniter\CLI\Commands->run('db:seed', [...])
 8 SYSTEMPATH/Boot.php(444): CodeIgniter\CLI\Console->run()
 9 SYSTEMPATH/Boot.php(166): CodeIgniter\Boot::runCommand(Object(CodeIgniter\CLI\Console))
10 ROOTPATH/spark(87): CodeIgniter\Boot::bootSpark(Object(Config\Paths))
WARNING - 2026-08-31 03:09:51 --> [DEPRECATED] Since fakerphp/faker 1.14: Accessing property "company" is deprecated, use "company()" instead. in VENDORPATH/symfony/deprecation-contracts/function.php on line 25.
 1 VENDORPATH/symfony/deprecation-contracts/function.php(25): trigger_error('Since fakerphp/faker 1.14: Accessing property "company" is deprecated, use "company()" instead.', 16384)
 2 VENDORPATH/fakerphp/faker/src/Faker/Generator.php(962): trigger_deprecation('fakerphp/faker', '1.14', 'Accessing property "%s" is deprecated, use "%s()" instead.', 'company', 'company')
 3 APPPATH/Database/Seeds/ClientSeeder.php(18): Faker\Generator->__get('company')
 4 SYSTEMPATH/Database/Seeder.php(155): App\Database\Seeds\ClientSeeder->run()
 5 SYSTEMPATH/Commands/Database/Seed.php(79): CodeIgniter\Database\Seeder->call('App\\Database\\Seeds\\ClientSeeder')
 6 SYSTEMPATH/CLI/Commands.php(72): CodeIgniter\Commands\Database\Seed->run([])
 7 SYSTEMPATH/CLI/Console.php(47): CodeIgniter\CLI\Commands->run('db:seed', [...])
 8 SYSTEMPATH/Boot.php(444): CodeIgniter\CLI\Console->run()
 9 SYSTEMPATH/Boot.php(166): CodeIgniter\Boot::runCommand(Object(CodeIgniter\CLI\Console))
10 ROOTPATH/spark(87): CodeIgniter\Boot::bootSpark(Object(Config\Paths))
WARNING - 2026-08-31 03:09:51 --> [DEPRECATED] Since fakerphp/faker 1.14: Accessing property "phoneNumber" is deprecated, use "phoneNumber()" instead. in VENDORPATH/symfony/deprecation-contracts/function.php on line 25.
 1 VENDORPATH/symfony/deprecation-contracts/function.php(25): trigger_error('Since fakerphp/faker 1.14: Accessing property "phoneNumber" is deprecated, use "phoneNumber()" instead.', 16384)
 2 VENDORPATH/fakerphp/faker/src/Faker/Generator.php(962): trigger_deprecation('fakerphp/faker', '1.14', 'Accessing property "%s" is deprecated, use "%s()" instead.', 'phoneNumber', 'phoneNumber')
 3 APPPATH/Database/Seeds/ClientSeeder.php(26): Faker\Generator->__get('phoneNumber')
 4 SYSTEMPATH/Database/Seeder.php(155): App\Database\Seeds\ClientSeeder->run()
 5 SYSTEMPATH/Commands/Database/Seed.php(79): CodeIgniter\Database\Seeder->call('App\\Database\\Seeds\\ClientSeeder')
 6 SYSTEMPATH/CLI/Commands.php(72): CodeIgniter\Commands\Database\Seed->run([])
 7 SYSTEMPATH/CLI/Console.php(47): CodeIgniter\CLI\Commands->run('db:seed', [...])
 8 SYSTEMPATH/Boot.php(444): CodeIgniter\CLI\Console->run()
 9 SYSTEMPATH/Boot.php(166): CodeIgniter\Boot::runCommand(Object(CodeIgniter\CLI\Console))
10 ROOTPATH/spark(87): CodeIgniter\Boot::bootSpark(Object(Config\Paths))
WARNING - 2026-08-31 03:09:51 --> [DEPRECATED] Since fakerphp/faker 1.14: Accessing property "address" is deprecated, use "address()" instead. in VENDORPATH/symfony/deprecation-contracts/function.php on line 25.
 1 VENDORPATH/symfony/deprecation-contracts/function.php(25): trigger_error('Since fakerphp/faker 1.14: Accessing property "address" is deprecated, use "address()" instead.', 16384)
 2 VENDORPATH/fakerphp/faker/src/Faker/Generator.php(962): trigger_deprecation('fakerphp/faker', '1.14', 'Accessing property "%s" is deprecated, use "%s()" instead.', 'address', 'address')
 3 APPPATH/Database/Seeds/ClientSeeder.php(27): Faker\Generator->__get('address')
 4 SYSTEMPATH/Database/Seeder.php(155): App\Database\Seeds\ClientSeeder->run()
 5 SYSTEMPATH/Commands/Database/Seed.php(79): CodeIgniter\Database\Seeder->call('App\\Database\\Seeds\\ClientSeeder')
 6 SYSTEMPATH/CLI/Commands.php(72): CodeIgniter\Commands\Database\Seed->run([])
 7 SYSTEMPATH/CLI/Console.php(47): CodeIgniter\CLI\Commands->run('db:seed', [...])
 8 SYSTEMPATH/Boot.php(444): CodeIgniter\CLI\Console->run()
 9 SYSTEMPATH/Boot.php(166): CodeIgniter\Boot::runCommand(Object(CodeIgniter\CLI\Console))
10 ROOTPATH/spark(87): CodeIgniter\Boot::bootSpark(Object(Config\Paths))
WARNING - 2026-08-31 03:09:51 --> [DEPRECATED] Since fakerphp/faker 1.14: Accessing property "company" is deprecated, use "company()" instead. in VENDORPATH/symfony/deprecation-contracts/function.php on line 25.
 1 VENDORPATH/symfony/deprecation-contracts/function.php(25): trigger_error('Since fakerphp/faker 1.14: Accessing property "company" is deprecated, use "company()" instead.', 16384)
 2 VENDORPATH/fakerphp/faker/src/Faker/Generator.php(962): trigger_deprecation('fakerphp/faker', '1.14', 'Accessing property "%s" is deprecated, use "%s()" instead.', 'company', 'company')
 3 APPPATH/Database/Seeds/ClientSeeder.php(18): Faker\Generator->__get('company')
 4 SYSTEMPATH/Database/Seeder.php(155): App\Database\Seeds\ClientSeeder->run()
 5 SYSTEMPATH/Commands/Database/Seed.php(79): CodeIgniter\Database\Seeder->call('App\\Database\\Seeds\\ClientSeeder')
 6 SYSTEMPATH/CLI/Commands.php(72): CodeIgniter\Commands\Database\Seed->run([])
 7 SYSTEMPATH/CLI/Console.php(47): CodeIgniter\CLI\Commands->run('db:seed', [...])
 8 SYSTEMPATH/Boot.php(444): CodeIgniter\CLI\Console->run()
 9 SYSTEMPATH/Boot.php(166): CodeIgniter\Boot::runCommand(Object(CodeIgniter\CLI\Console))
10 ROOTPATH/spark(87): CodeIgniter\Boot::bootSpark(Object(Config\Paths))
WARNING - 2026-08-31 03:09:51 --> [DEPRECATED] Since fakerphp/faker 1.14: Accessing property "phoneNumber" is deprecated, use "phoneNumber()" instead. in VENDORPATH/symfony/deprecation-contracts/function.php on line 25.
 1 VENDORPATH/symfony/deprecation-contracts/function.php(25): trigger_error('Since fakerphp/faker 1.14: Accessing property "phoneNumber" is deprecated, use "phoneNumber()" instead.', 16384)
 2 VENDORPATH/fakerphp/faker/src/Faker/Generator.php(962): trigger_deprecation('fakerphp/faker', '1.14', 'Accessing property "%s" is deprecated, use "%s()" instead.', 'phoneNumber', 'phoneNumber')
 3 APPPATH/Database/Seeds/ClientSeeder.php(26): Faker\Generator->__get('phoneNumber')
 4 SYSTEMPATH/Database/Seeder.php(155): App\Database\Seeds\ClientSeeder->run()
 5 SYSTEMPATH/Commands/Database/Seed.php(79): CodeIgniter\Database\Seeder->call('App\\Database\\Seeds\\ClientSeeder')
 6 SYSTEMPATH/CLI/Commands.php(72): CodeIgniter\Commands\Database\Seed->run([])
 7 SYSTEMPATH/CLI/Console.php(47): CodeIgniter\CLI\Commands->run('db:seed', [...])
 8 SYSTEMPATH/Boot.php(444): CodeIgniter\CLI\Console->run()
 9 SYSTEMPATH/Boot.php(166): CodeIgniter\Boot::runCommand(Object(CodeIgniter\CLI\Console))
10 ROOTPATH/spark(87): CodeIgniter\Boot::bootSpark(Object(Config\Paths))
WARNING - 2026-08-31 03:09:51 --> [DEPRECATED] Since fakerphp/faker 1.14: Accessing property "address" is deprecated, use "address()" instead. in VENDORPATH/symfony/deprecation-contracts/function.php on line 25.
 1 VENDORPATH/symfony/deprecation-contracts/function.php(25): trigger_error('Since fakerphp/faker 1.14: Accessing property "address" is deprecated, use "address()" instead.', 16384)
 2 VENDORPATH/fakerphp/faker/src/Faker/Generator.php(962): trigger_deprecation('fakerphp/faker', '1.14', 'Accessing property "%s" is deprecated, use "%s()" instead.', 'address', 'address')
 3 APPPATH/Database/Seeds/ClientSeeder.php(27): Faker\Generator->__get('address')
 4 SYSTEMPATH/Database/Seeder.php(155): App\Database\Seeds\ClientSeeder->run()
 5 SYSTEMPATH/Commands/Database/Seed.php(79): CodeIgniter\Database\Seeder->call('App\\Database\\Seeds\\ClientSeeder')
 6 SYSTEMPATH/CLI/Commands.php(72): CodeIgniter\Commands\Database\Seed->run([])
 7 SYSTEMPATH/CLI/Console.php(47): CodeIgniter\CLI\Commands->run('db:seed', [...])
 8 SYSTEMPATH/Boot.php(444): CodeIgniter\CLI\Console->run()
 9 SYSTEMPATH/Boot.php(166): CodeIgniter\Boot::runCommand(Object(CodeIgniter\CLI\Console))
10 ROOTPATH/spark(87): CodeIgniter\Boot::bootSpark(Object(Config\Paths))
WARNING - 2026-08-31 03:09:51 --> [DEPRECATED] Since fakerphp/faker 1.14: Accessing property "company" is deprecated, use "company()" instead. in VENDORPATH/symfony/deprecation-contracts/function.php on line 25.
 1 VENDORPATH/symfony/deprecation-contracts/function.php(25): trigger_error('Since fakerphp/faker 1.14: Accessing property "company" is deprecated, use "company()" instead.', 16384)
 2 VENDORPATH/fakerphp/faker/src/Faker/Generator.php(962): trigger_deprecation('fakerphp/faker', '1.14', 'Accessing property "%s" is deprecated, use "%s()" instead.', 'company', 'company')
 3 APPPATH/Database/Seeds/ClientSeeder.php(18): Faker\Generator->__get('company')
 4 SYSTEMPATH/Database/Seeder.php(155): App\Database\Seeds\ClientSeeder->run()
 5 SYSTEMPATH/Commands/Database/Seed.php(79): CodeIgniter\Database\Seeder->call('App\\Database\\Seeds\\ClientSeeder')
 6 SYSTEMPATH/CLI/Commands.php(72): CodeIgniter\Commands\Database\Seed->run([])
 7 SYSTEMPATH/CLI/Console.php(47): CodeIgniter\CLI\Commands->run('db:seed', [...])
 8 SYSTEMPATH/Boot.php(444): CodeIgniter\CLI\Console->run()
 9 SYSTEMPATH/Boot.php(166): CodeIgniter\Boot::runCommand(Object(CodeIgniter\CLI\Console))
10 ROOTPATH/spark(87): CodeIgniter\Boot::bootSpark(Object(Config\Paths))
WARNING - 2026-08-31 03:09:51 --> [DEPRECATED] Since fakerphp/faker 1.14: Accessing property "name" is deprecated, use "name()" instead. in VENDORPATH/symfony/deprecation-contracts/function.php on line 25.
 1 VENDORPATH/symfony/deprecation-contracts/function.php(25): trigger_error('Since fakerphp/faker 1.14: Accessing property "name" is deprecated, use "name()" instead.', 16384)
 2 VENDORPATH/fakerphp/faker/src/Faker/Generator.php(962): trigger_deprecation('fakerphp/faker', '1.14', 'Accessing property "%s" is deprecated, use "%s()" instead.', 'name', 'name')
 3 APPPATH/Database/Seeds/ClientSeeder.php(21): Faker\Generator->__get('name')
 4 SYSTEMPATH/Database/Seeder.php(155): App\Database\Seeds\ClientSeeder->run()
 5 SYSTEMPATH/Commands/Database/Seed.php(79): CodeIgniter\Database\Seeder->call('App\\Database\\Seeds\\ClientSeeder')
 6 SYSTEMPATH/CLI/Commands.php(72): CodeIgniter\Commands\Database\Seed->run([])
 7 SYSTEMPATH/CLI/Console.php(47): CodeIgniter\CLI\Commands->run('db:seed', [...])
 8 SYSTEMPATH/Boot.php(444): CodeIgniter\CLI\Console->run()
 9 SYSTEMPATH/Boot.php(166): CodeIgniter\Boot::runCommand(Object(CodeIgniter\CLI\Console))
10 ROOTPATH/spark(87): CodeIgniter\Boot::bootSpark(Object(Config\Paths))
WARNING - 2026-08-31 03:09:51 --> [DEPRECATED] Since fakerphp/faker 1.14: Accessing property "phoneNumber" is deprecated, use "phoneNumber()" instead. in VENDORPATH/symfony/deprecation-contracts/function.php on line 25.
 1 VENDORPATH/symfony/deprecation-contracts/function.php(25): trigger_error('Since fakerphp/faker 1.14: Accessing property "phoneNumber" is deprecated, use "phoneNumber()" instead.', 16384)
 2 VENDORPATH/fakerphp/faker/src/Faker/Generator.php(962): trigger_deprecation('fakerphp/faker', '1.14', 'Accessing property "%s" is deprecated, use "%s()" instead.', 'phoneNumber', 'phoneNumber')
 3 APPPATH/Database/Seeds/ClientSeeder.php(26): Faker\Generator->__get('phoneNumber')
 4 SYSTEMPATH/Database/Seeder.php(155): App\Database\Seeds\ClientSeeder->run()
 5 SYSTEMPATH/Commands/Database/Seed.php(79): CodeIgniter\Database\Seeder->call('App\\Database\\Seeds\\ClientSeeder')
 6 SYSTEMPATH/CLI/Commands.php(72): CodeIgniter\Commands\Database\Seed->run([])
 7 SYSTEMPATH/CLI/Console.php(47): CodeIgniter\CLI\Commands->run('db:seed', [...])
 8 SYSTEMPATH/Boot.php(444): CodeIgniter\CLI\Console->run()
 9 SYSTEMPATH/Boot.php(166): CodeIgniter\Boot::runCommand(Object(CodeIgniter\CLI\Console))
10 ROOTPATH/spark(87): CodeIgniter\Boot::bootSpark(Object(Config\Paths))
WARNING - 2026-08-31 03:09:51 --> [DEPRECATED] Since fakerphp/faker 1.14: Accessing property "address" is deprecated, use "address()" instead. in VENDORPATH/symfony/deprecation-contracts/function.php on line 25.
 1 VENDORPATH/symfony/deprecation-contracts/function.php(25): trigger_error('Since fakerphp/faker 1.14: Accessing property "address" is deprecated, use "address()" instead.', 16384)
 2 VENDORPATH/fakerphp/faker/src/Faker/Generator.php(962): trigger_deprecation('fakerphp/faker', '1.14', 'Accessing property "%s" is deprecated, use "%s()" instead.', 'address', 'address')
 3 APPPATH/Database/Seeds/ClientSeeder.php(27): Faker\Generator->__get('address')
 4 SYSTEMPATH/Database/Seeder.php(155): App\Database\Seeds\ClientSeeder->run()
 5 SYSTEMPATH/Commands/Database/Seed.php(79): CodeIgniter\Database\Seeder->call('App\\Database\\Seeds\\ClientSeeder')
 6 SYSTEMPATH/CLI/Commands.php(72): CodeIgniter\Commands\Database\Seed->run([])
 7 SYSTEMPATH/CLI/Console.php(47): CodeIgniter\CLI\Commands->run('db:seed', [...])
 8 SYSTEMPATH/Boot.php(444): CodeIgniter\CLI\Console->run()
 9 SYSTEMPATH/Boot.php(166): CodeIgniter\Boot::runCommand(Object(CodeIgniter\CLI\Console))
10 ROOTPATH/spark(87): CodeIgniter\Boot::bootSpark(Object(Config\Paths))
WARNING - 2026-08-31 03:09:51 --> [DEPRECATED] Since fakerphp/faker 1.14: Accessing property "company" is deprecated, use "company()" instead. in VENDORPATH/symfony/deprecation-contracts/function.php on line 25.
 1 VENDORPATH/symfony/deprecation-contracts/function.php(25): trigger_error('Since fakerphp/faker 1.14: Accessing property "company" is deprecated, use "company()" instead.', 16384)
 2 VENDORPATH/fakerphp/faker/src/Faker/Generator.php(962): trigger_deprecation('fakerphp/faker', '1.14', 'Accessing property "%s" is deprecated, use "%s()" instead.', 'company', 'company')
 3 APPPATH/Database/Seeds/ClientSeeder.php(18): Faker\Generator->__get('company')
 4 SYSTEMPATH/Database/Seeder.php(155): App\Database\Seeds\ClientSeeder->run()
 5 SYSTEMPATH/Commands/Database/Seed.php(79): CodeIgniter\Database\Seeder->call('App\\Database\\Seeds\\ClientSeeder')
 6 SYSTEMPATH/CLI/Commands.php(72): CodeIgniter\Commands\Database\Seed->run([])
 7 SYSTEMPATH/CLI/Console.php(47): CodeIgniter\CLI\Commands->run('db:seed', [...])
 8 SYSTEMPATH/Boot.php(444): CodeIgniter\CLI\Console->run()
 9 SYSTEMPATH/Boot.php(166): CodeIgniter\Boot::runCommand(Object(CodeIgniter\CLI\Console))
10 ROOTPATH/spark(87): CodeIgniter\Boot::bootSpark(Object(Config\Paths))
WARNING - 2026-08-31 03:09:51 --> [DEPRECATED] Since fakerphp/faker 1.14: Accessing property "phoneNumber" is deprecated, use "phoneNumber()" instead. in VENDORPATH/symfony/deprecation-contracts/function.php on line 25.
 1 VENDORPATH/symfony/deprecation-contracts/function.php(25): trigger_error('Since fakerphp/faker 1.14: Accessing property "phoneNumber" is deprecated, use "phoneNumber()" instead.', 16384)
 2 VENDORPATH/fakerphp/faker/src/Faker/Generator.php(962): trigger_deprecation('fakerphp/faker', '1.14', 'Accessing property "%s" is deprecated, use "%s()" instead.', 'phoneNumber', 'phoneNumber')
 3 APPPATH/Database/Seeds/ClientSeeder.php(26): Faker\Generator->__get('phoneNumber')
 4 SYSTEMPATH/Database/Seeder.php(155): App\Database\Seeds\ClientSeeder->run()
 5 SYSTEMPATH/Commands/Database/Seed.php(79): CodeIgniter\Database\Seeder->call('App\\Database\\Seeds\\ClientSeeder')
 6 SYSTEMPATH/CLI/Commands.php(72): CodeIgniter\Commands\Database\Seed->run([])
 7 SYSTEMPATH/CLI/Console.php(47): CodeIgniter\CLI\Commands->run('db:seed', [...])
 8 SYSTEMPATH/Boot.php(444): CodeIgniter\CLI\Console->run()
 9 SYSTEMPATH/Boot.php(166): CodeIgniter\Boot::runCommand(Object(CodeIgniter\CLI\Console))
10 ROOTPATH/spark(87): CodeIgniter\Boot::bootSpark(Object(Config\Paths))
WARNING - 2026-08-31 03:09:51 --> [DEPRECATED] Since fakerphp/faker 1.14: Accessing property "address" is deprecated, use "address()" instead. in VENDORPATH/symfony/deprecation-contracts/function.php on line 25.
 1 VENDORPATH/symfony/deprecation-contracts/function.php(25): trigger_error('Since fakerphp/faker 1.14: Accessing property "address" is deprecated, use "address()" instead.', 16384)
 2 VENDORPATH/fakerphp/faker/src/Faker/Generator.php(962): trigger_deprecation('fakerphp/faker', '1.14', 'Accessing property "%s" is deprecated, use "%s()" instead.', 'address', 'address')
 3 APPPATH/Database/Seeds/ClientSeeder.php(27): Faker\Generator->__get('address')
 4 SYSTEMPATH/Database/Seeder.php(155): App\Database\Seeds\ClientSeeder->run()
 5 SYSTEMPATH/Commands/Database/Seed.php(79): CodeIgniter\Database\Seeder->call('App\\Database\\Seeds\\ClientSeeder')
 6 SYSTEMPATH/CLI/Commands.php(72): CodeIgniter\Commands\Database\Seed->run([])
 7 SYSTEMPATH/CLI/Console.php(47): CodeIgniter\CLI\Commands->run('db:seed', [...])
 8 SYSTEMPATH/Boot.php(444): CodeIgniter\CLI\Console->run()
 9 SYSTEMPATH/Boot.php(166): CodeIgniter\Boot::runCommand(Object(CodeIgniter\CLI\Console))
10 ROOTPATH/spark(87): CodeIgniter\Boot::bootSpark(Object(Config\Paths))
WARNING - 2026-08-31 03:09:51 --> [DEPRECATED] Since fakerphp/faker 1.14: Accessing property "company" is deprecated, use "company()" instead. in VENDORPATH/symfony/deprecation-contracts/function.php on line 25.
 1 VENDORPATH/symfony/deprecation-contracts/function.php(25): trigger_error('Since fakerphp/faker 1.14: Accessing property "company" is deprecated, use "company()" instead.', 16384)
 2 VENDORPATH/fakerphp/faker/src/Faker/Generator.php(962): trigger_deprecation('fakerphp/faker', '1.14', 'Accessing property "%s" is deprecated, use "%s()" instead.', 'company', 'company')
 3 APPPATH/Database/Seeds/ClientSeeder.php(18): Faker\Generator->__get('company')
 4 SYSTEMPATH/Database/Seeder.php(155): App\Database\Seeds\ClientSeeder->run()
 5 SYSTEMPATH/Commands/Database/Seed.php(79): CodeIgniter\Database\Seeder->call('App\\Database\\Seeds\\ClientSeeder')
 6 SYSTEMPATH/CLI/Commands.php(72): CodeIgniter\Commands\Database\Seed->run([])
 7 SYSTEMPATH/CLI/Console.php(47): CodeIgniter\CLI\Commands->run('db:seed', [...])
 8 SYSTEMPATH/Boot.php(444): CodeIgniter\CLI\Console->run()
 9 SYSTEMPATH/Boot.php(166): CodeIgniter\Boot::runCommand(Object(CodeIgniter\CLI\Console))
10 ROOTPATH/spark(87): CodeIgniter\Boot::bootSpark(Object(Config\Paths))
WARNING - 2026-08-31 03:09:51 --> [DEPRECATED] Since fakerphp/faker 1.14: Accessing property "phoneNumber" is deprecated, use "phoneNumber()" instead. in VENDORPATH/symfony/deprecation-contracts/function.php on line 25.
 1 VENDORPATH/symfony/deprecation-contracts/function.php(25): trigger_error('Since fakerphp/faker 1.14: Accessing property "phoneNumber" is deprecated, use "phoneNumber()" instead.', 16384)
 2 VENDORPATH/fakerphp/faker/src/Faker/Generator.php(962): trigger_deprecation('fakerphp/faker', '1.14', 'Accessing property "%s" is deprecated, use "%s()" instead.', 'phoneNumber', 'phoneNumber')
 3 APPPATH/Database/Seeds/ClientSeeder.php(26): Faker\Generator->__get('phoneNumber')
 4 SYSTEMPATH/Database/Seeder.php(155): App\Database\Seeds\ClientSeeder->run()
 5 SYSTEMPATH/Commands/Database/Seed.php(79): CodeIgniter\Database\Seeder->call('App\\Database\\Seeds\\ClientSeeder')
 6 SYSTEMPATH/CLI/Commands.php(72): CodeIgniter\Commands\Database\Seed->run([])
 7 SYSTEMPATH/CLI/Console.php(47): CodeIgniter\CLI\Commands->run('db:seed', [...])
 8 SYSTEMPATH/Boot.php(444): CodeIgniter\CLI\Console->run()
 9 SYSTEMPATH/Boot.php(166): CodeIgniter\Boot::runCommand(Object(CodeIgniter\CLI\Console))
10 ROOTPATH/spark(87): CodeIgniter\Boot::bootSpark(Object(Config\Paths))
WARNING - 2026-08-31 03:09:51 --> [DEPRECATED] Since fakerphp/faker 1.14: Accessing property "address" is deprecated, use "address()" instead. in VENDORPATH/symfony/deprecation-contracts/function.php on line 25.
 1 VENDORPATH/symfony/deprecation-contracts/function.php(25): trigger_error('Since fakerphp/faker 1.14: Accessing property "address" is deprecated, use "address()" instead.', 16384)
 2 VENDORPATH/fakerphp/faker/src/Faker/Generator.php(962): trigger_deprecation('fakerphp/faker', '1.14', 'Accessing property "%s" is deprecated, use "%s()" instead.', 'address', 'address')
 3 APPPATH/Database/Seeds/ClientSeeder.php(27): Faker\Generator->__get('address')
 4 SYSTEMPATH/Database/Seeder.php(155): App\Database\Seeds\ClientSeeder->run()
 5 SYSTEMPATH/Commands/Database/Seed.php(79): CodeIgniter\Database\Seeder->call('App\\Database\\Seeds\\ClientSeeder')
 6 SYSTEMPATH/CLI/Commands.php(72): CodeIgniter\Commands\Database\Seed->run([])
 7 SYSTEMPATH/CLI/Console.php(47): CodeIgniter\CLI\Commands->run('db:seed', [...])
 8 SYSTEMPATH/Boot.php(444): CodeIgniter\CLI\Console->run()
 9 SYSTEMPATH/Boot.php(166): CodeIgniter\Boot::runCommand(Object(CodeIgniter\CLI\Console))
10 ROOTPATH/spark(87): CodeIgniter\Boot::bootSpark(Object(Config\Paths))
WARNING - 2026-08-31 03:09:51 --> [DEPRECATED] Since fakerphp/faker 1.14: Accessing property "company" is deprecated, use "company()" instead. in VENDORPATH/symfony/deprecation-contracts/function.php on line 25.
 1 VENDORPATH/symfony/deprecation-contracts/function.php(25): trigger_error('Since fakerphp/faker 1.14: Accessing property "company" is deprecated, use "company()" instead.', 16384)
 2 VENDORPATH/fakerphp/faker/src/Faker/Generator.php(962): trigger_deprecation('fakerphp/faker', '1.14', 'Accessing property "%s" is deprecated, use "%s()" instead.', 'company', 'company')
 3 APPPATH/Database/Seeds/ClientSeeder.php(18): Faker\Generator->__get('company')
 4 SYSTEMPATH/Database/Seeder.php(155): App\Database\Seeds\ClientSeeder->run()
 5 SYSTEMPATH/Commands/Database/Seed.php(79): CodeIgniter\Database\Seeder->call('App\\Database\\Seeds\\ClientSeeder')
 6 SYSTEMPATH/CLI/Commands.php(72): CodeIgniter\Commands\Database\Seed->run([])
 7 SYSTEMPATH/CLI/Console.php(47): CodeIgniter\CLI\Commands->run('db:seed', [...])
 8 SYSTEMPATH/Boot.php(444): CodeIgniter\CLI\Console->run()
 9 SYSTEMPATH/Boot.php(166): CodeIgniter\Boot::runCommand(Object(CodeIgniter\CLI\Console))
10 ROOTPATH/spark(87): CodeIgniter\Boot::bootSpark(Object(Config\Paths))
WARNING - 2026-08-31 03:09:51 --> [DEPRECATED] Since fakerphp/faker 1.14: Accessing property "name" is deprecated, use "name()" instead. in VENDORPATH/symfony/deprecation-contracts/function.php on line 25.
 1 VENDORPATH/symfony/deprecation-contracts/function.php(25): trigger_error('Since fakerphp/faker 1.14: Accessing property "name" is deprecated, use "name()" instead.', 16384)
 2 VENDORPATH/fakerphp/faker/src/Faker/Generator.php(962): trigger_deprecation('fakerphp/faker', '1.14', 'Accessing property "%s" is deprecated, use "%s()" instead.', 'name', 'name')
 3 APPPATH/Database/Seeds/ClientSeeder.php(21): Faker\Generator->__get('name')
 4 SYSTEMPATH/Database/Seeder.php(155): App\Database\Seeds\ClientSeeder->run()
 5 SYSTEMPATH/Commands/Database/Seed.php(79): CodeIgniter\Database\Seeder->call('App\\Database\\Seeds\\ClientSeeder')
 6 SYSTEMPATH/CLI/Commands.php(72): CodeIgniter\Commands\Database\Seed->run([])
 7 SYSTEMPATH/CLI/Console.php(47): CodeIgniter\CLI\Commands->run('db:seed', [...])
 8 SYSTEMPATH/Boot.php(444): CodeIgniter\CLI\Console->run()
 9 SYSTEMPATH/Boot.php(166): CodeIgniter\Boot::runCommand(Object(CodeIgniter\CLI\Console))
10 ROOTPATH/spark(87): CodeIgniter\Boot::bootSpark(Object(Config\Paths))
WARNING - 2026-08-31 03:09:51 --> [DEPRECATED] Since fakerphp/faker 1.14: Accessing property "phoneNumber" is deprecated, use "phoneNumber()" instead. in VENDORPATH/symfony/deprecation-contracts/function.php on line 25.
 1 VENDORPATH/symfony/deprecation-contracts/function.php(25): trigger_error('Since fakerphp/faker 1.14: Accessing property "phoneNumber" is deprecated, use "phoneNumber()" instead.', 16384)
 2 VENDORPATH/fakerphp/faker/src/Faker/Generator.php(962): trigger_deprecation('fakerphp/faker', '1.14', 'Accessing property "%s" is deprecated, use "%s()" instead.', 'phoneNumber', 'phoneNumber')
 3 APPPATH/Database/Seeds/ClientSeeder.php(26): Faker\Generator->__get('phoneNumber')
 4 SYSTEMPATH/Database/Seeder.php(155): App\Database\Seeds\ClientSeeder->run()
 5 SYSTEMPATH/Commands/Database/Seed.php(79): CodeIgniter\Database\Seeder->call('App\\Database\\Seeds\\ClientSeeder')
 6 SYSTEMPATH/CLI/Commands.php(72): CodeIgniter\Commands\Database\Seed->run([])
 7 SYSTEMPATH/CLI/Console.php(47): CodeIgniter\CLI\Commands->run('db:seed', [...])
 8 SYSTEMPATH/Boot.php(444): CodeIgniter\CLI\Console->run()
 9 SYSTEMPATH/Boot.php(166): CodeIgniter\Boot::runCommand(Object(CodeIgniter\CLI\Console))
10 ROOTPATH/spark(87): CodeIgniter\Boot::bootSpark(Object(Config\Paths))
WARNING - 2026-08-31 03:09:51 --> [DEPRECATED] Since fakerphp/faker 1.14: Accessing property "address" is deprecated, use "address()" instead. in VENDORPATH/symfony/deprecation-contracts/function.php on line 25.
 1 VENDORPATH/symfony/deprecation-contracts/function.php(25): trigger_error('Since fakerphp/faker 1.14: Accessing property "address" is deprecated, use "address()" instead.', 16384)
 2 VENDORPATH/fakerphp/faker/src/Faker/Generator.php(962): trigger_deprecation('fakerphp/faker', '1.14', 'Accessing property "%s" is deprecated, use "%s()" instead.', 'address', 'address')
 3 APPPATH/Database/Seeds/ClientSeeder.php(27): Faker\Generator->__get('address')
 4 SYSTEMPATH/Database/Seeder.php(155): App\Database\Seeds\ClientSeeder->run()
 5 SYSTEMPATH/Commands/Database/Seed.php(79): CodeIgniter\Database\Seeder->call('App\\Database\\Seeds\\ClientSeeder')
 6 SYSTEMPATH/CLI/Commands.php(72): CodeIgniter\Commands\Database\Seed->run([])
 7 SYSTEMPATH/CLI/Console.php(47): CodeIgniter\CLI\Commands->run('db:seed', [...])
 8 SYSTEMPATH/Boot.php(444): CodeIgniter\CLI\Console->run()
 9 SYSTEMPATH/Boot.php(166): CodeIgniter\Boot::runCommand(Object(CodeIgniter\CLI\Console))
10 ROOTPATH/spark(87): CodeIgniter\Boot::bootSpark(Object(Config\Paths))
DEBUG - 2026-08-31 03:09:57 --> Session: Class initialized using 'CodeIgniter\Session\Handlers\FileHandler' driver.
INFO - 2026-08-31 03:10:04 --> CSRF token verified.
DEBUG - 2026-08-31 03:10:05 --> Session: Class initialized using 'CodeIgniter\Session\Handlers\FileHandler' driver.
DEBUG - 2026-08-31 03:10:05 --> Session: Class initialized using 'CodeIgniter\Session\Handlers\FileHandler' driver.
DEBUG - 2026-08-31 03:10:05 --> Session: Class initialized using 'CodeIgniter\Session\Handlers\FileHandler' driver.
DEBUG - 2026-08-31 03:10:10 --> Session: Class initialized using 'CodeIgniter\Session\Handlers\FileHandler' driver.
DEBUG - 2026-08-31 03:10:10 --> Session: Class initialized using 'CodeIgniter\Session\Handlers\FileHandler' driver.
DEBUG - 2026-08-31 03:10:28 --> Session: Class initialized using 'CodeIgniter\Session\Handlers\FileHandler' driver.
DEBUG - 2026-08-31 03:10:28 --> Session: Class initialized using 'CodeIgniter\Session\Handlers\FileHandler' driver.
DEBUG - 2026-08-31 03:11:02 --> Session: Class initialized using 'CodeIgniter\Session\Handlers\FileHandler' driver.
DEBUG - 2026-08-31 03:11:02 --> Session: Class initialized using 'CodeIgniter\Session\Handlers\FileHandler' driver.
DEBUG - 2026-08-31 03:11:06 --> Session: Class initialized using 'CodeIgniter\Session\Handlers\FileHandler' driver.
DEBUG - 2026-08-31 03:11:07 --> Session: Class initialized using 'CodeIgniter\Session\Handlers\FileHandler' driver.
DEBUG - 2026-08-31 03:11:56 --> Session: Class initialized using 'CodeIgniter\Session\Handlers\FileHandler' driver.
DEBUG - 2026-08-31 03:11:56 --> Session: Class initialized using 'CodeIgniter\Session\Handlers\FileHandler' driver.
DEBUG - 2026-08-31 03:13:08 --> Session: Class initialized using 'CodeIgniter\Session\Handlers\FileHandler' driver.
DEBUG - 2026-08-31 03:13:09 --> Session: Class initialized using 'CodeIgniter\Session\Handlers\FileHandler' driver.
DEBUG - 2026-08-31 03:13:13 --> Session: Class initialized using 'CodeIgniter\Session\Handlers\FileHandler' driver.
DEBUG - 2026-08-31 03:13:41 --> Session: Class initialized using 'CodeIgniter\Session\Handlers\FileHandler' driver.
DEBUG - 2026-08-31 03:13:41 --> Session: Class initialized using 'CodeIgniter\Session\Handlers\FileHandler' driver.
DEBUG - 2026-08-31 03:13:44 --> Session: Class initialized using 'CodeIgniter\Session\Handlers\FileHandler' driver.
DEBUG - 2026-08-31 03:13:45 --> Session: Class initialized using 'CodeIgniter\Session\Handlers\FileHandler' driver.
DEBUG - 2026-08-31 03:20:18 --> Session: Class initialized using 'CodeIgniter\Session\Handlers\FileHandler' driver.
DEBUG - 2026-08-31 03:20:18 --> Session: Class initialized using 'CodeIgniter\Session\Handlers\FileHandler' driver.
DEBUG - 2026-08-31 03:22:06 --> Session: Class initialized using 'CodeIgniter\Session\Handlers\FileHandler' driver.
DEBUG - 2026-08-31 03:22:07 --> Session: Class initialized using 'CodeIgniter\Session\Handlers\FileHandler' driver.
DEBUG - 2026-08-31 03:22:28 --> Session: Class initialized using 'CodeIgniter\Session\Handlers\FileHandler' driver.
DEBUG - 2026-08-31 03:22:28 --> Session: Class initialized using 'CodeIgniter\Session\Handlers\FileHandler' driver.
DEBUG - 2026-08-31 03:22:30 --> Session: Class initialized using 'CodeIgniter\Session\Handlers\FileHandler' driver.
DEBUG - 2026-08-31 03:22:30 --> Session: Class initialized using 'CodeIgniter\Session\Handlers\FileHandler' driver.
DEBUG - 2026-08-31 03:22:34 --> Session: Class initialized using 'CodeIgniter\Session\Handlers\FileHandler' driver.
DEBUG - 2026-08-31 03:22:34 --> Session: Class initialized using 'CodeIgniter\Session\Handlers\FileHandler' driver.
DEBUG - 2026-08-31 03:24:45 --> Session: Class initialized using 'CodeIgniter\Session\Handlers\FileHandler' driver.
DEBUG - 2026-08-31 03:24:45 --> Session: Class initialized using 'CodeIgniter\Session\Handlers\FileHandler' driver.
DEBUG - 2026-08-31 03:24:46 --> Session: Class initialized using 'CodeIgniter\Session\Handlers\FileHandler' driver.
DEBUG - 2026-08-31 03:24:47 --> Session: Class initialized using 'CodeIgniter\Session\Handlers\FileHandler' driver.
DEBUG - 2026-08-31 03:25:02 --> Session: Class initialized using 'CodeIgniter\Session\Handlers\FileHandler' driver.
DEBUG - 2026-08-31 03:25:02 --> Session: Class initialized using 'CodeIgniter\Session\Handlers\FileHandler' driver.
DEBUG - 2026-08-31 03:25:05 --> Session: Class initialized using 'CodeIgniter\Session\Handlers\FileHandler' driver.
DEBUG - 2026-08-31 03:25:05 --> Session: Class initialized using 'CodeIgniter\Session\Handlers\FileHandler' driver.
DEBUG - 2026-08-31 03:27:10 --> Session: Class initialized using 'CodeIgniter\Session\Handlers\FileHandler' driver.
DEBUG - 2026-08-31 03:27:10 --> Session: Class initialized using 'CodeIgniter\Session\Handlers\FileHandler' driver.
DEBUG - 2026-08-31 03:27:28 --> Session: Class initialized using 'CodeIgniter\Session\Handlers\FileHandler' driver.
DEBUG - 2026-08-31 03:27:28 --> === UPLOAD IMAGE ===
DEBUG - 2026-08-31 03:27:28 --> POST data: {"nom":"test2","duree_conservation":"3","prix_vente":"5000","seuil_critique":"3"}
DEBUG - 2026-08-31 03:27:28 --> Fichier reçu ? OUI
DEBUG - 2026-08-31 03:27:28 --> Nom original: logo-remove.png
DEBUG - 2026-08-31 03:27:28 --> Taille: 0
DEBUG - 2026-08-31 03:27:28 --> MIME: 
DEBUG - 2026-08-31 03:27:28 --> Erreur: 1
DEBUG - 2026-08-31 03:27:28 --> isValid: false
DEBUG - 2026-08-31 03:27:28 --> Aucune image valide reçue (file null ou invalide)
DEBUG - 2026-08-31 03:27:28 --> Session: Class initialized using 'CodeIgniter\Session\Handlers\FileHandler' driver.
DEBUG - 2026-08-31 03:32:30 --> Session: Class initialized using 'CodeIgniter\Session\Handlers\FileHandler' driver.
DEBUG - 2026-08-31 03:32:31 --> Session: Class initialized using 'CodeIgniter\Session\Handlers\FileHandler' driver.
DEBUG - 2026-08-31 03:32:34 --> Session: Class initialized using 'CodeIgniter\Session\Handlers\FileHandler' driver.
DEBUG - 2026-08-31 03:32:34 --> Session: Class initialized using 'CodeIgniter\Session\Handlers\FileHandler' driver.
DEBUG - 2026-08-31 03:32:37 --> Session: Class initialized using 'CodeIgniter\Session\Handlers\FileHandler' driver.
DEBUG - 2026-08-31 03:32:37 --> Session: Class initialized using 'CodeIgniter\Session\Handlers\FileHandler' driver.
DEBUG - 2026-08-31 03:32:52 --> Session: Class initialized using 'CodeIgniter\Session\Handlers\FileHandler' driver.
DEBUG - 2026-08-31 03:32:52 --> === UPLOAD IMAGE ===
DEBUG - 2026-08-31 03:32:52 --> POST data: {"nom":"test","duree_conservation":"4","prix_vente":"500","seuil_critique":"3"}
DEBUG - 2026-08-31 03:32:52 --> Fichier reçu ? OUI
DEBUG - 2026-08-31 03:32:52 --> Nom original: logo-remove.png
DEBUG - 2026-08-31 03:32:52 --> Taille: 0
DEBUG - 2026-08-31 03:32:52 --> MIME: 
DEBUG - 2026-08-31 03:32:52 --> Erreur: 1
DEBUG - 2026-08-31 03:32:52 --> isValid: false
DEBUG - 2026-08-31 03:32:52 --> Aucune image valide reçue (file null ou invalide)
DEBUG - 2026-08-31 03:32:52 --> Session: Class initialized using 'CodeIgniter\Session\Handlers\FileHandler' driver.
DEBUG - 2026-08-31 03:32:55 --> Session: Class initialized using 'CodeIgniter\Session\Handlers\FileHandler' driver.
DEBUG - 2026-08-31 03:32:55 --> Session: Class initialized using 'CodeIgniter\Session\Handlers\FileHandler' driver.
DEBUG - 2026-08-31 03:36:43 --> Session: Class initialized using 'CodeIgniter\Session\Handlers\FileHandler' driver.
DEBUG - 2026-08-31 03:36:43 --> Session: Class initialized using 'CodeIgniter\Session\Handlers\FileHandler' driver.
DEBUG - 2026-08-31 03:36:47 --> Session: Class initialized using 'CodeIgniter\Session\Handlers\FileHandler' driver.
DEBUG - 2026-08-31 03:36:47 --> Session: Class initialized using 'CodeIgniter\Session\Handlers\FileHandler' driver.
DEBUG - 2026-08-31 03:37:05 --> Session: Class initialized using 'CodeIgniter\Session\Handlers\FileHandler' driver.
DEBUG - 2026-08-31 03:37:05 --> === UPLOAD IMAGE ===
DEBUG - 2026-08-31 03:37:05 --> POST data: {"nom":"test","duree_conservation":"45","prix_vente":"500","seuil_critique":"3"}
DEBUG - 2026-08-31 03:37:05 --> Fichier reçu ? OUI
DEBUG - 2026-08-31 03:37:05 --> Nom original: logo-remove.png
DEBUG - 2026-08-31 03:37:05 --> Taille: 0
DEBUG - 2026-08-31 03:37:05 --> MIME: 
DEBUG - 2026-08-31 03:37:05 --> Erreur: 1
DEBUG - 2026-08-31 03:37:05 --> isValid: false
DEBUG - 2026-08-31 03:37:05 --> Aucune image valide reçue (file null ou invalide)
DEBUG - 2026-08-31 03:37:05 --> Session: Class initialized using 'CodeIgniter\Session\Handlers\FileHandler' driver.
DEBUG - 2026-08-31 03:37:07 --> Session: Class initialized using 'CodeIgniter\Session\Handlers\FileHandler' driver.
DEBUG - 2026-08-31 03:37:08 --> Session: Class initialized using 'CodeIgniter\Session\Handlers\FileHandler' driver.
DEBUG - 2026-08-31 03:37:18 --> Session: Class initialized using 'CodeIgniter\Session\Handlers\FileHandler' driver.
DEBUG - 2026-08-31 03:37:19 --> Session: Class initialized using 'CodeIgniter\Session\Handlers\FileHandler' driver.
DEBUG - 2026-08-31 03:46:27 --> Session: Class initialized using 'CodeIgniter\Session\Handlers\FileHandler' driver.
DEBUG - 2026-08-31 03:46:27 --> Session: Class initialized using 'CodeIgniter\Session\Handlers\FileHandler' driver.
DEBUG - 2026-08-31 03:46:28 --> Session: Class initialized using 'CodeIgniter\Session\Handlers\FileHandler' driver.
INFO - 2026-08-31 03:46:36 --> CSRF token verified.
DEBUG - 2026-08-31 03:46:36 --> Session: Class initialized using 'CodeIgniter\Session\Handlers\FileHandler' driver.
DEBUG - 2026-08-31 03:46:36 --> Session: Class initialized using 'CodeIgniter\Session\Handlers\FileHandler' driver.
DEBUG - 2026-08-31 03:46:36 --> Session: Class initialized using 'CodeIgniter\Session\Handlers\FileHandler' driver.
DEBUG - 2026-08-31 03:46:40 --> Session: Class initialized using 'CodeIgniter\Session\Handlers\FileHandler' driver.
DEBUG - 2026-08-31 03:46:41 --> Session: Class initialized using 'CodeIgniter\Session\Handlers\FileHandler' driver.
DEBUG - 2026-08-31 03:46:45 --> Session: Class initialized using 'CodeIgniter\Session\Handlers\FileHandler' driver.
DEBUG - 2026-08-31 03:46:45 --> Session: Class initialized using 'CodeIgniter\Session\Handlers\FileHandler' driver.
DEBUG - 2026-08-31 03:47:02 --> Session: Class initialized using 'CodeIgniter\Session\Handlers\FileHandler' driver.
DEBUG - 2026-08-31 03:47:02 --> === UPLOAD IMAGE ===
DEBUG - 2026-08-31 03:47:02 --> POST data: {"nom":"Andry","duree_conservation":"4","prix_vente":"400","seuil_critique":"4"}
DEBUG - 2026-08-31 03:47:02 --> Fichier reçu ? OUI
DEBUG - 2026-08-31 03:47:02 --> Nom original: logo-remove.png
DEBUG - 2026-08-31 03:47:02 --> Taille: 6198062
DEBUG - 2026-08-31 03:47:02 --> MIME: image/png
DEBUG - 2026-08-31 03:47:02 --> Erreur: 0
DEBUG - 2026-08-31 03:47:02 --> isValid: true
DEBUG - 2026-08-31 03:47:02 --> Image uploadée avec succès: uploads/produits/1788148022_d82a0eacea12285a1eb6.png
DEBUG - 2026-08-31 03:47:02 --> Session: Class initialized using 'CodeIgniter\Session\Handlers\FileHandler' driver.
