WARNING - 2026-08-28 05:49:49 --> [DEPRECATED] fputcsv(): the $escape parameter must be provided as its default value will change in APPPATH/Controllers/Api/ClientController.php on line 144.
 1 APPPATH/Controllers/Api/ClientController.php(144): fputcsv(resource (stream), [...])
 2 SYSTEMPATH/CodeIgniter.php(974): App\Controllers\Api\ClientController->exportCsv()
 3 SYSTEMPATH/CodeIgniter.php(520): CodeIgniter\CodeIgniter->runController(Object(App\Controllers\Api\ClientController))
 4 SYSTEMPATH/CodeIgniter.php(363): CodeIgniter\CodeIgniter->handleRequest(null, Object(Config\Cache), false)
 5 SYSTEMPATH/Boot.php(417): CodeIgniter\CodeIgniter->run()
 6 SYSTEMPATH/Boot.php(68): CodeIgniter\Boot::runCodeIgniter(Object(CodeIgniter\CodeIgniter))
 7 FCPATH/index.php(59): CodeIgniter\Boot::bootWeb(Object(Config\Paths))
 8 SYSTEMPATH/rewrite.php(44): require_once('/Users/rabarijohnsandroandrianina/Documents/GitHub/milkyway-ERP/public/index.php')
WARNING - 2026-08-28 05:49:49 --> [DEPRECATED] fputcsv(): the $escape parameter must be provided as its default value will change in APPPATH/Controllers/Api/ClientController.php on line 146.
 1 APPPATH/Controllers/Api/ClientController.php(146): fputcsv(resource (stream), [...])
 2 SYSTEMPATH/CodeIgniter.php(974): App\Controllers\Api\ClientController->exportCsv()
 3 SYSTEMPATH/CodeIgniter.php(520): CodeIgniter\CodeIgniter->runController(Object(App\Controllers\Api\ClientController))
 4 SYSTEMPATH/CodeIgniter.php(363): CodeIgniter\CodeIgniter->handleRequest(null, Object(Config\Cache), false)
 5 SYSTEMPATH/Boot.php(417): CodeIgniter\CodeIgniter->run()
 6 SYSTEMPATH/Boot.php(68): CodeIgniter\Boot::runCodeIgniter(Object(CodeIgniter\CodeIgniter))
 7 FCPATH/index.php(59): CodeIgniter\Boot::bootWeb(Object(Config\Paths))
 8 SYSTEMPATH/rewrite.php(44): require_once('/Users/rabarijohnsandroandrianina/Documents/GitHub/milkyway-ERP/public/index.php')
WARNING - 2026-08-28 05:49:49 --> [DEPRECATED] fputcsv(): the $escape parameter must be provided as its default value will change in APPPATH/Controllers/Api/ClientController.php on line 146.
 1 APPPATH/Controllers/Api/ClientController.php(146): fputcsv(resource (stream), [...])
 2 SYSTEMPATH/CodeIgniter.php(974): App\Controllers\Api\ClientController->exportCsv()
 3 SYSTEMPATH/CodeIgniter.php(520): CodeIgniter\CodeIgniter->runController(Object(App\Controllers\Api\ClientController))
 4 SYSTEMPATH/CodeIgniter.php(363): CodeIgniter\CodeIgniter->handleRequest(null, Object(Config\Cache), false)
 5 SYSTEMPATH/Boot.php(417): CodeIgniter\CodeIgniter->run()
 6 SYSTEMPATH/Boot.php(68): CodeIgniter\Boot::runCodeIgniter(Object(CodeIgniter\CodeIgniter))
 7 FCPATH/index.php(59): CodeIgniter\Boot::bootWeb(Object(Config\Paths))
 8 SYSTEMPATH/rewrite.php(44): require_once('/Users/rabarijohnsandroandrianina/Documents/GitHub/milkyway-ERP/public/index.php')
WARNING - 2026-08-28 05:49:49 --> [DEPRECATED] fputcsv(): the $escape parameter must be provided as its default value will change in APPPATH/Controllers/Api/ClientController.php on line 146.
 1 APPPATH/Controllers/Api/ClientController.php(146): fputcsv(resource (stream), [...])
 2 SYSTEMPATH/CodeIgniter.php(974): App\Controllers\Api\ClientController->exportCsv()
 3 SYSTEMPATH/CodeIgniter.php(520): CodeIgniter\CodeIgniter->runController(Object(App\Controllers\Api\ClientController))
 4 SYSTEMPATH/CodeIgniter.php(363): CodeIgniter\CodeIgniter->handleRequest(null, Object(Config\Cache), false)
 5 SYSTEMPATH/Boot.php(417): CodeIgniter\CodeIgniter->run()
 6 SYSTEMPATH/Boot.php(68): CodeIgniter\Boot::runCodeIgniter(Object(CodeIgniter\CodeIgniter))
 7 FCPATH/index.php(59): CodeIgniter\Boot::bootWeb(Object(Config\Paths))
 8 SYSTEMPATH/rewrite.php(44): require_once('/Users/rabarijohnsandroandrianina/Documents/GitHub/milkyway-ERP/public/index.php')
WARNING - 2026-08-28 05:49:49 --> [DEPRECATED] fputcsv(): the $escape parameter must be provided as its default value will change in APPPATH/Controllers/Api/ClientController.php on line 146.
 1 APPPATH/Controllers/Api/ClientController.php(146): fputcsv(resource (stream), [...])
 2 SYSTEMPATH/CodeIgniter.php(974): App\Controllers\Api\ClientController->exportCsv()
 3 SYSTEMPATH/CodeIgniter.php(520): CodeIgniter\CodeIgniter->runController(Object(App\Controllers\Api\ClientController))
 4 SYSTEMPATH/CodeIgniter.php(363): CodeIgniter\CodeIgniter->handleRequest(null, Object(Config\Cache), false)
 5 SYSTEMPATH/Boot.php(417): CodeIgniter\CodeIgniter->run()
 6 SYSTEMPATH/Boot.php(68): CodeIgniter\Boot::runCodeIgniter(Object(CodeIgniter\CodeIgniter))
 7 FCPATH/index.php(59): CodeIgniter\Boot::bootWeb(Object(Config\Paths))
 8 SYSTEMPATH/rewrite.php(44): require_once('/Users/rabarijohnsandroandrianina/Documents/GitHub/milkyway-ERP/public/index.php')
WARNING - 2026-08-28 05:49:49 --> [DEPRECATED] fputcsv(): the $escape parameter must be provided as its default value will change in APPPATH/Controllers/Api/ClientController.php on line 146.
 1 APPPATH/Controllers/Api/ClientController.php(146): fputcsv(resource (stream), [...])
 2 SYSTEMPATH/CodeIgniter.php(974): App\Controllers\Api\ClientController->exportCsv()
 3 SYSTEMPATH/CodeIgniter.php(520): CodeIgniter\CodeIgniter->runController(Object(App\Controllers\Api\ClientController))
 4 SYSTEMPATH/CodeIgniter.php(363): CodeIgniter\CodeIgniter->handleRequest(null, Object(Config\Cache), false)
 5 SYSTEMPATH/Boot.php(417): CodeIgniter\CodeIgniter->run()
 6 SYSTEMPATH/Boot.php(68): CodeIgniter\Boot::runCodeIgniter(Object(CodeIgniter\CodeIgniter))
 7 FCPATH/index.php(59): CodeIgniter\Boot::bootWeb(Object(Config\Paths))
 8 SYSTEMPATH/rewrite.php(44): require_once('/Users/rabarijohnsandroandrianina/Documents/GitHub/milkyway-ERP/public/index.php')
WARNING - 2026-08-28 05:49:49 --> [DEPRECATED] fputcsv(): the $escape parameter must be provided as its default value will change in APPPATH/Controllers/Api/ClientController.php on line 146.
 1 APPPATH/Controllers/Api/ClientController.php(146): fputcsv(resource (stream), [...])
 2 SYSTEMPATH/CodeIgniter.php(974): App\Controllers\Api\ClientController->exportCsv()
 3 SYSTEMPATH/CodeIgniter.php(520): CodeIgniter\CodeIgniter->runController(Object(App\Controllers\Api\ClientController))
 4 SYSTEMPATH/CodeIgniter.php(363): CodeIgniter\CodeIgniter->handleRequest(null, Object(Config\Cache), false)
 5 SYSTEMPATH/Boot.php(417): CodeIgniter\CodeIgniter->run()
 6 SYSTEMPATH/Boot.php(68): CodeIgniter\Boot::runCodeIgniter(Object(CodeIgniter\CodeIgniter))
 7 FCPATH/index.php(59): CodeIgniter\Boot::bootWeb(Object(Config\Paths))
 8 SYSTEMPATH/rewrite.php(44): require_once('/Users/rabarijohnsandroandrianina/Documents/GitHub/milkyway-ERP/public/index.php')
WARNING - 2026-08-28 05:49:49 --> [DEPRECATED] fputcsv(): the $escape parameter must be provided as its default value will change in APPPATH/Controllers/Api/ClientController.php on line 146.
 1 APPPATH/Controllers/Api/ClientController.php(146): fputcsv(resource (stream), [...])
 2 SYSTEMPATH/CodeIgniter.php(974): App\Controllers\Api\ClientController->exportCsv()
 3 SYSTEMPATH/CodeIgniter.php(520): CodeIgniter\CodeIgniter->runController(Object(App\Controllers\Api\ClientController))
 4 SYSTEMPATH/CodeIgniter.php(363): CodeIgniter\CodeIgniter->handleRequest(null, Object(Config\Cache), false)
 5 SYSTEMPATH/Boot.php(417): CodeIgniter\CodeIgniter->run()
 6 SYSTEMPATH/Boot.php(68): CodeIgniter\Boot::runCodeIgniter(Object(CodeIgniter\CodeIgniter))
 7 FCPATH/index.php(59): CodeIgniter\Boot::bootWeb(Object(Config\Paths))
 8 SYSTEMPATH/rewrite.php(44): require_once('/Users/rabarijohnsandroandrianina/Documents/GitHub/milkyway-ERP/public/index.php')
WARNING - 2026-08-28 05:49:49 --> [DEPRECATED] fputcsv(): the $escape parameter must be provided as its default value will change in APPPATH/Controllers/Api/ClientController.php on line 146.
 1 APPPATH/Controllers/Api/ClientController.php(146): fputcsv(resource (stream), [...])
 2 SYSTEMPATH/CodeIgniter.php(974): App\Controllers\Api\ClientController->exportCsv()
 3 SYSTEMPATH/CodeIgniter.php(520): CodeIgniter\CodeIgniter->runController(Object(App\Controllers\Api\ClientController))
 4 SYSTEMPATH/CodeIgniter.php(363): CodeIgniter\CodeIgniter->handleRequest(null, Object(Config\Cache), false)
 5 SYSTEMPATH/Boot.php(417): CodeIgniter\CodeIgniter->run()
 6 SYSTEMPATH/Boot.php(68): CodeIgniter\Boot::runCodeIgniter(Object(CodeIgniter\CodeIgniter))
 7 FCPATH/index.php(59): CodeIgniter\Boot::bootWeb(Object(Config\Paths))
 8 SYSTEMPATH/rewrite.php(44): require_once('/Users/rabarijohnsandroandrianina/Documents/GitHub/milkyway-ERP/public/index.php')
WARNING - 2026-08-28 05:49:49 --> [DEPRECATED] fputcsv(): the $escape parameter must be provided as its default value will change in APPPATH/Controllers/Api/ClientController.php on line 146.
 1 APPPATH/Controllers/Api/ClientController.php(146): fputcsv(resource (stream), [...])
 2 SYSTEMPATH/CodeIgniter.php(974): App\Controllers\Api\ClientController->exportCsv()
 3 SYSTEMPATH/CodeIgniter.php(520): CodeIgniter\CodeIgniter->runController(Object(App\Controllers\Api\ClientController))
 4 SYSTEMPATH/CodeIgniter.php(363): CodeIgniter\CodeIgniter->handleRequest(null, Object(Config\Cache), false)
 5 SYSTEMPATH/Boot.php(417): CodeIgniter\CodeIgniter->run()
 6 SYSTEMPATH/Boot.php(68): CodeIgniter\Boot::runCodeIgniter(Object(CodeIgniter\CodeIgniter))
 7 FCPATH/index.php(59): CodeIgniter\Boot::bootWeb(Object(Config\Paths))
 8 SYSTEMPATH/rewrite.php(44): require_once('/Users/rabarijohnsandroandrianina/Documents/GitHub/milkyway-ERP/public/index.php')
WARNING - 2026-08-28 05:49:49 --> [DEPRECATED] fputcsv(): the $escape parameter must be provided as its default value will change in APPPATH/Controllers/Api/ClientController.php on line 146.
 1 APPPATH/Controllers/Api/ClientController.php(146): fputcsv(resource (stream), [...])
 2 SYSTEMPATH/CodeIgniter.php(974): App\Controllers\Api\ClientController->exportCsv()
 3 SYSTEMPATH/CodeIgniter.php(520): CodeIgniter\CodeIgniter->runController(Object(App\Controllers\Api\ClientController))
 4 SYSTEMPATH/CodeIgniter.php(363): CodeIgniter\CodeIgniter->handleRequest(null, Object(Config\Cache), false)
 5 SYSTEMPATH/Boot.php(417): CodeIgniter\CodeIgniter->run()
 6 SYSTEMPATH/Boot.php(68): CodeIgniter\Boot::runCodeIgniter(Object(CodeIgniter\CodeIgniter))
 7 FCPATH/index.php(59): CodeIgniter\Boot::bootWeb(Object(Config\Paths))
 8 SYSTEMPATH/rewrite.php(44): require_once('/Users/rabarijohnsandroandrianina/Documents/GitHub/milkyway-ERP/public/index.php')
WARNING - 2026-08-28 05:49:49 --> [DEPRECATED] fputcsv(): the $escape parameter must be provided as its default value will change in APPPATH/Controllers/Api/ClientController.php on line 146.
 1 APPPATH/Controllers/Api/ClientController.php(146): fputcsv(resource (stream), [...])
 2 SYSTEMPATH/CodeIgniter.php(974): App\Controllers\Api\ClientController->exportCsv()
 3 SYSTEMPATH/CodeIgniter.php(520): CodeIgniter\CodeIgniter->runController(Object(App\Controllers\Api\ClientController))
 4 SYSTEMPATH/CodeIgniter.php(363): CodeIgniter\CodeIgniter->handleRequest(null, Object(Config\Cache), false)
 5 SYSTEMPATH/Boot.php(417): CodeIgniter\CodeIgniter->run()
 6 SYSTEMPATH/Boot.php(68): CodeIgniter\Boot::runCodeIgniter(Object(CodeIgniter\CodeIgniter))
 7 FCPATH/index.php(59): CodeIgniter\Boot::bootWeb(Object(Config\Paths))
 8 SYSTEMPATH/rewrite.php(44): require_once('/Users/rabarijohnsandroandrianina/Documents/GitHub/milkyway-ERP/public/index.php')
WARNING - 2026-08-28 05:49:49 --> [DEPRECATED] fputcsv(): the $escape parameter must be provided as its default value will change in APPPATH/Controllers/Api/ClientController.php on line 146.
 1 APPPATH/Controllers/Api/ClientController.php(146): fputcsv(resource (stream), [...])
 2 SYSTEMPATH/CodeIgniter.php(974): App\Controllers\Api\ClientController->exportCsv()
 3 SYSTEMPATH/CodeIgniter.php(520): CodeIgniter\CodeIgniter->runController(Object(App\Controllers\Api\ClientController))
 4 SYSTEMPATH/CodeIgniter.php(363): CodeIgniter\CodeIgniter->handleRequest(null, Object(Config\Cache), false)
 5 SYSTEMPATH/Boot.php(417): CodeIgniter\CodeIgniter->run()
 6 SYSTEMPATH/Boot.php(68): CodeIgniter\Boot::runCodeIgniter(Object(CodeIgniter\CodeIgniter))
 7 FCPATH/index.php(59): CodeIgniter\Boot::bootWeb(Object(Config\Paths))
 8 SYSTEMPATH/rewrite.php(44): require_once('/Users/rabarijohnsandroandrianina/Documents/GitHub/milkyway-ERP/public/index.php')
WARNING - 2026-08-28 05:49:49 --> [DEPRECATED] fputcsv(): the $escape parameter must be provided as its default value will change in APPPATH/Controllers/Api/ClientController.php on line 146.
 1 APPPATH/Controllers/Api/ClientController.php(146): fputcsv(resource (stream), [...])
 2 SYSTEMPATH/CodeIgniter.php(974): App\Controllers\Api\ClientController->exportCsv()
 3 SYSTEMPATH/CodeIgniter.php(520): CodeIgniter\CodeIgniter->runController(Object(App\Controllers\Api\ClientController))
 4 SYSTEMPATH/CodeIgniter.php(363): CodeIgniter\CodeIgniter->handleRequest(null, Object(Config\Cache), false)
 5 SYSTEMPATH/Boot.php(417): CodeIgniter\CodeIgniter->run()
 6 SYSTEMPATH/Boot.php(68): CodeIgniter\Boot::runCodeIgniter(Object(CodeIgniter\CodeIgniter))
 7 FCPATH/index.php(59): CodeIgniter\Boot::bootWeb(Object(Config\Paths))
 8 SYSTEMPATH/rewrite.php(44): require_once('/Users/rabarijohnsandroandrianina/Documents/GitHub/milkyway-ERP/public/index.php')
WARNING - 2026-08-28 05:49:49 --> [DEPRECATED] fputcsv(): the $escape parameter must be provided as its default value will change in APPPATH/Controllers/Api/ClientController.php on line 146.
 1 APPPATH/Controllers/Api/ClientController.php(146): fputcsv(resource (stream), [...])
 2 SYSTEMPATH/CodeIgniter.php(974): App\Controllers\Api\ClientController->exportCsv()
 3 SYSTEMPATH/CodeIgniter.php(520): CodeIgniter\CodeIgniter->runController(Object(App\Controllers\Api\ClientController))
 4 SYSTEMPATH/CodeIgniter.php(363): CodeIgniter\CodeIgniter->handleRequest(null, Object(Config\Cache), false)
 5 SYSTEMPATH/Boot.php(417): CodeIgniter\CodeIgniter->run()
 6 SYSTEMPATH/Boot.php(68): CodeIgniter\Boot::runCodeIgniter(Object(CodeIgniter\CodeIgniter))
 7 FCPATH/index.php(59): CodeIgniter\Boot::bootWeb(Object(Config\Paths))
 8 SYSTEMPATH/rewrite.php(44): require_once('/Users/rabarijohnsandroandrianina/Documents/GitHub/milkyway-ERP/public/index.php')
WARNING - 2026-08-28 05:49:49 --> [DEPRECATED] fputcsv(): the $escape parameter must be provided as its default value will change in APPPATH/Controllers/Api/ClientController.php on line 146.
 1 APPPATH/Controllers/Api/ClientController.php(146): fputcsv(resource (stream), [...])
 2 SYSTEMPATH/CodeIgniter.php(974): App\Controllers\Api\ClientController->exportCsv()
 3 SYSTEMPATH/CodeIgniter.php(520): CodeIgniter\CodeIgniter->runController(Object(App\Controllers\Api\ClientController))
 4 SYSTEMPATH/CodeIgniter.php(363): CodeIgniter\CodeIgniter->handleRequest(null, Object(Config\Cache), false)
 5 SYSTEMPATH/Boot.php(417): CodeIgniter\CodeIgniter->run()
 6 SYSTEMPATH/Boot.php(68): CodeIgniter\Boot::runCodeIgniter(Object(CodeIgniter\CodeIgniter))
 7 FCPATH/index.php(59): CodeIgniter\Boot::bootWeb(Object(Config\Paths))
 8 SYSTEMPATH/rewrite.php(44): require_once('/Users/rabarijohnsandroandrianina/Documents/GitHub/milkyway-ERP/public/index.php')
WARNING - 2026-08-28 05:49:49 --> [DEPRECATED] fputcsv(): the $escape parameter must be provided as its default value will change in APPPATH/Controllers/Api/ClientController.php on line 146.
 1 APPPATH/Controllers/Api/ClientController.php(146): fputcsv(resource (stream), [...])
 2 SYSTEMPATH/CodeIgniter.php(974): App\Controllers\Api\ClientController->exportCsv()
 3 SYSTEMPATH/CodeIgniter.php(520): CodeIgniter\CodeIgniter->runController(Object(App\Controllers\Api\ClientController))
 4 SYSTEMPATH/CodeIgniter.php(363): CodeIgniter\CodeIgniter->handleRequest(null, Object(Config\Cache), false)
 5 SYSTEMPATH/Boot.php(417): CodeIgniter\CodeIgniter->run()
 6 SYSTEMPATH/Boot.php(68): CodeIgniter\Boot::runCodeIgniter(Object(CodeIgniter\CodeIgniter))
 7 FCPATH/index.php(59): CodeIgniter\Boot::bootWeb(Object(Config\Paths))
 8 SYSTEMPATH/rewrite.php(44): require_once('/Users/rabarijohnsandroandrianina/Documents/GitHub/milkyway-ERP/public/index.php')
WARNING - 2026-08-28 05:49:49 --> [DEPRECATED] fputcsv(): the $escape parameter must be provided as its default value will change in APPPATH/Controllers/Api/ClientController.php on line 146.
 1 APPPATH/Controllers/Api/ClientController.php(146): fputcsv(resource (stream), [...])
 2 SYSTEMPATH/CodeIgniter.php(974): App\Controllers\Api\ClientController->exportCsv()
 3 SYSTEMPATH/CodeIgniter.php(520): CodeIgniter\CodeIgniter->runController(Object(App\Controllers\Api\ClientController))
 4 SYSTEMPATH/CodeIgniter.php(363): CodeIgniter\CodeIgniter->handleRequest(null, Object(Config\Cache), false)
 5 SYSTEMPATH/Boot.php(417): CodeIgniter\CodeIgniter->run()
 6 SYSTEMPATH/Boot.php(68): CodeIgniter\Boot::runCodeIgniter(Object(CodeIgniter\CodeIgniter))
 7 FCPATH/index.php(59): CodeIgniter\Boot::bootWeb(Object(Config\Paths))
 8 SYSTEMPATH/rewrite.php(44): require_once('/Users/rabarijohnsandroandrianina/Documents/GitHub/milkyway-ERP/public/index.php')
WARNING - 2026-08-28 05:49:49 --> [DEPRECATED] fputcsv(): the $escape parameter must be provided as its default value will change in APPPATH/Controllers/Api/ClientController.php on line 146.
 1 APPPATH/Controllers/Api/ClientController.php(146): fputcsv(resource (stream), [...])
 2 SYSTEMPATH/CodeIgniter.php(974): App\Controllers\Api\ClientController->exportCsv()
 3 SYSTEMPATH/CodeIgniter.php(520): CodeIgniter\CodeIgniter->runController(Object(App\Controllers\Api\ClientController))
 4 SYSTEMPATH/CodeIgniter.php(363): CodeIgniter\CodeIgniter->handleRequest(null, Object(Config\Cache), false)
 5 SYSTEMPATH/Boot.php(417): CodeIgniter\CodeIgniter->run()
 6 SYSTEMPATH/Boot.php(68): CodeIgniter\Boot::runCodeIgniter(Object(CodeIgniter\CodeIgniter))
 7 FCPATH/index.php(59): CodeIgniter\Boot::bootWeb(Object(Config\Paths))
 8 SYSTEMPATH/rewrite.php(44): require_once('/Users/rabarijohnsandroandrianina/Documents/GitHub/milkyway-ERP/public/index.php')
WARNING - 2026-08-28 05:49:49 --> [DEPRECATED] fputcsv(): the $escape parameter must be provided as its default value will change in APPPATH/Controllers/Api/ClientController.php on line 146.
 1 APPPATH/Controllers/Api/ClientController.php(146): fputcsv(resource (stream), [...])
 2 SYSTEMPATH/CodeIgniter.php(974): App\Controllers\Api\ClientController->exportCsv()
 3 SYSTEMPATH/CodeIgniter.php(520): CodeIgniter\CodeIgniter->runController(Object(App\Controllers\Api\ClientController))
 4 SYSTEMPATH/CodeIgniter.php(363): CodeIgniter\CodeIgniter->handleRequest(null, Object(Config\Cache), false)
 5 SYSTEMPATH/Boot.php(417): CodeIgniter\CodeIgniter->run()
 6 SYSTEMPATH/Boot.php(68): CodeIgniter\Boot::runCodeIgniter(Object(CodeIgniter\CodeIgniter))
 7 FCPATH/index.php(59): CodeIgniter\Boot::bootWeb(Object(Config\Paths))
 8 SYSTEMPATH/rewrite.php(44): require_once('/Users/rabarijohnsandroandrianina/Documents/GitHub/milkyway-ERP/public/index.php')
WARNING - 2026-08-28 05:49:49 --> [DEPRECATED] fputcsv(): the $escape parameter must be provided as its default value will change in APPPATH/Controllers/Api/ClientController.php on line 146.
 1 APPPATH/Controllers/Api/ClientController.php(146): fputcsv(resource (stream), [...])
 2 SYSTEMPATH/CodeIgniter.php(974): App\Controllers\Api\ClientController->exportCsv()
 3 SYSTEMPATH/CodeIgniter.php(520): CodeIgniter\CodeIgniter->runController(Object(App\Controllers\Api\ClientController))
 4 SYSTEMPATH/CodeIgniter.php(363): CodeIgniter\CodeIgniter->handleRequest(null, Object(Config\Cache), false)
 5 SYSTEMPATH/Boot.php(417): CodeIgniter\CodeIgniter->run()
 6 SYSTEMPATH/Boot.php(68): CodeIgniter\Boot::runCodeIgniter(Object(CodeIgniter\CodeIgniter))
 7 FCPATH/index.php(59): CodeIgniter\Boot::bootWeb(Object(Config\Paths))
 8 SYSTEMPATH/rewrite.php(44): require_once('/Users/rabarijohnsandroandrianina/Documents/GitHub/milkyway-ERP/public/index.php')
WARNING - 2026-08-28 05:49:49 --> [DEPRECATED] fputcsv(): the $escape parameter must be provided as its default value will change in APPPATH/Controllers/Api/ClientController.php on line 146.
 1 APPPATH/Controllers/Api/ClientController.php(146): fputcsv(resource (stream), [...])
 2 SYSTEMPATH/CodeIgniter.php(974): App\Controllers\Api\ClientController->exportCsv()
 3 SYSTEMPATH/CodeIgniter.php(520): CodeIgniter\CodeIgniter->runController(Object(App\Controllers\Api\ClientController))
 4 SYSTEMPATH/CodeIgniter.php(363): CodeIgniter\CodeIgniter->handleRequest(null, Object(Config\Cache), false)
 5 SYSTEMPATH/Boot.php(417): CodeIgniter\CodeIgniter->run()
 6 SYSTEMPATH/Boot.php(68): CodeIgniter\Boot::runCodeIgniter(Object(CodeIgniter\CodeIgniter))
 7 FCPATH/index.php(59): CodeIgniter\Boot::bootWeb(Object(Config\Paths))
 8 SYSTEMPATH/rewrite.php(44): require_once('/Users/rabarijohnsandroandrianina/Documents/GitHub/milkyway-ERP/public/index.php')
WARNING - 2026-08-28 05:49:49 --> [DEPRECATED] fputcsv(): the $escape parameter must be provided as its default value will change in APPPATH/Controllers/Api/ClientController.php on line 146.
 1 APPPATH/Controllers/Api/ClientController.php(146): fputcsv(resource (stream), [...])
 2 SYSTEMPATH/CodeIgniter.php(974): App\Controllers\Api\ClientController->exportCsv()
 3 SYSTEMPATH/CodeIgniter.php(520): CodeIgniter\CodeIgniter->runController(Object(App\Controllers\Api\ClientController))
 4 SYSTEMPATH/CodeIgniter.php(363): CodeIgniter\CodeIgniter->handleRequest(null, Object(Config\Cache), false)
 5 SYSTEMPATH/Boot.php(417): CodeIgniter\CodeIgniter->run()
 6 SYSTEMPATH/Boot.php(68): CodeIgniter\Boot::runCodeIgniter(Object(CodeIgniter\CodeIgniter))
 7 FCPATH/index.php(59): CodeIgniter\Boot::bootWeb(Object(Config\Paths))
 8 SYSTEMPATH/rewrite.php(44): require_once('/Users/rabarijohnsandroandrianina/Documents/GitHub/milkyway-ERP/public/index.php')
WARNING - 2026-08-28 05:49:49 --> [DEPRECATED] fputcsv(): the $escape parameter must be provided as its default value will change in APPPATH/Controllers/Api/ClientController.php on line 146.
 1 APPPATH/Controllers/Api/ClientController.php(146): fputcsv(resource (stream), [...])
 2 SYSTEMPATH/CodeIgniter.php(974): App\Controllers\Api\ClientController->exportCsv()
 3 SYSTEMPATH/CodeIgniter.php(520): CodeIgniter\CodeIgniter->runController(Object(App\Controllers\Api\ClientController))
 4 SYSTEMPATH/CodeIgniter.php(363): CodeIgniter\CodeIgniter->handleRequest(null, Object(Config\Cache), false)
 5 SYSTEMPATH/Boot.php(417): CodeIgniter\CodeIgniter->run()
 6 SYSTEMPATH/Boot.php(68): CodeIgniter\Boot::runCodeIgniter(Object(CodeIgniter\CodeIgniter))
 7 FCPATH/index.php(59): CodeIgniter\Boot::bootWeb(Object(Config\Paths))
 8 SYSTEMPATH/rewrite.php(44): require_once('/Users/rabarijohnsandroandrianina/Documents/GitHub/milkyway-ERP/public/index.php')
WARNING - 2026-08-28 05:49:49 --> [DEPRECATED] fputcsv(): the $escape parameter must be provided as its default value will change in APPPATH/Controllers/Api/ClientController.php on line 146.
 1 APPPATH/Controllers/Api/ClientController.php(146): fputcsv(resource (stream), [...])
 2 SYSTEMPATH/CodeIgniter.php(974): App\Controllers\Api\ClientController->exportCsv()
 3 SYSTEMPATH/CodeIgniter.php(520): CodeIgniter\CodeIgniter->runController(Object(App\Controllers\Api\ClientController))
 4 SYSTEMPATH/CodeIgniter.php(363): CodeIgniter\CodeIgniter->handleRequest(null, Object(Config\Cache), false)
 5 SYSTEMPATH/Boot.php(417): CodeIgniter\CodeIgniter->run()
 6 SYSTEMPATH/Boot.php(68): CodeIgniter\Boot::runCodeIgniter(Object(CodeIgniter\CodeIgniter))
 7 FCPATH/index.php(59): CodeIgniter\Boot::bootWeb(Object(Config\Paths))
 8 SYSTEMPATH/rewrite.php(44): require_once('/Users/rabarijohnsandroandrianina/Documents/GitHub/milkyway-ERP/public/index.php')
WARNING - 2026-08-28 05:49:49 --> [DEPRECATED] fputcsv(): the $escape parameter must be provided as its default value will change in APPPATH/Controllers/Api/ClientController.php on line 146.
 1 APPPATH/Controllers/Api/ClientController.php(146): fputcsv(resource (stream), [...])
 2 SYSTEMPATH/CodeIgniter.php(974): App\Controllers\Api\ClientController->exportCsv()
 3 SYSTEMPATH/CodeIgniter.php(520): CodeIgniter\CodeIgniter->runController(Object(App\Controllers\Api\ClientController))
 4 SYSTEMPATH/CodeIgniter.php(363): CodeIgniter\CodeIgniter->handleRequest(null, Object(Config\Cache), false)
 5 SYSTEMPATH/Boot.php(417): CodeIgniter\CodeIgniter->run()
 6 SYSTEMPATH/Boot.php(68): CodeIgniter\Boot::runCodeIgniter(Object(CodeIgniter\CodeIgniter))
 7 FCPATH/index.php(59): CodeIgniter\Boot::bootWeb(Object(Config\Paths))
 8 SYSTEMPATH/rewrite.php(44): require_once('/Users/rabarijohnsandroandrianina/Documents/GitHub/milkyway-ERP/public/index.php')
WARNING - 2026-08-28 05:58:38 --> [DEPRECATED] fputcsv(): the $escape parameter must be provided as its default value will change in APPPATH/Controllers/Api/ClientController.php on line 156.
 1 APPPATH/Controllers/Api/ClientController.php(156): fputcsv(resource (stream), [...])
 2 SYSTEMPATH/CodeIgniter.php(974): App\Controllers\Api\ClientController->exportCsv()
 3 SYSTEMPATH/CodeIgniter.php(520): CodeIgniter\CodeIgniter->runController(Object(App\Controllers\Api\ClientController))
 4 SYSTEMPATH/CodeIgniter.php(363): CodeIgniter\CodeIgniter->handleRequest(null, Object(Config\Cache), false)
 5 SYSTEMPATH/Boot.php(417): CodeIgniter\CodeIgniter->run()
 6 SYSTEMPATH/Boot.php(68): CodeIgniter\Boot::runCodeIgniter(Object(CodeIgniter\CodeIgniter))
 7 FCPATH/index.php(59): CodeIgniter\Boot::bootWeb(Object(Config\Paths))
 8 SYSTEMPATH/rewrite.php(44): require_once('/Users/rabarijohnsandroandrianina/Documents/GitHub/milkyway-ERP/public/index.php')
WARNING - 2026-08-28 05:58:38 --> [DEPRECATED] fputcsv(): the $escape parameter must be provided as its default value will change in APPPATH/Controllers/Api/ClientController.php on line 158.
 1 APPPATH/Controllers/Api/ClientController.php(158): fputcsv(resource (stream), [...])
 2 SYSTEMPATH/CodeIgniter.php(974): App\Controllers\Api\ClientController->exportCsv()
 3 SYSTEMPATH/CodeIgniter.php(520): CodeIgniter\CodeIgniter->runController(Object(App\Controllers\Api\ClientController))
 4 SYSTEMPATH/CodeIgniter.php(363): CodeIgniter\CodeIgniter->handleRequest(null, Object(Config\Cache), false)
 5 SYSTEMPATH/Boot.php(417): CodeIgniter\CodeIgniter->run()
 6 SYSTEMPATH/Boot.php(68): CodeIgniter\Boot::runCodeIgniter(Object(CodeIgniter\CodeIgniter))
 7 FCPATH/index.php(59): CodeIgniter\Boot::bootWeb(Object(Config\Paths))
 8 SYSTEMPATH/rewrite.php(44): require_once('/Users/rabarijohnsandroandrianina/Documents/GitHub/milkyway-ERP/public/index.php')
WARNING - 2026-08-28 05:58:38 --> [DEPRECATED] fputcsv(): the $escape parameter must be provided as its default value will change in APPPATH/Controllers/Api/ClientController.php on line 158.
 1 APPPATH/Controllers/Api/ClientController.php(158): fputcsv(resource (stream), [...])
 2 SYSTEMPATH/CodeIgniter.php(974): App\Controllers\Api\ClientController->exportCsv()
 3 SYSTEMPATH/CodeIgniter.php(520): CodeIgniter\CodeIgniter->runController(Object(App\Controllers\Api\ClientController))
 4 SYSTEMPATH/CodeIgniter.php(363): CodeIgniter\CodeIgniter->handleRequest(null, Object(Config\Cache), false)
 5 SYSTEMPATH/Boot.php(417): CodeIgniter\CodeIgniter->run()
 6 SYSTEMPATH/Boot.php(68): CodeIgniter\Boot::runCodeIgniter(Object(CodeIgniter\CodeIgniter))
 7 FCPATH/index.php(59): CodeIgniter\Boot::bootWeb(Object(Config\Paths))
 8 SYSTEMPATH/rewrite.php(44): require_once('/Users/rabarijohnsandroandrianina/Documents/GitHub/milkyway-ERP/public/index.php')
WARNING - 2026-08-28 05:58:38 --> [DEPRECATED] fputcsv(): the $escape parameter must be provided as its default value will change in APPPATH/Controllers/Api/ClientController.php on line 158.
 1 APPPATH/Controllers/Api/ClientController.php(158): fputcsv(resource (stream), [...])
 2 SYSTEMPATH/CodeIgniter.php(974): App\Controllers\Api\ClientController->exportCsv()
 3 SYSTEMPATH/CodeIgniter.php(520): CodeIgniter\CodeIgniter->runController(Object(App\Controllers\Api\ClientController))
 4 SYSTEMPATH/CodeIgniter.php(363): CodeIgniter\CodeIgniter->handleRequest(null, Object(Config\Cache), false)
 5 SYSTEMPATH/Boot.php(417): CodeIgniter\CodeIgniter->run()
 6 SYSTEMPATH/Boot.php(68): CodeIgniter\Boot::runCodeIgniter(Object(CodeIgniter\CodeIgniter))
 7 FCPATH/index.php(59): CodeIgniter\Boot::bootWeb(Object(Config\Paths))
 8 SYSTEMPATH/rewrite.php(44): require_once('/Users/rabarijohnsandroandrianina/Documents/GitHub/milkyway-ERP/public/index.php')
WARNING - 2026-08-28 05:58:38 --> [DEPRECATED] fputcsv(): the $escape parameter must be provided as its default value will change in APPPATH/Controllers/Api/ClientController.php on line 158.
 1 APPPATH/Controllers/Api/ClientController.php(158): fputcsv(resource (stream), [...])
 2 SYSTEMPATH/CodeIgniter.php(974): App\Controllers\Api\ClientController->exportCsv()
 3 SYSTEMPATH/CodeIgniter.php(520): CodeIgniter\CodeIgniter->runController(Object(App\Controllers\Api\ClientController))
 4 SYSTEMPATH/CodeIgniter.php(363): CodeIgniter\CodeIgniter->handleRequest(null, Object(Config\Cache), false)
 5 SYSTEMPATH/Boot.php(417): CodeIgniter\CodeIgniter->run()
 6 SYSTEMPATH/Boot.php(68): CodeIgniter\Boot::runCodeIgniter(Object(CodeIgniter\CodeIgniter))
 7 FCPATH/index.php(59): CodeIgniter\Boot::bootWeb(Object(Config\Paths))
 8 SYSTEMPATH/rewrite.php(44): require_once('/Users/rabarijohnsandroandrianina/Documents/GitHub/milkyway-ERP/public/index.php')
WARNING - 2026-08-28 05:58:38 --> [DEPRECATED] fputcsv(): the $escape parameter must be provided as its default value will change in APPPATH/Controllers/Api/ClientController.php on line 158.
 1 APPPATH/Controllers/Api/ClientController.php(158): fputcsv(resource (stream), [...])
 2 SYSTEMPATH/CodeIgniter.php(974): App\Controllers\Api\ClientController->exportCsv()
 3 SYSTEMPATH/CodeIgniter.php(520): CodeIgniter\CodeIgniter->runController(Object(App\Controllers\Api\ClientController))
 4 SYSTEMPATH/CodeIgniter.php(363): CodeIgniter\CodeIgniter->handleRequest(null, Object(Config\Cache), false)
 5 SYSTEMPATH/Boot.php(417): CodeIgniter\CodeIgniter->run()
 6 SYSTEMPATH/Boot.php(68): CodeIgniter\Boot::runCodeIgniter(Object(CodeIgniter\CodeIgniter))
 7 FCPATH/index.php(59): CodeIgniter\Boot::bootWeb(Object(Config\Paths))
 8 SYSTEMPATH/rewrite.php(44): require_once('/Users/rabarijohnsandroandrianina/Documents/GitHub/milkyway-ERP/public/index.php')
WARNING - 2026-08-28 05:58:38 --> [DEPRECATED] fputcsv(): the $escape parameter must be provided as its default value will change in APPPATH/Controllers/Api/ClientController.php on line 158.
 1 APPPATH/Controllers/Api/ClientController.php(158): fputcsv(resource (stream), [...])
 2 SYSTEMPATH/CodeIgniter.php(974): App\Controllers\Api\ClientController->exportCsv()
 3 SYSTEMPATH/CodeIgniter.php(520): CodeIgniter\CodeIgniter->runController(Object(App\Controllers\Api\ClientController))
 4 SYSTEMPATH/CodeIgniter.php(363): CodeIgniter\CodeIgniter->handleRequest(null, Object(Config\Cache), false)
 5 SYSTEMPATH/Boot.php(417): CodeIgniter\CodeIgniter->run()
 6 SYSTEMPATH/Boot.php(68): CodeIgniter\Boot::runCodeIgniter(Object(CodeIgniter\CodeIgniter))
 7 FCPATH/index.php(59): CodeIgniter\Boot::bootWeb(Object(Config\Paths))
 8 SYSTEMPATH/rewrite.php(44): require_once('/Users/rabarijohnsandroandrianina/Documents/GitHub/milkyway-ERP/public/index.php')
WARNING - 2026-08-28 05:58:38 --> [DEPRECATED] fputcsv(): the $escape parameter must be provided as its default value will change in APPPATH/Controllers/Api/ClientController.php on line 158.
 1 APPPATH/Controllers/Api/ClientController.php(158): fputcsv(resource (stream), [...])
 2 SYSTEMPATH/CodeIgniter.php(974): App\Controllers\Api\ClientController->exportCsv()
 3 SYSTEMPATH/CodeIgniter.php(520): CodeIgniter\CodeIgniter->runController(Object(App\Controllers\Api\ClientController))
 4 SYSTEMPATH/CodeIgniter.php(363): CodeIgniter\CodeIgniter->handleRequest(null, Object(Config\Cache), false)
 5 SYSTEMPATH/Boot.php(417): CodeIgniter\CodeIgniter->run()
 6 SYSTEMPATH/Boot.php(68): CodeIgniter\Boot::runCodeIgniter(Object(CodeIgniter\CodeIgniter))
 7 FCPATH/index.php(59): CodeIgniter\Boot::bootWeb(Object(Config\Paths))
 8 SYSTEMPATH/rewrite.php(44): require_once('/Users/rabarijohnsandroandrianina/Documents/GitHub/milkyway-ERP/public/index.php')
WARNING - 2026-08-28 05:58:38 --> [DEPRECATED] fputcsv(): the $escape parameter must be provided as its default value will change in APPPATH/Controllers/Api/ClientController.php on line 158.
 1 APPPATH/Controllers/Api/ClientController.php(158): fputcsv(resource (stream), [...])
 2 SYSTEMPATH/CodeIgniter.php(974): App\Controllers\Api\ClientController->exportCsv()
 3 SYSTEMPATH/CodeIgniter.php(520): CodeIgniter\CodeIgniter->runController(Object(App\Controllers\Api\ClientController))
 4 SYSTEMPATH/CodeIgniter.php(363): CodeIgniter\CodeIgniter->handleRequest(null, Object(Config\Cache), false)
 5 SYSTEMPATH/Boot.php(417): CodeIgniter\CodeIgniter->run()
 6 SYSTEMPATH/Boot.php(68): CodeIgniter\Boot::runCodeIgniter(Object(CodeIgniter\CodeIgniter))
 7 FCPATH/index.php(59): CodeIgniter\Boot::bootWeb(Object(Config\Paths))
 8 SYSTEMPATH/rewrite.php(44): require_once('/Users/rabarijohnsandroandrianina/Documents/GitHub/milkyway-ERP/public/index.php')
WARNING - 2026-08-28 05:58:38 --> [DEPRECATED] fputcsv(): the $escape parameter must be provided as its default value will change in APPPATH/Controllers/Api/ClientController.php on line 158.
 1 APPPATH/Controllers/Api/ClientController.php(158): fputcsv(resource (stream), [...])
 2 SYSTEMPATH/CodeIgniter.php(974): App\Controllers\Api\ClientController->exportCsv()
 3 SYSTEMPATH/CodeIgniter.php(520): CodeIgniter\CodeIgniter->runController(Object(App\Controllers\Api\ClientController))
 4 SYSTEMPATH/CodeIgniter.php(363): CodeIgniter\CodeIgniter->handleRequest(null, Object(Config\Cache), false)
 5 SYSTEMPATH/Boot.php(417): CodeIgniter\CodeIgniter->run()
 6 SYSTEMPATH/Boot.php(68): CodeIgniter\Boot::runCodeIgniter(Object(CodeIgniter\CodeIgniter))
 7 FCPATH/index.php(59): CodeIgniter\Boot::bootWeb(Object(Config\Paths))
 8 SYSTEMPATH/rewrite.php(44): require_once('/Users/rabarijohnsandroandrianina/Documents/GitHub/milkyway-ERP/public/index.php')
WARNING - 2026-08-28 05:58:38 --> [DEPRECATED] fputcsv(): the $escape parameter must be provided as its default value will change in APPPATH/Controllers/Api/ClientController.php on line 158.
 1 APPPATH/Controllers/Api/ClientController.php(158): fputcsv(resource (stream), [...])
 2 SYSTEMPATH/CodeIgniter.php(974): App\Controllers\Api\ClientController->exportCsv()
 3 SYSTEMPATH/CodeIgniter.php(520): CodeIgniter\CodeIgniter->runController(Object(App\Controllers\Api\ClientController))
 4 SYSTEMPATH/CodeIgniter.php(363): CodeIgniter\CodeIgniter->handleRequest(null, Object(Config\Cache), false)
 5 SYSTEMPATH/Boot.php(417): CodeIgniter\CodeIgniter->run()
 6 SYSTEMPATH/Boot.php(68): CodeIgniter\Boot::runCodeIgniter(Object(CodeIgniter\CodeIgniter))
 7 FCPATH/index.php(59): CodeIgniter\Boot::bootWeb(Object(Config\Paths))
 8 SYSTEMPATH/rewrite.php(44): require_once('/Users/rabarijohnsandroandrianina/Documents/GitHub/milkyway-ERP/public/index.php')
WARNING - 2026-08-28 05:58:38 --> [DEPRECATED] fputcsv(): the $escape parameter must be provided as its default value will change in APPPATH/Controllers/Api/ClientController.php on line 158.
 1 APPPATH/Controllers/Api/ClientController.php(158): fputcsv(resource (stream), [...])
 2 SYSTEMPATH/CodeIgniter.php(974): App\Controllers\Api\ClientController->exportCsv()
 3 SYSTEMPATH/CodeIgniter.php(520): CodeIgniter\CodeIgniter->runController(Object(App\Controllers\Api\ClientController))
 4 SYSTEMPATH/CodeIgniter.php(363): CodeIgniter\CodeIgniter->handleRequest(null, Object(Config\Cache), false)
 5 SYSTEMPATH/Boot.php(417): CodeIgniter\CodeIgniter->run()
 6 SYSTEMPATH/Boot.php(68): CodeIgniter\Boot::runCodeIgniter(Object(CodeIgniter\CodeIgniter))
 7 FCPATH/index.php(59): CodeIgniter\Boot::bootWeb(Object(Config\Paths))
 8 SYSTEMPATH/rewrite.php(44): require_once('/Users/rabarijohnsandroandrianina/Documents/GitHub/milkyway-ERP/public/index.php')
WARNING - 2026-08-28 05:58:38 --> [DEPRECATED] fputcsv(): the $escape parameter must be provided as its default value will change in APPPATH/Controllers/Api/ClientController.php on line 158.
 1 APPPATH/Controllers/Api/ClientController.php(158): fputcsv(resource (stream), [...])
 2 SYSTEMPATH/CodeIgniter.php(974): App\Controllers\Api\ClientController->exportCsv()
 3 SYSTEMPATH/CodeIgniter.php(520): CodeIgniter\CodeIgniter->runController(Object(App\Controllers\Api\ClientController))
 4 SYSTEMPATH/CodeIgniter.php(363): CodeIgniter\CodeIgniter->handleRequest(null, Object(Config\Cache), false)
 5 SYSTEMPATH/Boot.php(417): CodeIgniter\CodeIgniter->run()
 6 SYSTEMPATH/Boot.php(68): CodeIgniter\Boot::runCodeIgniter(Object(CodeIgniter\CodeIgniter))
 7 FCPATH/index.php(59): CodeIgniter\Boot::bootWeb(Object(Config\Paths))
 8 SYSTEMPATH/rewrite.php(44): require_once('/Users/rabarijohnsandroandrianina/Documents/GitHub/milkyway-ERP/public/index.php')
WARNING - 2026-08-28 05:58:38 --> [DEPRECATED] fputcsv(): the $escape parameter must be provided as its default value will change in APPPATH/Controllers/Api/ClientController.php on line 158.
 1 APPPATH/Controllers/Api/ClientController.php(158): fputcsv(resource (stream), [...])
 2 SYSTEMPATH/CodeIgniter.php(974): App\Controllers\Api\ClientController->exportCsv()
 3 SYSTEMPATH/CodeIgniter.php(520): CodeIgniter\CodeIgniter->runController(Object(App\Controllers\Api\ClientController))
 4 SYSTEMPATH/CodeIgniter.php(363): CodeIgniter\CodeIgniter->handleRequest(null, Object(Config\Cache), false)
 5 SYSTEMPATH/Boot.php(417): CodeIgniter\CodeIgniter->run()
 6 SYSTEMPATH/Boot.php(68): CodeIgniter\Boot::runCodeIgniter(Object(CodeIgniter\CodeIgniter))
 7 FCPATH/index.php(59): CodeIgniter\Boot::bootWeb(Object(Config\Paths))
 8 SYSTEMPATH/rewrite.php(44): require_once('/Users/rabarijohnsandroandrianina/Documents/GitHub/milkyway-ERP/public/index.php')
WARNING - 2026-08-28 05:58:38 --> [DEPRECATED] fputcsv(): the $escape parameter must be provided as its default value will change in APPPATH/Controllers/Api/ClientController.php on line 158.
 1 APPPATH/Controllers/Api/ClientController.php(158): fputcsv(resource (stream), [...])
 2 SYSTEMPATH/CodeIgniter.php(974): App\Controllers\Api\ClientController->exportCsv()
 3 SYSTEMPATH/CodeIgniter.php(520): CodeIgniter\CodeIgniter->runController(Object(App\Controllers\Api\ClientController))
 4 SYSTEMPATH/CodeIgniter.php(363): CodeIgniter\CodeIgniter->handleRequest(null, Object(Config\Cache), false)
 5 SYSTEMPATH/Boot.php(417): CodeIgniter\CodeIgniter->run()
 6 SYSTEMPATH/Boot.php(68): CodeIgniter\Boot::runCodeIgniter(Object(CodeIgniter\CodeIgniter))
 7 FCPATH/index.php(59): CodeIgniter\Boot::bootWeb(Object(Config\Paths))
 8 SYSTEMPATH/rewrite.php(44): require_once('/Users/rabarijohnsandroandrianina/Documents/GitHub/milkyway-ERP/public/index.php')
WARNING - 2026-08-28 05:58:38 --> [DEPRECATED] fputcsv(): the $escape parameter must be provided as its default value will change in APPPATH/Controllers/Api/ClientController.php on line 158.
 1 APPPATH/Controllers/Api/ClientController.php(158): fputcsv(resource (stream), [...])
 2 SYSTEMPATH/CodeIgniter.php(974): App\Controllers\Api\ClientController->exportCsv()
 3 SYSTEMPATH/CodeIgniter.php(520): CodeIgniter\CodeIgniter->runController(Object(App\Controllers\Api\ClientController))
 4 SYSTEMPATH/CodeIgniter.php(363): CodeIgniter\CodeIgniter->handleRequest(null, Object(Config\Cache), false)
 5 SYSTEMPATH/Boot.php(417): CodeIgniter\CodeIgniter->run()
 6 SYSTEMPATH/Boot.php(68): CodeIgniter\Boot::runCodeIgniter(Object(CodeIgniter\CodeIgniter))
 7 FCPATH/index.php(59): CodeIgniter\Boot::bootWeb(Object(Config\Paths))
 8 SYSTEMPATH/rewrite.php(44): require_once('/Users/rabarijohnsandroandrianina/Documents/GitHub/milkyway-ERP/public/index.php')
WARNING - 2026-08-28 05:58:38 --> [DEPRECATED] fputcsv(): the $escape parameter must be provided as its default value will change in APPPATH/Controllers/Api/ClientController.php on line 158.
 1 APPPATH/Controllers/Api/ClientController.php(158): fputcsv(resource (stream), [...])
 2 SYSTEMPATH/CodeIgniter.php(974): App\Controllers\Api\ClientController->exportCsv()
 3 SYSTEMPATH/CodeIgniter.php(520): CodeIgniter\CodeIgniter->runController(Object(App\Controllers\Api\ClientController))
 4 SYSTEMPATH/CodeIgniter.php(363): CodeIgniter\CodeIgniter->handleRequest(null, Object(Config\Cache), false)
 5 SYSTEMPATH/Boot.php(417): CodeIgniter\CodeIgniter->run()
 6 SYSTEMPATH/Boot.php(68): CodeIgniter\Boot::runCodeIgniter(Object(CodeIgniter\CodeIgniter))
 7 FCPATH/index.php(59): CodeIgniter\Boot::bootWeb(Object(Config\Paths))
 8 SYSTEMPATH/rewrite.php(44): require_once('/Users/rabarijohnsandroandrianina/Documents/GitHub/milkyway-ERP/public/index.php')
WARNING - 2026-08-28 05:58:38 --> [DEPRECATED] fputcsv(): the $escape parameter must be provided as its default value will change in APPPATH/Controllers/Api/ClientController.php on line 158.
 1 APPPATH/Controllers/Api/ClientController.php(158): fputcsv(resource (stream), [...])
 2 SYSTEMPATH/CodeIgniter.php(974): App\Controllers\Api\ClientController->exportCsv()
 3 SYSTEMPATH/CodeIgniter.php(520): CodeIgniter\CodeIgniter->runController(Object(App\Controllers\Api\ClientController))
 4 SYSTEMPATH/CodeIgniter.php(363): CodeIgniter\CodeIgniter->handleRequest(null, Object(Config\Cache), false)
 5 SYSTEMPATH/Boot.php(417): CodeIgniter\CodeIgniter->run()
 6 SYSTEMPATH/Boot.php(68): CodeIgniter\Boot::runCodeIgniter(Object(CodeIgniter\CodeIgniter))
 7 FCPATH/index.php(59): CodeIgniter\Boot::bootWeb(Object(Config\Paths))
 8 SYSTEMPATH/rewrite.php(44): require_once('/Users/rabarijohnsandroandrianina/Documents/GitHub/milkyway-ERP/public/index.php')
WARNING - 2026-08-28 05:58:38 --> [DEPRECATED] fputcsv(): the $escape parameter must be provided as its default value will change in APPPATH/Controllers/Api/ClientController.php on line 158.
 1 APPPATH/Controllers/Api/ClientController.php(158): fputcsv(resource (stream), [...])
 2 SYSTEMPATH/CodeIgniter.php(974): App\Controllers\Api\ClientController->exportCsv()
 3 SYSTEMPATH/CodeIgniter.php(520): CodeIgniter\CodeIgniter->runController(Object(App\Controllers\Api\ClientController))
 4 SYSTEMPATH/CodeIgniter.php(363): CodeIgniter\CodeIgniter->handleRequest(null, Object(Config\Cache), false)
 5 SYSTEMPATH/Boot.php(417): CodeIgniter\CodeIgniter->run()
 6 SYSTEMPATH/Boot.php(68): CodeIgniter\Boot::runCodeIgniter(Object(CodeIgniter\CodeIgniter))
 7 FCPATH/index.php(59): CodeIgniter\Boot::bootWeb(Object(Config\Paths))
 8 SYSTEMPATH/rewrite.php(44): require_once('/Users/rabarijohnsandroandrianina/Documents/GitHub/milkyway-ERP/public/index.php')
WARNING - 2026-08-28 05:58:38 --> [DEPRECATED] fputcsv(): the $escape parameter must be provided as its default value will change in APPPATH/Controllers/Api/ClientController.php on line 158.
 1 APPPATH/Controllers/Api/ClientController.php(158): fputcsv(resource (stream), [...])
 2 SYSTEMPATH/CodeIgniter.php(974): App\Controllers\Api\ClientController->exportCsv()
 3 SYSTEMPATH/CodeIgniter.php(520): CodeIgniter\CodeIgniter->runController(Object(App\Controllers\Api\ClientController))
 4 SYSTEMPATH/CodeIgniter.php(363): CodeIgniter\CodeIgniter->handleRequest(null, Object(Config\Cache), false)
 5 SYSTEMPATH/Boot.php(417): CodeIgniter\CodeIgniter->run()
 6 SYSTEMPATH/Boot.php(68): CodeIgniter\Boot::runCodeIgniter(Object(CodeIgniter\CodeIgniter))
 7 FCPATH/index.php(59): CodeIgniter\Boot::bootWeb(Object(Config\Paths))
 8 SYSTEMPATH/rewrite.php(44): require_once('/Users/rabarijohnsandroandrianina/Documents/GitHub/milkyway-ERP/public/index.php')
WARNING - 2026-08-28 05:58:38 --> [DEPRECATED] fputcsv(): the $escape parameter must be provided as its default value will change in APPPATH/Controllers/Api/ClientController.php on line 158.
 1 APPPATH/Controllers/Api/ClientController.php(158): fputcsv(resource (stream), [...])
 2 SYSTEMPATH/CodeIgniter.php(974): App\Controllers\Api\ClientController->exportCsv()
 3 SYSTEMPATH/CodeIgniter.php(520): CodeIgniter\CodeIgniter->runController(Object(App\Controllers\Api\ClientController))
 4 SYSTEMPATH/CodeIgniter.php(363): CodeIgniter\CodeIgniter->handleRequest(null, Object(Config\Cache), false)
 5 SYSTEMPATH/Boot.php(417): CodeIgniter\CodeIgniter->run()
 6 SYSTEMPATH/Boot.php(68): CodeIgniter\Boot::runCodeIgniter(Object(CodeIgniter\CodeIgniter))
 7 FCPATH/index.php(59): CodeIgniter\Boot::bootWeb(Object(Config\Paths))
 8 SYSTEMPATH/rewrite.php(44): require_once('/Users/rabarijohnsandroandrianina/Documents/GitHub/milkyway-ERP/public/index.php')
WARNING - 2026-08-28 05:58:38 --> [DEPRECATED] fputcsv(): the $escape parameter must be provided as its default value will change in APPPATH/Controllers/Api/ClientController.php on line 158.
 1 APPPATH/Controllers/Api/ClientController.php(158): fputcsv(resource (stream), [...])
 2 SYSTEMPATH/CodeIgniter.php(974): App\Controllers\Api\ClientController->exportCsv()
 3 SYSTEMPATH/CodeIgniter.php(520): CodeIgniter\CodeIgniter->runController(Object(App\Controllers\Api\ClientController))
 4 SYSTEMPATH/CodeIgniter.php(363): CodeIgniter\CodeIgniter->handleRequest(null, Object(Config\Cache), false)
 5 SYSTEMPATH/Boot.php(417): CodeIgniter\CodeIgniter->run()
 6 SYSTEMPATH/Boot.php(68): CodeIgniter\Boot::runCodeIgniter(Object(CodeIgniter\CodeIgniter))
 7 FCPATH/index.php(59): CodeIgniter\Boot::bootWeb(Object(Config\Paths))
 8 SYSTEMPATH/rewrite.php(44): require_once('/Users/rabarijohnsandroandrianina/Documents/GitHub/milkyway-ERP/public/index.php')
WARNING - 2026-08-28 05:58:38 --> [DEPRECATED] fputcsv(): the $escape parameter must be provided as its default value will change in APPPATH/Controllers/Api/ClientController.php on line 158.
 1 APPPATH/Controllers/Api/ClientController.php(158): fputcsv(resource (stream), [...])
 2 SYSTEMPATH/CodeIgniter.php(974): App\Controllers\Api\ClientController->exportCsv()
 3 SYSTEMPATH/CodeIgniter.php(520): CodeIgniter\CodeIgniter->runController(Object(App\Controllers\Api\ClientController))
 4 SYSTEMPATH/CodeIgniter.php(363): CodeIgniter\CodeIgniter->handleRequest(null, Object(Config\Cache), false)
 5 SYSTEMPATH/Boot.php(417): CodeIgniter\CodeIgniter->run()
 6 SYSTEMPATH/Boot.php(68): CodeIgniter\Boot::runCodeIgniter(Object(CodeIgniter\CodeIgniter))
 7 FCPATH/index.php(59): CodeIgniter\Boot::bootWeb(Object(Config\Paths))
 8 SYSTEMPATH/rewrite.php(44): require_once('/Users/rabarijohnsandroandrianina/Documents/GitHub/milkyway-ERP/public/index.php')
WARNING - 2026-08-28 05:58:38 --> [DEPRECATED] fputcsv(): the $escape parameter must be provided as its default value will change in APPPATH/Controllers/Api/ClientController.php on line 158.
 1 APPPATH/Controllers/Api/ClientController.php(158): fputcsv(resource (stream), [...])
 2 SYSTEMPATH/CodeIgniter.php(974): App\Controllers\Api\ClientController->exportCsv()
 3 SYSTEMPATH/CodeIgniter.php(520): CodeIgniter\CodeIgniter->runController(Object(App\Controllers\Api\ClientController))
 4 SYSTEMPATH/CodeIgniter.php(363): CodeIgniter\CodeIgniter->handleRequest(null, Object(Config\Cache), false)
 5 SYSTEMPATH/Boot.php(417): CodeIgniter\CodeIgniter->run()
 6 SYSTEMPATH/Boot.php(68): CodeIgniter\Boot::runCodeIgniter(Object(CodeIgniter\CodeIgniter))
 7 FCPATH/index.php(59): CodeIgniter\Boot::bootWeb(Object(Config\Paths))
 8 SYSTEMPATH/rewrite.php(44): require_once('/Users/rabarijohnsandroandrianina/Documents/GitHub/milkyway-ERP/public/index.php')
WARNING - 2026-08-28 05:58:38 --> [DEPRECATED] fputcsv(): the $escape parameter must be provided as its default value will change in APPPATH/Controllers/Api/ClientController.php on line 158.
 1 APPPATH/Controllers/Api/ClientController.php(158): fputcsv(resource (stream), [...])
 2 SYSTEMPATH/CodeIgniter.php(974): App\Controllers\Api\ClientController->exportCsv()
 3 SYSTEMPATH/CodeIgniter.php(520): CodeIgniter\CodeIgniter->runController(Object(App\Controllers\Api\ClientController))
 4 SYSTEMPATH/CodeIgniter.php(363): CodeIgniter\CodeIgniter->handleRequest(null, Object(Config\Cache), false)
 5 SYSTEMPATH/Boot.php(417): CodeIgniter\CodeIgniter->run()
 6 SYSTEMPATH/Boot.php(68): CodeIgniter\Boot::runCodeIgniter(Object(CodeIgniter\CodeIgniter))
 7 FCPATH/index.php(59): CodeIgniter\Boot::bootWeb(Object(Config\Paths))
 8 SYSTEMPATH/rewrite.php(44): require_once('/Users/rabarijohnsandroandrianina/Documents/GitHub/milkyway-ERP/public/index.php')
WARNING - 2026-08-28 05:58:38 --> [DEPRECATED] fputcsv(): the $escape parameter must be provided as its default value will change in APPPATH/Controllers/Api/ClientController.php on line 158.
 1 APPPATH/Controllers/Api/ClientController.php(158): fputcsv(resource (stream), [...])
 2 SYSTEMPATH/CodeIgniter.php(974): App\Controllers\Api\ClientController->exportCsv()
 3 SYSTEMPATH/CodeIgniter.php(520): CodeIgniter\CodeIgniter->runController(Object(App\Controllers\Api\ClientController))
 4 SYSTEMPATH/CodeIgniter.php(363): CodeIgniter\CodeIgniter->handleRequest(null, Object(Config\Cache), false)
 5 SYSTEMPATH/Boot.php(417): CodeIgniter\CodeIgniter->run()
 6 SYSTEMPATH/Boot.php(68): CodeIgniter\Boot::runCodeIgniter(Object(CodeIgniter\CodeIgniter))
 7 FCPATH/index.php(59): CodeIgniter\Boot::bootWeb(Object(Config\Paths))
 8 SYSTEMPATH/rewrite.php(44): require_once('/Users/rabarijohnsandroandrianina/Documents/GitHub/milkyway-ERP/public/index.php')
WARNING - 2026-08-28 06:12:25 --> [DEPRECATED] fputcsv(): the $escape parameter must be provided as its default value will change in APPPATH/Controllers/Api/ClientController.php on line 156.
 1 APPPATH/Controllers/Api/ClientController.php(156): fputcsv(resource (stream), [...])
 2 SYSTEMPATH/CodeIgniter.php(974): App\Controllers\Api\ClientController->exportCsv()
 3 SYSTEMPATH/CodeIgniter.php(520): CodeIgniter\CodeIgniter->runController(Object(App\Controllers\Api\ClientController))
 4 SYSTEMPATH/CodeIgniter.php(363): CodeIgniter\CodeIgniter->handleRequest(null, Object(Config\Cache), false)
 5 SYSTEMPATH/Boot.php(417): CodeIgniter\CodeIgniter->run()
 6 SYSTEMPATH/Boot.php(68): CodeIgniter\Boot::runCodeIgniter(Object(CodeIgniter\CodeIgniter))
 7 FCPATH/index.php(59): CodeIgniter\Boot::bootWeb(Object(Config\Paths))
 8 SYSTEMPATH/rewrite.php(44): require_once('/Users/rabarijohnsandroandrianina/Documents/GitHub/milkyway-ERP/public/index.php')
WARNING - 2026-08-28 06:12:25 --> [DEPRECATED] fputcsv(): the $escape parameter must be provided as its default value will change in APPPATH/Controllers/Api/ClientController.php on line 158.
 1 APPPATH/Controllers/Api/ClientController.php(158): fputcsv(resource (stream), [...])
 2 SYSTEMPATH/CodeIgniter.php(974): App\Controllers\Api\ClientController->exportCsv()
 3 SYSTEMPATH/CodeIgniter.php(520): CodeIgniter\CodeIgniter->runController(Object(App\Controllers\Api\ClientController))
 4 SYSTEMPATH/CodeIgniter.php(363): CodeIgniter\CodeIgniter->handleRequest(null, Object(Config\Cache), false)
 5 SYSTEMPATH/Boot.php(417): CodeIgniter\CodeIgniter->run()
 6 SYSTEMPATH/Boot.php(68): CodeIgniter\Boot::runCodeIgniter(Object(CodeIgniter\CodeIgniter))
 7 FCPATH/index.php(59): CodeIgniter\Boot::bootWeb(Object(Config\Paths))
 8 SYSTEMPATH/rewrite.php(44): require_once('/Users/rabarijohnsandroandrianina/Documents/GitHub/milkyway-ERP/public/index.php')
WARNING - 2026-08-28 06:12:25 --> [DEPRECATED] fputcsv(): the $escape parameter must be provided as its default value will change in APPPATH/Controllers/Api/ClientController.php on line 158.
 1 APPPATH/Controllers/Api/ClientController.php(158): fputcsv(resource (stream), [...])
 2 SYSTEMPATH/CodeIgniter.php(974): App\Controllers\Api\ClientController->exportCsv()
 3 SYSTEMPATH/CodeIgniter.php(520): CodeIgniter\CodeIgniter->runController(Object(App\Controllers\Api\ClientController))
 4 SYSTEMPATH/CodeIgniter.php(363): CodeIgniter\CodeIgniter->handleRequest(null, Object(Config\Cache), false)
 5 SYSTEMPATH/Boot.php(417): CodeIgniter\CodeIgniter->run()
 6 SYSTEMPATH/Boot.php(68): CodeIgniter\Boot::runCodeIgniter(Object(CodeIgniter\CodeIgniter))
 7 FCPATH/index.php(59): CodeIgniter\Boot::bootWeb(Object(Config\Paths))
 8 SYSTEMPATH/rewrite.php(44): require_once('/Users/rabarijohnsandroandrianina/Documents/GitHub/milkyway-ERP/public/index.php')
WARNING - 2026-08-28 06:12:25 --> [DEPRECATED] fputcsv(): the $escape parameter must be provided as its default value will change in APPPATH/Controllers/Api/ClientController.php on line 158.
 1 APPPATH/Controllers/Api/ClientController.php(158): fputcsv(resource (stream), [...])
 2 SYSTEMPATH/CodeIgniter.php(974): App\Controllers\Api\ClientController->exportCsv()
 3 SYSTEMPATH/CodeIgniter.php(520): CodeIgniter\CodeIgniter->runController(Object(App\Controllers\Api\ClientController))
 4 SYSTEMPATH/CodeIgniter.php(363): CodeIgniter\CodeIgniter->handleRequest(null, Object(Config\Cache), false)
 5 SYSTEMPATH/Boot.php(417): CodeIgniter\CodeIgniter->run()
 6 SYSTEMPATH/Boot.php(68): CodeIgniter\Boot::runCodeIgniter(Object(CodeIgniter\CodeIgniter))
 7 FCPATH/index.php(59): CodeIgniter\Boot::bootWeb(Object(Config\Paths))
 8 SYSTEMPATH/rewrite.php(44): require_once('/Users/rabarijohnsandroandrianina/Documents/GitHub/milkyway-ERP/public/index.php')
WARNING - 2026-08-28 06:12:25 --> [DEPRECATED] fputcsv(): the $escape parameter must be provided as its default value will change in APPPATH/Controllers/Api/ClientController.php on line 158.
 1 APPPATH/Controllers/Api/ClientController.php(158): fputcsv(resource (stream), [...])
 2 SYSTEMPATH/CodeIgniter.php(974): App\Controllers\Api\ClientController->exportCsv()
 3 SYSTEMPATH/CodeIgniter.php(520): CodeIgniter\CodeIgniter->runController(Object(App\Controllers\Api\ClientController))
 4 SYSTEMPATH/CodeIgniter.php(363): CodeIgniter\CodeIgniter->handleRequest(null, Object(Config\Cache), false)
 5 SYSTEMPATH/Boot.php(417): CodeIgniter\CodeIgniter->run()
 6 SYSTEMPATH/Boot.php(68): CodeIgniter\Boot::runCodeIgniter(Object(CodeIgniter\CodeIgniter))
 7 FCPATH/index.php(59): CodeIgniter\Boot::bootWeb(Object(Config\Paths))
 8 SYSTEMPATH/rewrite.php(44): require_once('/Users/rabarijohnsandroandrianina/Documents/GitHub/milkyway-ERP/public/index.php')
WARNING - 2026-08-28 06:12:25 --> [DEPRECATED] fputcsv(): the $escape parameter must be provided as its default value will change in APPPATH/Controllers/Api/ClientController.php on line 158.
 1 APPPATH/Controllers/Api/ClientController.php(158): fputcsv(resource (stream), [...])
 2 SYSTEMPATH/CodeIgniter.php(974): App\Controllers\Api\ClientController->exportCsv()
 3 SYSTEMPATH/CodeIgniter.php(520): CodeIgniter\CodeIgniter->runController(Object(App\Controllers\Api\ClientController))
 4 SYSTEMPATH/CodeIgniter.php(363): CodeIgniter\CodeIgniter->handleRequest(null, Object(Config\Cache), false)
 5 SYSTEMPATH/Boot.php(417): CodeIgniter\CodeIgniter->run()
 6 SYSTEMPATH/Boot.php(68): CodeIgniter\Boot::runCodeIgniter(Object(CodeIgniter\CodeIgniter))
 7 FCPATH/index.php(59): CodeIgniter\Boot::bootWeb(Object(Config\Paths))
 8 SYSTEMPATH/rewrite.php(44): require_once('/Users/rabarijohnsandroandrianina/Documents/GitHub/milkyway-ERP/public/index.php')
WARNING - 2026-08-28 06:12:25 --> [DEPRECATED] fputcsv(): the $escape parameter must be provided as its default value will change in APPPATH/Controllers/Api/ClientController.php on line 158.
 1 APPPATH/Controllers/Api/ClientController.php(158): fputcsv(resource (stream), [...])
 2 SYSTEMPATH/CodeIgniter.php(974): App\Controllers\Api\ClientController->exportCsv()
 3 SYSTEMPATH/CodeIgniter.php(520): CodeIgniter\CodeIgniter->runController(Object(App\Controllers\Api\ClientController))
 4 SYSTEMPATH/CodeIgniter.php(363): CodeIgniter\CodeIgniter->handleRequest(null, Object(Config\Cache), false)
 5 SYSTEMPATH/Boot.php(417): CodeIgniter\CodeIgniter->run()
 6 SYSTEMPATH/Boot.php(68): CodeIgniter\Boot::runCodeIgniter(Object(CodeIgniter\CodeIgniter))
 7 FCPATH/index.php(59): CodeIgniter\Boot::bootWeb(Object(Config\Paths))
 8 SYSTEMPATH/rewrite.php(44): require_once('/Users/rabarijohnsandroandrianina/Documents/GitHub/milkyway-ERP/public/index.php')
WARNING - 2026-08-28 06:12:25 --> [DEPRECATED] fputcsv(): the $escape parameter must be provided as its default value will change in APPPATH/Controllers/Api/ClientController.php on line 158.
 1 APPPATH/Controllers/Api/ClientController.php(158): fputcsv(resource (stream), [...])
 2 SYSTEMPATH/CodeIgniter.php(974): App\Controllers\Api\ClientController->exportCsv()
 3 SYSTEMPATH/CodeIgniter.php(520): CodeIgniter\CodeIgniter->runController(Object(App\Controllers\Api\ClientController))
 4 SYSTEMPATH/CodeIgniter.php(363): CodeIgniter\CodeIgniter->handleRequest(null, Object(Config\Cache), false)
 5 SYSTEMPATH/Boot.php(417): CodeIgniter\CodeIgniter->run()
 6 SYSTEMPATH/Boot.php(68): CodeIgniter\Boot::runCodeIgniter(Object(CodeIgniter\CodeIgniter))
 7 FCPATH/index.php(59): CodeIgniter\Boot::bootWeb(Object(Config\Paths))
 8 SYSTEMPATH/rewrite.php(44): require_once('/Users/rabarijohnsandroandrianina/Documents/GitHub/milkyway-ERP/public/index.php')
WARNING - 2026-08-28 06:12:25 --> [DEPRECATED] fputcsv(): the $escape parameter must be provided as its default value will change in APPPATH/Controllers/Api/ClientController.php on line 158.
 1 APPPATH/Controllers/Api/ClientController.php(158): fputcsv(resource (stream), [...])
 2 SYSTEMPATH/CodeIgniter.php(974): App\Controllers\Api\ClientController->exportCsv()
 3 SYSTEMPATH/CodeIgniter.php(520): CodeIgniter\CodeIgniter->runController(Object(App\Controllers\Api\ClientController))
 4 SYSTEMPATH/CodeIgniter.php(363): CodeIgniter\CodeIgniter->handleRequest(null, Object(Config\Cache), false)
 5 SYSTEMPATH/Boot.php(417): CodeIgniter\CodeIgniter->run()
 6 SYSTEMPATH/Boot.php(68): CodeIgniter\Boot::runCodeIgniter(Object(CodeIgniter\CodeIgniter))
 7 FCPATH/index.php(59): CodeIgniter\Boot::bootWeb(Object(Config\Paths))
 8 SYSTEMPATH/rewrite.php(44): require_once('/Users/rabarijohnsandroandrianina/Documents/GitHub/milkyway-ERP/public/index.php')
WARNING - 2026-08-28 06:12:25 --> [DEPRECATED] fputcsv(): the $escape parameter must be provided as its default value will change in APPPATH/Controllers/Api/ClientController.php on line 158.
 1 APPPATH/Controllers/Api/ClientController.php(158): fputcsv(resource (stream), [...])
 2 SYSTEMPATH/CodeIgniter.php(974): App\Controllers\Api\ClientController->exportCsv()
 3 SYSTEMPATH/CodeIgniter.php(520): CodeIgniter\CodeIgniter->runController(Object(App\Controllers\Api\ClientController))
 4 SYSTEMPATH/CodeIgniter.php(363): CodeIgniter\CodeIgniter->handleRequest(null, Object(Config\Cache), false)
 5 SYSTEMPATH/Boot.php(417): CodeIgniter\CodeIgniter->run()
 6 SYSTEMPATH/Boot.php(68): CodeIgniter\Boot::runCodeIgniter(Object(CodeIgniter\CodeIgniter))
 7 FCPATH/index.php(59): CodeIgniter\Boot::bootWeb(Object(Config\Paths))
 8 SYSTEMPATH/rewrite.php(44): require_once('/Users/rabarijohnsandroandrianina/Documents/GitHub/milkyway-ERP/public/index.php')
WARNING - 2026-08-28 06:12:25 --> [DEPRECATED] fputcsv(): the $escape parameter must be provided as its default value will change in APPPATH/Controllers/Api/ClientController.php on line 158.
 1 APPPATH/Controllers/Api/ClientController.php(158): fputcsv(resource (stream), [...])
 2 SYSTEMPATH/CodeIgniter.php(974): App\Controllers\Api\ClientController->exportCsv()
 3 SYSTEMPATH/CodeIgniter.php(520): CodeIgniter\CodeIgniter->runController(Object(App\Controllers\Api\ClientController))
 4 SYSTEMPATH/CodeIgniter.php(363): CodeIgniter\CodeIgniter->handleRequest(null, Object(Config\Cache), false)
 5 SYSTEMPATH/Boot.php(417): CodeIgniter\CodeIgniter->run()
 6 SYSTEMPATH/Boot.php(68): CodeIgniter\Boot::runCodeIgniter(Object(CodeIgniter\CodeIgniter))
 7 FCPATH/index.php(59): CodeIgniter\Boot::bootWeb(Object(Config\Paths))
 8 SYSTEMPATH/rewrite.php(44): require_once('/Users/rabarijohnsandroandrianina/Documents/GitHub/milkyway-ERP/public/index.php')
WARNING - 2026-08-28 06:30:03 --> [DEPRECATED] fputcsv(): the $escape parameter must be provided as its default value will change in APPPATH/Controllers/Api/ClientController.php on line 256.
 1 APPPATH/Controllers/Api/ClientController.php(256): fputcsv(resource (stream), [...])
 2 SYSTEMPATH/CodeIgniter.php(974): App\Controllers\Api\ClientController->exportAchatsCsv('22')
 3 SYSTEMPATH/CodeIgniter.php(520): CodeIgniter\CodeIgniter->runController(Object(App\Controllers\Api\ClientController))
 4 SYSTEMPATH/CodeIgniter.php(363): CodeIgniter\CodeIgniter->handleRequest(null, Object(Config\Cache), false)
 5 SYSTEMPATH/Boot.php(417): CodeIgniter\CodeIgniter->run()
 6 SYSTEMPATH/Boot.php(68): CodeIgniter\Boot::runCodeIgniter(Object(CodeIgniter\CodeIgniter))
 7 FCPATH/index.php(59): CodeIgniter\Boot::bootWeb(Object(Config\Paths))
 8 SYSTEMPATH/rewrite.php(44): require_once('/Users/rabarijohnsandroandrianina/Documents/GitHub/milkyway-ERP/public/index.php')
WARNING - 2026-08-28 06:30:03 --> [DEPRECATED] fputcsv(): the $escape parameter must be provided as its default value will change in APPPATH/Controllers/Api/ClientController.php on line 258.
 1 APPPATH/Controllers/Api/ClientController.php(258): fputcsv(resource (stream), [...])
 2 SYSTEMPATH/CodeIgniter.php(974): App\Controllers\Api\ClientController->exportAchatsCsv('22')
 3 SYSTEMPATH/CodeIgniter.php(520): CodeIgniter\CodeIgniter->runController(Object(App\Controllers\Api\ClientController))
 4 SYSTEMPATH/CodeIgniter.php(363): CodeIgniter\CodeIgniter->handleRequest(null, Object(Config\Cache), false)
 5 SYSTEMPATH/Boot.php(417): CodeIgniter\CodeIgniter->run()
 6 SYSTEMPATH/Boot.php(68): CodeIgniter\Boot::runCodeIgniter(Object(CodeIgniter\CodeIgniter))
 7 FCPATH/index.php(59): CodeIgniter\Boot::bootWeb(Object(Config\Paths))
 8 SYSTEMPATH/rewrite.php(44): require_once('/Users/rabarijohnsandroandrianina/Documents/GitHub/milkyway-ERP/public/index.php')
WARNING - 2026-08-28 06:30:03 --> [DEPRECATED] fputcsv(): the $escape parameter must be provided as its default value will change in APPPATH/Controllers/Api/ClientController.php on line 258.
 1 APPPATH/Controllers/Api/ClientController.php(258): fputcsv(resource (stream), [...])
 2 SYSTEMPATH/CodeIgniter.php(974): App\Controllers\Api\ClientController->exportAchatsCsv('22')
 3 SYSTEMPATH/CodeIgniter.php(520): CodeIgniter\CodeIgniter->runController(Object(App\Controllers\Api\ClientController))
 4 SYSTEMPATH/CodeIgniter.php(363): CodeIgniter\CodeIgniter->handleRequest(null, Object(Config\Cache), false)
 5 SYSTEMPATH/Boot.php(417): CodeIgniter\CodeIgniter->run()
 6 SYSTEMPATH/Boot.php(68): CodeIgniter\Boot::runCodeIgniter(Object(CodeIgniter\CodeIgniter))
 7 FCPATH/index.php(59): CodeIgniter\Boot::bootWeb(Object(Config\Paths))
 8 SYSTEMPATH/rewrite.php(44): require_once('/Users/rabarijohnsandroandrianina/Documents/GitHub/milkyway-ERP/public/index.php')
WARNING - 2026-08-28 06:30:03 --> [DEPRECATED] fputcsv(): the $escape parameter must be provided as its default value will change in APPPATH/Controllers/Api/ClientController.php on line 258.
 1 APPPATH/Controllers/Api/ClientController.php(258): fputcsv(resource (stream), [...])
 2 SYSTEMPATH/CodeIgniter.php(974): App\Controllers\Api\ClientController->exportAchatsCsv('22')
 3 SYSTEMPATH/CodeIgniter.php(520): CodeIgniter\CodeIgniter->runController(Object(App\Controllers\Api\ClientController))
 4 SYSTEMPATH/CodeIgniter.php(363): CodeIgniter\CodeIgniter->handleRequest(null, Object(Config\Cache), false)
 5 SYSTEMPATH/Boot.php(417): CodeIgniter\CodeIgniter->run()
 6 SYSTEMPATH/Boot.php(68): CodeIgniter\Boot::runCodeIgniter(Object(CodeIgniter\CodeIgniter))
 7 FCPATH/index.php(59): CodeIgniter\Boot::bootWeb(Object(Config\Paths))
 8 SYSTEMPATH/rewrite.php(44): require_once('/Users/rabarijohnsandroandrianina/Documents/GitHub/milkyway-ERP/public/index.php')
WARNING - 2026-08-28 07:23:22 --> [DEPRECATED] fputcsv(): the $escape parameter must be provided as its default value will change in APPPATH/Services/ExportService.php on line 33.
 1 APPPATH/Services/ExportService.php(33): fputcsv(resource (stream), [...])
 2 APPPATH/Controllers/Api/ClientController.php(137): App\Services\ExportService->exportClientsCsv([], 'clients_export')
 3 SYSTEMPATH/CodeIgniter.php(974): App\Controllers\Api\ClientController->exportCsv()
 4 SYSTEMPATH/CodeIgniter.php(520): CodeIgniter\CodeIgniter->runController(Object(App\Controllers\Api\ClientController))
 5 SYSTEMPATH/CodeIgniter.php(363): CodeIgniter\CodeIgniter->handleRequest(null, Object(Config\Cache), false)
 6 SYSTEMPATH/Boot.php(417): CodeIgniter\CodeIgniter->run()
 7 SYSTEMPATH/Boot.php(68): CodeIgniter\Boot::runCodeIgniter(Object(CodeIgniter\CodeIgniter))
 8 FCPATH/index.php(59): CodeIgniter\Boot::bootWeb(Object(Config\Paths))
 9 SYSTEMPATH/rewrite.php(44): require_once('/Users/rabarijohnsandroandrianina/Documents/GitHub/milkyway-ERP/public/index.php')
WARNING - 2026-08-28 07:23:22 --> [DEPRECATED] fputcsv(): the $escape parameter must be provided as its default value will change in APPPATH/Services/ExportService.php on line 35.
 1 APPPATH/Services/ExportService.php(35): fputcsv(resource (stream), [...])
 2 APPPATH/Controllers/Api/ClientController.php(137): App\Services\ExportService->exportClientsCsv([], 'clients_export')
 3 SYSTEMPATH/CodeIgniter.php(974): App\Controllers\Api\ClientController->exportCsv()
 4 SYSTEMPATH/CodeIgniter.php(520): CodeIgniter\CodeIgniter->runController(Object(App\Controllers\Api\ClientController))
 5 SYSTEMPATH/CodeIgniter.php(363): CodeIgniter\CodeIgniter->handleRequest(null, Object(Config\Cache), false)
 6 SYSTEMPATH/Boot.php(417): CodeIgniter\CodeIgniter->run()
 7 SYSTEMPATH/Boot.php(68): CodeIgniter\Boot::runCodeIgniter(Object(CodeIgniter\CodeIgniter))
 8 FCPATH/index.php(59): CodeIgniter\Boot::bootWeb(Object(Config\Paths))
 9 SYSTEMPATH/rewrite.php(44): require_once('/Users/rabarijohnsandroandrianina/Documents/GitHub/milkyway-ERP/public/index.php')
WARNING - 2026-08-28 07:23:22 --> [DEPRECATED] fputcsv(): the $escape parameter must be provided as its default value will change in APPPATH/Services/ExportService.php on line 35.
 1 APPPATH/Services/ExportService.php(35): fputcsv(resource (stream), [...])
 2 APPPATH/Controllers/Api/ClientController.php(137): App\Services\ExportService->exportClientsCsv([], 'clients_export')
 3 SYSTEMPATH/CodeIgniter.php(974): App\Controllers\Api\ClientController->exportCsv()
 4 SYSTEMPATH/CodeIgniter.php(520): CodeIgniter\CodeIgniter->runController(Object(App\Controllers\Api\ClientController))
 5 SYSTEMPATH/CodeIgniter.php(363): CodeIgniter\CodeIgniter->handleRequest(null, Object(Config\Cache), false)
 6 SYSTEMPATH/Boot.php(417): CodeIgniter\CodeIgniter->run()
 7 SYSTEMPATH/Boot.php(68): CodeIgniter\Boot::runCodeIgniter(Object(CodeIgniter\CodeIgniter))
 8 FCPATH/index.php(59): CodeIgniter\Boot::bootWeb(Object(Config\Paths))
 9 SYSTEMPATH/rewrite.php(44): require_once('/Users/rabarijohnsandroandrianina/Documents/GitHub/milkyway-ERP/public/index.php')
WARNING - 2026-08-28 07:23:22 --> [DEPRECATED] fputcsv(): the $escape parameter must be provided as its default value will change in APPPATH/Services/ExportService.php on line 35.
 1 APPPATH/Services/ExportService.php(35): fputcsv(resource (stream), [...])
 2 APPPATH/Controllers/Api/ClientController.php(137): App\Services\ExportService->exportClientsCsv([], 'clients_export')
 3 SYSTEMPATH/CodeIgniter.php(974): App\Controllers\Api\ClientController->exportCsv()
 4 SYSTEMPATH/CodeIgniter.php(520): CodeIgniter\CodeIgniter->runController(Object(App\Controllers\Api\ClientController))
 5 SYSTEMPATH/CodeIgniter.php(363): CodeIgniter\CodeIgniter->handleRequest(null, Object(Config\Cache), false)
 6 SYSTEMPATH/Boot.php(417): CodeIgniter\CodeIgniter->run()
 7 SYSTEMPATH/Boot.php(68): CodeIgniter\Boot::runCodeIgniter(Object(CodeIgniter\CodeIgniter))
 8 FCPATH/index.php(59): CodeIgniter\Boot::bootWeb(Object(Config\Paths))
 9 SYSTEMPATH/rewrite.php(44): require_once('/Users/rabarijohnsandroandrianina/Documents/GitHub/milkyway-ERP/public/index.php')
WARNING - 2026-08-28 07:23:22 --> [DEPRECATED] fputcsv(): the $escape parameter must be provided as its default value will change in APPPATH/Services/ExportService.php on line 35.
 1 APPPATH/Services/ExportService.php(35): fputcsv(resource (stream), [...])
 2 APPPATH/Controllers/Api/ClientController.php(137): App\Services\ExportService->exportClientsCsv([], 'clients_export')
 3 SYSTEMPATH/CodeIgniter.php(974): App\Controllers\Api\ClientController->exportCsv()
 4 SYSTEMPATH/CodeIgniter.php(520): CodeIgniter\CodeIgniter->runController(Object(App\Controllers\Api\ClientController))
 5 SYSTEMPATH/CodeIgniter.php(363): CodeIgniter\CodeIgniter->handleRequest(null, Object(Config\Cache), false)
 6 SYSTEMPATH/Boot.php(417): CodeIgniter\CodeIgniter->run()
 7 SYSTEMPATH/Boot.php(68): CodeIgniter\Boot::runCodeIgniter(Object(CodeIgniter\CodeIgniter))
 8 FCPATH/index.php(59): CodeIgniter\Boot::bootWeb(Object(Config\Paths))
 9 SYSTEMPATH/rewrite.php(44): require_once('/Users/rabarijohnsandroandrianina/Documents/GitHub/milkyway-ERP/public/index.php')
WARNING - 2026-08-28 07:23:22 --> [DEPRECATED] fputcsv(): the $escape parameter must be provided as its default value will change in APPPATH/Services/ExportService.php on line 35.
 1 APPPATH/Services/ExportService.php(35): fputcsv(resource (stream), [...])
 2 APPPATH/Controllers/Api/ClientController.php(137): App\Services\ExportService->exportClientsCsv([], 'clients_export')
 3 SYSTEMPATH/CodeIgniter.php(974): App\Controllers\Api\ClientController->exportCsv()
 4 SYSTEMPATH/CodeIgniter.php(520): CodeIgniter\CodeIgniter->runController(Object(App\Controllers\Api\ClientController))
 5 SYSTEMPATH/CodeIgniter.php(363): CodeIgniter\CodeIgniter->handleRequest(null, Object(Config\Cache), false)
 6 SYSTEMPATH/Boot.php(417): CodeIgniter\CodeIgniter->run()
 7 SYSTEMPATH/Boot.php(68): CodeIgniter\Boot::runCodeIgniter(Object(CodeIgniter\CodeIgniter))
 8 FCPATH/index.php(59): CodeIgniter\Boot::bootWeb(Object(Config\Paths))
 9 SYSTEMPATH/rewrite.php(44): require_once('/Users/rabarijohnsandroandrianina/Documents/GitHub/milkyway-ERP/public/index.php')
WARNING - 2026-08-28 07:23:22 --> [DEPRECATED] fputcsv(): the $escape parameter must be provided as its default value will change in APPPATH/Services/ExportService.php on line 35.
 1 APPPATH/Services/ExportService.php(35): fputcsv(resource (stream), [...])
 2 APPPATH/Controllers/Api/ClientController.php(137): App\Services\ExportService->exportClientsCsv([], 'clients_export')
 3 SYSTEMPATH/CodeIgniter.php(974): App\Controllers\Api\ClientController->exportCsv()
 4 SYSTEMPATH/CodeIgniter.php(520): CodeIgniter\CodeIgniter->runController(Object(App\Controllers\Api\ClientController))
 5 SYSTEMPATH/CodeIgniter.php(363): CodeIgniter\CodeIgniter->handleRequest(null, Object(Config\Cache), false)
 6 SYSTEMPATH/Boot.php(417): CodeIgniter\CodeIgniter->run()
 7 SYSTEMPATH/Boot.php(68): CodeIgniter\Boot::runCodeIgniter(Object(CodeIgniter\CodeIgniter))
 8 FCPATH/index.php(59): CodeIgniter\Boot::bootWeb(Object(Config\Paths))
 9 SYSTEMPATH/rewrite.php(44): require_once('/Users/rabarijohnsandroandrianina/Documents/GitHub/milkyway-ERP/public/index.php')
WARNING - 2026-08-28 07:23:22 --> [DEPRECATED] fputcsv(): the $escape parameter must be provided as its default value will change in APPPATH/Services/ExportService.php on line 35.
 1 APPPATH/Services/ExportService.php(35): fputcsv(resource (stream), [...])
 2 APPPATH/Controllers/Api/ClientController.php(137): App\Services\ExportService->exportClientsCsv([], 'clients_export')
 3 SYSTEMPATH/CodeIgniter.php(974): App\Controllers\Api\ClientController->exportCsv()
 4 SYSTEMPATH/CodeIgniter.php(520): CodeIgniter\CodeIgniter->runController(Object(App\Controllers\Api\ClientController))
 5 SYSTEMPATH/CodeIgniter.php(363): CodeIgniter\CodeIgniter->handleRequest(null, Object(Config\Cache), false)
 6 SYSTEMPATH/Boot.php(417): CodeIgniter\CodeIgniter->run()
 7 SYSTEMPATH/Boot.php(68): CodeIgniter\Boot::runCodeIgniter(Object(CodeIgniter\CodeIgniter))
 8 FCPATH/index.php(59): CodeIgniter\Boot::bootWeb(Object(Config\Paths))
 9 SYSTEMPATH/rewrite.php(44): require_once('/Users/rabarijohnsandroandrianina/Documents/GitHub/milkyway-ERP/public/index.php')
WARNING - 2026-08-28 07:23:22 --> [DEPRECATED] fputcsv(): the $escape parameter must be provided as its default value will change in APPPATH/Services/ExportService.php on line 35.
 1 APPPATH/Services/ExportService.php(35): fputcsv(resource (stream), [...])
 2 APPPATH/Controllers/Api/ClientController.php(137): App\Services\ExportService->exportClientsCsv([], 'clients_export')
 3 SYSTEMPATH/CodeIgniter.php(974): App\Controllers\Api\ClientController->exportCsv()
 4 SYSTEMPATH/CodeIgniter.php(520): CodeIgniter\CodeIgniter->runController(Object(App\Controllers\Api\ClientController))
 5 SYSTEMPATH/CodeIgniter.php(363): CodeIgniter\CodeIgniter->handleRequest(null, Object(Config\Cache), false)
 6 SYSTEMPATH/Boot.php(417): CodeIgniter\CodeIgniter->run()
 7 SYSTEMPATH/Boot.php(68): CodeIgniter\Boot::runCodeIgniter(Object(CodeIgniter\CodeIgniter))
 8 FCPATH/index.php(59): CodeIgniter\Boot::bootWeb(Object(Config\Paths))
 9 SYSTEMPATH/rewrite.php(44): require_once('/Users/rabarijohnsandroandrianina/Documents/GitHub/milkyway-ERP/public/index.php')
WARNING - 2026-08-28 07:23:22 --> [DEPRECATED] fputcsv(): the $escape parameter must be provided as its default value will change in APPPATH/Services/ExportService.php on line 35.
 1 APPPATH/Services/ExportService.php(35): fputcsv(resource (stream), [...])
 2 APPPATH/Controllers/Api/ClientController.php(137): App\Services\ExportService->exportClientsCsv([], 'clients_export')
 3 SYSTEMPATH/CodeIgniter.php(974): App\Controllers\Api\ClientController->exportCsv()
 4 SYSTEMPATH/CodeIgniter.php(520): CodeIgniter\CodeIgniter->runController(Object(App\Controllers\Api\ClientController))
 5 SYSTEMPATH/CodeIgniter.php(363): CodeIgniter\CodeIgniter->handleRequest(null, Object(Config\Cache), false)
 6 SYSTEMPATH/Boot.php(417): CodeIgniter\CodeIgniter->run()
 7 SYSTEMPATH/Boot.php(68): CodeIgniter\Boot::runCodeIgniter(Object(CodeIgniter\CodeIgniter))
 8 FCPATH/index.php(59): CodeIgniter\Boot::bootWeb(Object(Config\Paths))
 9 SYSTEMPATH/rewrite.php(44): require_once('/Users/rabarijohnsandroandrianina/Documents/GitHub/milkyway-ERP/public/index.php')
WARNING - 2026-08-28 07:23:22 --> [DEPRECATED] fputcsv(): the $escape parameter must be provided as its default value will change in APPPATH/Services/ExportService.php on line 35.
 1 APPPATH/Services/ExportService.php(35): fputcsv(resource (stream), [...])
 2 APPPATH/Controllers/Api/ClientController.php(137): App\Services\ExportService->exportClientsCsv([], 'clients_export')
 3 SYSTEMPATH/CodeIgniter.php(974): App\Controllers\Api\ClientController->exportCsv()
 4 SYSTEMPATH/CodeIgniter.php(520): CodeIgniter\CodeIgniter->runController(Object(App\Controllers\Api\ClientController))
 5 SYSTEMPATH/CodeIgniter.php(363): CodeIgniter\CodeIgniter->handleRequest(null, Object(Config\Cache), false)
 6 SYSTEMPATH/Boot.php(417): CodeIgniter\CodeIgniter->run()
 7 SYSTEMPATH/Boot.php(68): CodeIgniter\Boot::runCodeIgniter(Object(CodeIgniter\CodeIgniter))
 8 FCPATH/index.php(59): CodeIgniter\Boot::bootWeb(Object(Config\Paths))
 9 SYSTEMPATH/rewrite.php(44): require_once('/Users/rabarijohnsandroandrianina/Documents/GitHub/milkyway-ERP/public/index.php')
WARNING - 2026-08-28 07:23:22 --> [DEPRECATED] fputcsv(): the $escape parameter must be provided as its default value will change in APPPATH/Services/ExportService.php on line 35.
 1 APPPATH/Services/ExportService.php(35): fputcsv(resource (stream), [...])
 2 APPPATH/Controllers/Api/ClientController.php(137): App\Services\ExportService->exportClientsCsv([], 'clients_export')
 3 SYSTEMPATH/CodeIgniter.php(974): App\Controllers\Api\ClientController->exportCsv()
 4 SYSTEMPATH/CodeIgniter.php(520): CodeIgniter\CodeIgniter->runController(Object(App\Controllers\Api\ClientController))
 5 SYSTEMPATH/CodeIgniter.php(363): CodeIgniter\CodeIgniter->handleRequest(null, Object(Config\Cache), false)
 6 SYSTEMPATH/Boot.php(417): CodeIgniter\CodeIgniter->run()
 7 SYSTEMPATH/Boot.php(68): CodeIgniter\Boot::runCodeIgniter(Object(CodeIgniter\CodeIgniter))
 8 FCPATH/index.php(59): CodeIgniter\Boot::bootWeb(Object(Config\Paths))
 9 SYSTEMPATH/rewrite.php(44): require_once('/Users/rabarijohnsandroandrianina/Documents/GitHub/milkyway-ERP/public/index.php')
WARNING - 2026-08-28 07:23:22 --> [DEPRECATED] fputcsv(): the $escape parameter must be provided as its default value will change in APPPATH/Services/ExportService.php on line 35.
 1 APPPATH/Services/ExportService.php(35): fputcsv(resource (stream), [...])
 2 APPPATH/Controllers/Api/ClientController.php(137): App\Services\ExportService->exportClientsCsv([], 'clients_export')
 3 SYSTEMPATH/CodeIgniter.php(974): App\Controllers\Api\ClientController->exportCsv()
 4 SYSTEMPATH/CodeIgniter.php(520): CodeIgniter\CodeIgniter->runController(Object(App\Controllers\Api\ClientController))
 5 SYSTEMPATH/CodeIgniter.php(363): CodeIgniter\CodeIgniter->handleRequest(null, Object(Config\Cache), false)
 6 SYSTEMPATH/Boot.php(417): CodeIgniter\CodeIgniter->run()
 7 SYSTEMPATH/Boot.php(68): CodeIgniter\Boot::runCodeIgniter(Object(CodeIgniter\CodeIgniter))
 8 FCPATH/index.php(59): CodeIgniter\Boot::bootWeb(Object(Config\Paths))
 9 SYSTEMPATH/rewrite.php(44): require_once('/Users/rabarijohnsandroandrianina/Documents/GitHub/milkyway-ERP/public/index.php')
WARNING - 2026-08-28 07:23:22 --> [DEPRECATED] fputcsv(): the $escape parameter must be provided as its default value will change in APPPATH/Services/ExportService.php on line 35.
 1 APPPATH/Services/ExportService.php(35): fputcsv(resource (stream), [...])
 2 APPPATH/Controllers/Api/ClientController.php(137): App\Services\ExportService->exportClientsCsv([], 'clients_export')
 3 SYSTEMPATH/CodeIgniter.php(974): App\Controllers\Api\ClientController->exportCsv()
 4 SYSTEMPATH/CodeIgniter.php(520): CodeIgniter\CodeIgniter->runController(Object(App\Controllers\Api\ClientController))
 5 SYSTEMPATH/CodeIgniter.php(363): CodeIgniter\CodeIgniter->handleRequest(null, Object(Config\Cache), false)
 6 SYSTEMPATH/Boot.php(417): CodeIgniter\CodeIgniter->run()
 7 SYSTEMPATH/Boot.php(68): CodeIgniter\Boot::runCodeIgniter(Object(CodeIgniter\CodeIgniter))
 8 FCPATH/index.php(59): CodeIgniter\Boot::bootWeb(Object(Config\Paths))
 9 SYSTEMPATH/rewrite.php(44): require_once('/Users/rabarijohnsandroandrianina/Documents/GitHub/milkyway-ERP/public/index.php')
WARNING - 2026-08-28 07:23:22 --> [DEPRECATED] fputcsv(): the $escape parameter must be provided as its default value will change in APPPATH/Services/ExportService.php on line 35.
 1 APPPATH/Services/ExportService.php(35): fputcsv(resource (stream), [...])
 2 APPPATH/Controllers/Api/ClientController.php(137): App\Services\ExportService->exportClientsCsv([], 'clients_export')
 3 SYSTEMPATH/CodeIgniter.php(974): App\Controllers\Api\ClientController->exportCsv()
 4 SYSTEMPATH/CodeIgniter.php(520): CodeIgniter\CodeIgniter->runController(Object(App\Controllers\Api\ClientController))
 5 SYSTEMPATH/CodeIgniter.php(363): CodeIgniter\CodeIgniter->handleRequest(null, Object(Config\Cache), false)
 6 SYSTEMPATH/Boot.php(417): CodeIgniter\CodeIgniter->run()
 7 SYSTEMPATH/Boot.php(68): CodeIgniter\Boot::runCodeIgniter(Object(CodeIgniter\CodeIgniter))
 8 FCPATH/index.php(59): CodeIgniter\Boot::bootWeb(Object(Config\Paths))
 9 SYSTEMPATH/rewrite.php(44): require_once('/Users/rabarijohnsandroandrianina/Documents/GitHub/milkyway-ERP/public/index.php')
WARNING - 2026-08-28 07:23:22 --> [DEPRECATED] fputcsv(): the $escape parameter must be provided as its default value will change in APPPATH/Services/ExportService.php on line 35.
 1 APPPATH/Services/ExportService.php(35): fputcsv(resource (stream), [...])
 2 APPPATH/Controllers/Api/ClientController.php(137): App\Services\ExportService->exportClientsCsv([], 'clients_export')
 3 SYSTEMPATH/CodeIgniter.php(974): App\Controllers\Api\ClientController->exportCsv()
 4 SYSTEMPATH/CodeIgniter.php(520): CodeIgniter\CodeIgniter->runController(Object(App\Controllers\Api\ClientController))
 5 SYSTEMPATH/CodeIgniter.php(363): CodeIgniter\CodeIgniter->handleRequest(null, Object(Config\Cache), false)
 6 SYSTEMPATH/Boot.php(417): CodeIgniter\CodeIgniter->run()
 7 SYSTEMPATH/Boot.php(68): CodeIgniter\Boot::runCodeIgniter(Object(CodeIgniter\CodeIgniter))
 8 FCPATH/index.php(59): CodeIgniter\Boot::bootWeb(Object(Config\Paths))
 9 SYSTEMPATH/rewrite.php(44): require_once('/Users/rabarijohnsandroandrianina/Documents/GitHub/milkyway-ERP/public/index.php')
WARNING - 2026-08-28 07:23:22 --> [DEPRECATED] fputcsv(): the $escape parameter must be provided as its default value will change in APPPATH/Services/ExportService.php on line 35.
 1 APPPATH/Services/ExportService.php(35): fputcsv(resource (stream), [...])
 2 APPPATH/Controllers/Api/ClientController.php(137): App\Services\ExportService->exportClientsCsv([], 'clients_export')
 3 SYSTEMPATH/CodeIgniter.php(974): App\Controllers\Api\ClientController->exportCsv()
 4 SYSTEMPATH/CodeIgniter.php(520): CodeIgniter\CodeIgniter->runController(Object(App\Controllers\Api\ClientController))
 5 SYSTEMPATH/CodeIgniter.php(363): CodeIgniter\CodeIgniter->handleRequest(null, Object(Config\Cache), false)
 6 SYSTEMPATH/Boot.php(417): CodeIgniter\CodeIgniter->run()
 7 SYSTEMPATH/Boot.php(68): CodeIgniter\Boot::runCodeIgniter(Object(CodeIgniter\CodeIgniter))
 8 FCPATH/index.php(59): CodeIgniter\Boot::bootWeb(Object(Config\Paths))
 9 SYSTEMPATH/rewrite.php(44): require_once('/Users/rabarijohnsandroandrianina/Documents/GitHub/milkyway-ERP/public/index.php')
WARNING - 2026-08-28 07:23:22 --> [DEPRECATED] fputcsv(): the $escape parameter must be provided as its default value will change in APPPATH/Services/ExportService.php on line 35.
 1 APPPATH/Services/ExportService.php(35): fputcsv(resource (stream), [...])
 2 APPPATH/Controllers/Api/ClientController.php(137): App\Services\ExportService->exportClientsCsv([], 'clients_export')
 3 SYSTEMPATH/CodeIgniter.php(974): App\Controllers\Api\ClientController->exportCsv()
 4 SYSTEMPATH/CodeIgniter.php(520): CodeIgniter\CodeIgniter->runController(Object(App\Controllers\Api\ClientController))
 5 SYSTEMPATH/CodeIgniter.php(363): CodeIgniter\CodeIgniter->handleRequest(null, Object(Config\Cache), false)
 6 SYSTEMPATH/Boot.php(417): CodeIgniter\CodeIgniter->run()
 7 SYSTEMPATH/Boot.php(68): CodeIgniter\Boot::runCodeIgniter(Object(CodeIgniter\CodeIgniter))
 8 FCPATH/index.php(59): CodeIgniter\Boot::bootWeb(Object(Config\Paths))
 9 SYSTEMPATH/rewrite.php(44): require_once('/Users/rabarijohnsandroandrianina/Documents/GitHub/milkyway-ERP/public/index.php')
WARNING - 2026-08-28 07:23:22 --> [DEPRECATED] fputcsv(): the $escape parameter must be provided as its default value will change in APPPATH/Services/ExportService.php on line 35.
 1 APPPATH/Services/ExportService.php(35): fputcsv(resource (stream), [...])
 2 APPPATH/Controllers/Api/ClientController.php(137): App\Services\ExportService->exportClientsCsv([], 'clients_export')
 3 SYSTEMPATH/CodeIgniter.php(974): App\Controllers\Api\ClientController->exportCsv()
 4 SYSTEMPATH/CodeIgniter.php(520): CodeIgniter\CodeIgniter->runController(Object(App\Controllers\Api\ClientController))
 5 SYSTEMPATH/CodeIgniter.php(363): CodeIgniter\CodeIgniter->handleRequest(null, Object(Config\Cache), false)
 6 SYSTEMPATH/Boot.php(417): CodeIgniter\CodeIgniter->run()
 7 SYSTEMPATH/Boot.php(68): CodeIgniter\Boot::runCodeIgniter(Object(CodeIgniter\CodeIgniter))
 8 FCPATH/index.php(59): CodeIgniter\Boot::bootWeb(Object(Config\Paths))
 9 SYSTEMPATH/rewrite.php(44): require_once('/Users/rabarijohnsandroandrianina/Documents/GitHub/milkyway-ERP/public/index.php')
WARNING - 2026-08-28 07:23:22 --> [DEPRECATED] fputcsv(): the $escape parameter must be provided as its default value will change in APPPATH/Services/ExportService.php on line 35.
 1 APPPATH/Services/ExportService.php(35): fputcsv(resource (stream), [...])
 2 APPPATH/Controllers/Api/ClientController.php(137): App\Services\ExportService->exportClientsCsv([], 'clients_export')
 3 SYSTEMPATH/CodeIgniter.php(974): App\Controllers\Api\ClientController->exportCsv()
 4 SYSTEMPATH/CodeIgniter.php(520): CodeIgniter\CodeIgniter->runController(Object(App\Controllers\Api\ClientController))
 5 SYSTEMPATH/CodeIgniter.php(363): CodeIgniter\CodeIgniter->handleRequest(null, Object(Config\Cache), false)
 6 SYSTEMPATH/Boot.php(417): CodeIgniter\CodeIgniter->run()
 7 SYSTEMPATH/Boot.php(68): CodeIgniter\Boot::runCodeIgniter(Object(CodeIgniter\CodeIgniter))
 8 FCPATH/index.php(59): CodeIgniter\Boot::bootWeb(Object(Config\Paths))
 9 SYSTEMPATH/rewrite.php(44): require_once('/Users/rabarijohnsandroandrianina/Documents/GitHub/milkyway-ERP/public/index.php')
WARNING - 2026-08-28 07:23:22 --> [DEPRECATED] fputcsv(): the $escape parameter must be provided as its default value will change in APPPATH/Services/ExportService.php on line 35.
 1 APPPATH/Services/ExportService.php(35): fputcsv(resource (stream), [...])
 2 APPPATH/Controllers/Api/ClientController.php(137): App\Services\ExportService->exportClientsCsv([], 'clients_export')
 3 SYSTEMPATH/CodeIgniter.php(974): App\Controllers\Api\ClientController->exportCsv()
 4 SYSTEMPATH/CodeIgniter.php(520): CodeIgniter\CodeIgniter->runController(Object(App\Controllers\Api\ClientController))
 5 SYSTEMPATH/CodeIgniter.php(363): CodeIgniter\CodeIgniter->handleRequest(null, Object(Config\Cache), false)
 6 SYSTEMPATH/Boot.php(417): CodeIgniter\CodeIgniter->run()
 7 SYSTEMPATH/Boot.php(68): CodeIgniter\Boot::runCodeIgniter(Object(CodeIgniter\CodeIgniter))
 8 FCPATH/index.php(59): CodeIgniter\Boot::bootWeb(Object(Config\Paths))
 9 SYSTEMPATH/rewrite.php(44): require_once('/Users/rabarijohnsandroandrianina/Documents/GitHub/milkyway-ERP/public/index.php')
WARNING - 2026-08-28 07:23:22 --> [DEPRECATED] fputcsv(): the $escape parameter must be provided as its default value will change in APPPATH/Services/ExportService.php on line 35.
 1 APPPATH/Services/ExportService.php(35): fputcsv(resource (stream), [...])
 2 APPPATH/Controllers/Api/ClientController.php(137): App\Services\ExportService->exportClientsCsv([], 'clients_export')
 3 SYSTEMPATH/CodeIgniter.php(974): App\Controllers\Api\ClientController->exportCsv()
 4 SYSTEMPATH/CodeIgniter.php(520): CodeIgniter\CodeIgniter->runController(Object(App\Controllers\Api\ClientController))
 5 SYSTEMPATH/CodeIgniter.php(363): CodeIgniter\CodeIgniter->handleRequest(null, Object(Config\Cache), false)
 6 SYSTEMPATH/Boot.php(417): CodeIgniter\CodeIgniter->run()
 7 SYSTEMPATH/Boot.php(68): CodeIgniter\Boot::runCodeIgniter(Object(CodeIgniter\CodeIgniter))
 8 FCPATH/index.php(59): CodeIgniter\Boot::bootWeb(Object(Config\Paths))
 9 SYSTEMPATH/rewrite.php(44): require_once('/Users/rabarijohnsandroandrianina/Documents/GitHub/milkyway-ERP/public/index.php')
WARNING - 2026-08-28 07:23:22 --> [DEPRECATED] fputcsv(): the $escape parameter must be provided as its default value will change in APPPATH/Services/ExportService.php on line 35.
 1 APPPATH/Services/ExportService.php(35): fputcsv(resource (stream), [...])
 2 APPPATH/Controllers/Api/ClientController.php(137): App\Services\ExportService->exportClientsCsv([], 'clients_export')
 3 SYSTEMPATH/CodeIgniter.php(974): App\Controllers\Api\ClientController->exportCsv()
 4 SYSTEMPATH/CodeIgniter.php(520): CodeIgniter\CodeIgniter->runController(Object(App\Controllers\Api\ClientController))
 5 SYSTEMPATH/CodeIgniter.php(363): CodeIgniter\CodeIgniter->handleRequest(null, Object(Config\Cache), false)
 6 SYSTEMPATH/Boot.php(417): CodeIgniter\CodeIgniter->run()
 7 SYSTEMPATH/Boot.php(68): CodeIgniter\Boot::runCodeIgniter(Object(CodeIgniter\CodeIgniter))
 8 FCPATH/index.php(59): CodeIgniter\Boot::bootWeb(Object(Config\Paths))
 9 SYSTEMPATH/rewrite.php(44): require_once('/Users/rabarijohnsandroandrianina/Documents/GitHub/milkyway-ERP/public/index.php')
WARNING - 2026-08-28 07:23:22 --> [DEPRECATED] fputcsv(): the $escape parameter must be provided as its default value will change in APPPATH/Services/ExportService.php on line 35.
 1 APPPATH/Services/ExportService.php(35): fputcsv(resource (stream), [...])
 2 APPPATH/Controllers/Api/ClientController.php(137): App\Services\ExportService->exportClientsCsv([], 'clients_export')
 3 SYSTEMPATH/CodeIgniter.php(974): App\Controllers\Api\ClientController->exportCsv()
 4 SYSTEMPATH/CodeIgniter.php(520): CodeIgniter\CodeIgniter->runController(Object(App\Controllers\Api\ClientController))
 5 SYSTEMPATH/CodeIgniter.php(363): CodeIgniter\CodeIgniter->handleRequest(null, Object(Config\Cache), false)
 6 SYSTEMPATH/Boot.php(417): CodeIgniter\CodeIgniter->run()
 7 SYSTEMPATH/Boot.php(68): CodeIgniter\Boot::runCodeIgniter(Object(CodeIgniter\CodeIgniter))
 8 FCPATH/index.php(59): CodeIgniter\Boot::bootWeb(Object(Config\Paths))
 9 SYSTEMPATH/rewrite.php(44): require_once('/Users/rabarijohnsandroandrianina/Documents/GitHub/milkyway-ERP/public/index.php')
WARNING - 2026-08-28 07:23:22 --> [DEPRECATED] fputcsv(): the $escape parameter must be provided as its default value will change in APPPATH/Services/ExportService.php on line 35.
 1 APPPATH/Services/ExportService.php(35): fputcsv(resource (stream), [...])
 2 APPPATH/Controllers/Api/ClientController.php(137): App\Services\ExportService->exportClientsCsv([], 'clients_export')
 3 SYSTEMPATH/CodeIgniter.php(974): App\Controllers\Api\ClientController->exportCsv()
 4 SYSTEMPATH/CodeIgniter.php(520): CodeIgniter\CodeIgniter->runController(Object(App\Controllers\Api\ClientController))
 5 SYSTEMPATH/CodeIgniter.php(363): CodeIgniter\CodeIgniter->handleRequest(null, Object(Config\Cache), false)
 6 SYSTEMPATH/Boot.php(417): CodeIgniter\CodeIgniter->run()
 7 SYSTEMPATH/Boot.php(68): CodeIgniter\Boot::runCodeIgniter(Object(CodeIgniter\CodeIgniter))
 8 FCPATH/index.php(59): CodeIgniter\Boot::bootWeb(Object(Config\Paths))
 9 SYSTEMPATH/rewrite.php(44): require_once('/Users/rabarijohnsandroandrianina/Documents/GitHub/milkyway-ERP/public/index.php')
WARNING - 2026-08-28 07:23:22 --> [DEPRECATED] fputcsv(): the $escape parameter must be provided as its default value will change in APPPATH/Services/ExportService.php on line 35.
 1 APPPATH/Services/ExportService.php(35): fputcsv(resource (stream), [...])
 2 APPPATH/Controllers/Api/ClientController.php(137): App\Services\ExportService->exportClientsCsv([], 'clients_export')
 3 SYSTEMPATH/CodeIgniter.php(974): App\Controllers\Api\ClientController->exportCsv()
 4 SYSTEMPATH/CodeIgniter.php(520): CodeIgniter\CodeIgniter->runController(Object(App\Controllers\Api\ClientController))
 5 SYSTEMPATH/CodeIgniter.php(363): CodeIgniter\CodeIgniter->handleRequest(null, Object(Config\Cache), false)
 6 SYSTEMPATH/Boot.php(417): CodeIgniter\CodeIgniter->run()
 7 SYSTEMPATH/Boot.php(68): CodeIgniter\Boot::runCodeIgniter(Object(CodeIgniter\CodeIgniter))
 8 FCPATH/index.php(59): CodeIgniter\Boot::bootWeb(Object(Config\Paths))
 9 SYSTEMPATH/rewrite.php(44): require_once('/Users/rabarijohnsandroandrianina/Documents/GitHub/milkyway-ERP/public/index.php')
WARNING - 2026-08-28 07:24:00 --> [DEPRECATED] fputcsv(): the $escape parameter must be provided as its default value will change in APPPATH/Services/ExportService.php on line 64.
 1 APPPATH/Services/ExportService.php(64): fputcsv(resource (stream), [...])
 2 APPPATH/Controllers/Api/ClientController.php(163): App\Services\ExportService->exportAchatsCsv(24, [], 'achats_client')
 3 SYSTEMPATH/CodeIgniter.php(974): App\Controllers\Api\ClientController->exportAchatsCsv('24')
 4 SYSTEMPATH/CodeIgniter.php(520): CodeIgniter\CodeIgniter->runController(Object(App\Controllers\Api\ClientController))
 5 SYSTEMPATH/CodeIgniter.php(363): CodeIgniter\CodeIgniter->handleRequest(null, Object(Config\Cache), false)
 6 SYSTEMPATH/Boot.php(417): CodeIgniter\CodeIgniter->run()
 7 SYSTEMPATH/Boot.php(68): CodeIgniter\Boot::runCodeIgniter(Object(CodeIgniter\CodeIgniter))
 8 FCPATH/index.php(59): CodeIgniter\Boot::bootWeb(Object(Config\Paths))
 9 SYSTEMPATH/rewrite.php(44): require_once('/Users/rabarijohnsandroandrianina/Documents/GitHub/milkyway-ERP/public/index.php')
WARNING - 2026-08-28 07:24:00 --> [DEPRECATED] fputcsv(): the $escape parameter must be provided as its default value will change in APPPATH/Services/ExportService.php on line 66.
 1 APPPATH/Services/ExportService.php(66): fputcsv(resource (stream), [...])
 2 APPPATH/Controllers/Api/ClientController.php(163): App\Services\ExportService->exportAchatsCsv(24, [], 'achats_client')
 3 SYSTEMPATH/CodeIgniter.php(974): App\Controllers\Api\ClientController->exportAchatsCsv('24')
 4 SYSTEMPATH/CodeIgniter.php(520): CodeIgniter\CodeIgniter->runController(Object(App\Controllers\Api\ClientController))
 5 SYSTEMPATH/CodeIgniter.php(363): CodeIgniter\CodeIgniter->handleRequest(null, Object(Config\Cache), false)
 6 SYSTEMPATH/Boot.php(417): CodeIgniter\CodeIgniter->run()
 7 SYSTEMPATH/Boot.php(68): CodeIgniter\Boot::runCodeIgniter(Object(CodeIgniter\CodeIgniter))
 8 FCPATH/index.php(59): CodeIgniter\Boot::bootWeb(Object(Config\Paths))
 9 SYSTEMPATH/rewrite.php(44): require_once('/Users/rabarijohnsandroandrianina/Documents/GitHub/milkyway-ERP/public/index.php')
WARNING - 2026-08-28 07:24:00 --> [DEPRECATED] fputcsv(): the $escape parameter must be provided as its default value will change in APPPATH/Services/ExportService.php on line 66.
 1 APPPATH/Services/ExportService.php(66): fputcsv(resource (stream), [...])
 2 APPPATH/Controllers/Api/ClientController.php(163): App\Services\ExportService->exportAchatsCsv(24, [], 'achats_client')
 3 SYSTEMPATH/CodeIgniter.php(974): App\Controllers\Api\ClientController->exportAchatsCsv('24')
 4 SYSTEMPATH/CodeIgniter.php(520): CodeIgniter\CodeIgniter->runController(Object(App\Controllers\Api\ClientController))
 5 SYSTEMPATH/CodeIgniter.php(363): CodeIgniter\CodeIgniter->handleRequest(null, Object(Config\Cache), false)
 6 SYSTEMPATH/Boot.php(417): CodeIgniter\CodeIgniter->run()
 7 SYSTEMPATH/Boot.php(68): CodeIgniter\Boot::runCodeIgniter(Object(CodeIgniter\CodeIgniter))
 8 FCPATH/index.php(59): CodeIgniter\Boot::bootWeb(Object(Config\Paths))
 9 SYSTEMPATH/rewrite.php(44): require_once('/Users/rabarijohnsandroandrianina/Documents/GitHub/milkyway-ERP/public/index.php')
WARNING - 2026-08-28 07:24:00 --> [DEPRECATED] fputcsv(): the $escape parameter must be provided as its default value will change in APPPATH/Services/ExportService.php on line 66.
 1 APPPATH/Services/ExportService.php(66): fputcsv(resource (stream), [...])
 2 APPPATH/Controllers/Api/ClientController.php(163): App\Services\ExportService->exportAchatsCsv(24, [], 'achats_client')
 3 SYSTEMPATH/CodeIgniter.php(974): App\Controllers\Api\ClientController->exportAchatsCsv('24')
 4 SYSTEMPATH/CodeIgniter.php(520): CodeIgniter\CodeIgniter->runController(Object(App\Controllers\Api\ClientController))
 5 SYSTEMPATH/CodeIgniter.php(363): CodeIgniter\CodeIgniter->handleRequest(null, Object(Config\Cache), false)
 6 SYSTEMPATH/Boot.php(417): CodeIgniter\CodeIgniter->run()
 7 SYSTEMPATH/Boot.php(68): CodeIgniter\Boot::runCodeIgniter(Object(CodeIgniter\CodeIgniter))
 8 FCPATH/index.php(59): CodeIgniter\Boot::bootWeb(Object(Config\Paths))
 9 SYSTEMPATH/rewrite.php(44): require_once('/Users/rabarijohnsandroandrianina/Documents/GitHub/milkyway-ERP/public/index.php')
CRITICAL - 2026-08-28 07:51:57 --> ErrorException: Declaration of App\Models\MouvementModel::insertBatch(array $data): bool must be compatible with CodeIgniter\BaseModel::insertBatch(?array $set = null, ?bool $escape = null, int $batchSize = 100, bool $testing = false)
[Method: GET, Route: api/ecoulement/clients]
in APPPATH/Models/MouvementModel.php on line 78.
 1 [internal function]: CodeIgniter\Debug\Exceptions->shutdownHandler()
CRITICAL - 2026-08-28 07:51:59 --> ErrorException: Declaration of App\Models\MouvementModel::insertBatch(array $data): bool must be compatible with CodeIgniter\BaseModel::insertBatch(?array $set = null, ?bool $escape = null, int $batchSize = 100, bool $testing = false)
[Method: GET, Route: api/ecoulement/clients]
in APPPATH/Models/MouvementModel.php on line 78.
 1 [internal function]: CodeIgniter\Debug\Exceptions->shutdownHandler()
CRITICAL - 2026-08-28 07:52:00 --> ErrorException: Declaration of App\Models\MouvementModel::insertBatch(array $data): bool must be compatible with CodeIgniter\BaseModel::insertBatch(?array $set = null, ?bool $escape = null, int $batchSize = 100, bool $testing = false)
[Method: GET, Route: api/ecoulement/clients]
in APPPATH/Models/MouvementModel.php on line 78.
 1 [internal function]: CodeIgniter\Debug\Exceptions->shutdownHandler()
CRITICAL - 2026-08-28 07:52:23 --> ErrorException: Declaration of App\Models\MouvementModel::insertBatch(array $data): bool must be compatible with CodeIgniter\BaseModel::insertBatch(?array $set = null, ?bool $escape = null, int $batchSize = 100, bool $testing = false)
[Method: GET, Route: api/ecoulement/clients]
in APPPATH/Models/MouvementModel.php on line 78.
 1 [internal function]: CodeIgniter\Debug\Exceptions->shutdownHandler()
CRITICAL - 2026-08-28 07:52:34 --> ErrorException: Declaration of App\Models\MouvementModel::insertBatch(array $data): bool must be compatible with CodeIgniter\BaseModel::insertBatch(?array $set = null, ?bool $escape = null, int $batchSize = 100, bool $testing = false)
[Method: GET, Route: api/ecoulement/clients]
in APPPATH/Models/MouvementModel.php on line 78.
 1 [internal function]: CodeIgniter\Debug\Exceptions->shutdownHandler()
CRITICAL - 2026-08-28 07:52:39 --> ErrorException: Declaration of App\Models\MouvementModel::insertBatch(array $data): bool must be compatible with CodeIgniter\BaseModel::insertBatch(?array $set = null, ?bool $escape = null, int $batchSize = 100, bool $testing = false)
[Method: GET, Route: api/ecoulement/clients]
in APPPATH/Models/MouvementModel.php on line 78.
 1 [internal function]: CodeIgniter\Debug\Exceptions->shutdownHandler()
CRITICAL - 2026-08-28 07:56:32 --> ErrorException: Declaration of App\Models\MouvementModel::insertBatch(array $data): bool must be compatible with CodeIgniter\BaseModel::insertBatch(?array $set = null, ?bool $escape = null, int $batchSize = 100, bool $testing = false)
[Method: GET, Route: api/ecoulement/clients]
in APPPATH/Models/MouvementModel.php on line 78.
 1 [internal function]: CodeIgniter\Debug\Exceptions->shutdownHandler()
CRITICAL - 2026-08-28 07:56:35 --> ErrorException: Declaration of App\Models\MouvementModel::insertBatch(array $data): bool must be compatible with CodeIgniter\BaseModel::insertBatch(?array $set = null, ?bool $escape = null, int $batchSize = 100, bool $testing = false)
[Method: GET, Route: api/ecoulement/clients]
in APPPATH/Models/MouvementModel.php on line 78.
 1 [internal function]: CodeIgniter\Debug\Exceptions->shutdownHandler()
CRITICAL - 2026-08-28 07:56:40 --> ErrorException: Declaration of App\Models\MouvementModel::insertBatch(array $data): bool must be compatible with CodeIgniter\BaseModel::insertBatch(?array $set = null, ?bool $escape = null, int $batchSize = 100, bool $testing = false)
[Method: GET, Route: api/ecoulement/clients]
in APPPATH/Models/MouvementModel.php on line 78.
 1 [internal function]: CodeIgniter\Debug\Exceptions->shutdownHandler()
CRITICAL - 2026-08-28 08:02:23 --> ErrorException: Declaration of App\Models\MouvementModel::insertBatch(array $data): bool must be compatible with CodeIgniter\BaseModel::insertBatch(?array $set = null, ?bool $escape = null, int $batchSize = 100, bool $testing = false)
[Method: GET, Route: api/ecoulement/clients]
in APPPATH/Models/MouvementModel.php on line 78.
 1 [internal function]: CodeIgniter\Debug\Exceptions->shutdownHandler()
CRITICAL - 2026-08-28 08:02:24 --> ErrorException: Declaration of App\Models\MouvementModel::insertBatch(array $data): bool must be compatible with CodeIgniter\BaseModel::insertBatch(?array $set = null, ?bool $escape = null, int $batchSize = 100, bool $testing = false)
[Method: GET, Route: api/ecoulement/clients]
in APPPATH/Models/MouvementModel.php on line 78.
 1 [internal function]: CodeIgniter\Debug\Exceptions->shutdownHandler()
WARNING - 2026-08-28 08:09:12 --> [DEPRECATED] fputcsv(): the $escape parameter must be provided as its default value will change in APPPATH/Controllers/Api/MouvementController.php on line 116.
 1 APPPATH/Controllers/Api/MouvementController.php(116): fputcsv(resource (stream), [...])
 2 SYSTEMPATH/CodeIgniter.php(974): App\Controllers\Api\MouvementController->exportCsv()
 3 SYSTEMPATH/CodeIgniter.php(520): CodeIgniter\CodeIgniter->runController(Object(App\Controllers\Api\MouvementController))
 4 SYSTEMPATH/CodeIgniter.php(363): CodeIgniter\CodeIgniter->handleRequest(null, Object(Config\Cache), false)
 5 SYSTEMPATH/Boot.php(417): CodeIgniter\CodeIgniter->run()
 6 SYSTEMPATH/Boot.php(68): CodeIgniter\Boot::runCodeIgniter(Object(CodeIgniter\CodeIgniter))
 7 FCPATH/index.php(59): CodeIgniter\Boot::bootWeb(Object(Config\Paths))
 8 SYSTEMPATH/rewrite.php(44): require_once('/Users/rabarijohnsandroandrianina/Documents/GitHub/milkyway-ERP/public/index.php')
WARNING - 2026-08-28 08:09:12 --> [DEPRECATED] fputcsv(): the $escape parameter must be provided as its default value will change in APPPATH/Controllers/Api/MouvementController.php on line 118.
 1 APPPATH/Controllers/Api/MouvementController.php(118): fputcsv(resource (stream), [...])
 2 SYSTEMPATH/CodeIgniter.php(974): App\Controllers\Api\MouvementController->exportCsv()
 3 SYSTEMPATH/CodeIgniter.php(520): CodeIgniter\CodeIgniter->runController(Object(App\Controllers\Api\MouvementController))
 4 SYSTEMPATH/CodeIgniter.php(363): CodeIgniter\CodeIgniter->handleRequest(null, Object(Config\Cache), false)
 5 SYSTEMPATH/Boot.php(417): CodeIgniter\CodeIgniter->run()
 6 SYSTEMPATH/Boot.php(68): CodeIgniter\Boot::runCodeIgniter(Object(CodeIgniter\CodeIgniter))
 7 FCPATH/index.php(59): CodeIgniter\Boot::bootWeb(Object(Config\Paths))
 8 SYSTEMPATH/rewrite.php(44): require_once('/Users/rabarijohnsandroandrianina/Documents/GitHub/milkyway-ERP/public/index.php')
WARNING - 2026-08-28 08:09:12 --> [DEPRECATED] fputcsv(): the $escape parameter must be provided as its default value will change in APPPATH/Controllers/Api/MouvementController.php on line 118.
 1 APPPATH/Controllers/Api/MouvementController.php(118): fputcsv(resource (stream), [...])
 2 SYSTEMPATH/CodeIgniter.php(974): App\Controllers\Api\MouvementController->exportCsv()
 3 SYSTEMPATH/CodeIgniter.php(520): CodeIgniter\CodeIgniter->runController(Object(App\Controllers\Api\MouvementController))
 4 SYSTEMPATH/CodeIgniter.php(363): CodeIgniter\CodeIgniter->handleRequest(null, Object(Config\Cache), false)
 5 SYSTEMPATH/Boot.php(417): CodeIgniter\CodeIgniter->run()
 6 SYSTEMPATH/Boot.php(68): CodeIgniter\Boot::runCodeIgniter(Object(CodeIgniter\CodeIgniter))
 7 FCPATH/index.php(59): CodeIgniter\Boot::bootWeb(Object(Config\Paths))
 8 SYSTEMPATH/rewrite.php(44): require_once('/Users/rabarijohnsandroandrianina/Documents/GitHub/milkyway-ERP/public/index.php')
ERROR - 2026-08-28 08:41:57 --> Erreur achats client: Undefined variable $clientService
ERROR - 2026-08-28 08:42:15 --> Erreur achats client: Undefined variable $clientService
ERROR - 2026-08-28 08:42:15 --> Erreur achats client: Undefined variable $clientService
ERROR - 2026-08-28 08:42:22 --> Erreur achats client: Undefined variable $clientService
ERROR - 2026-08-28 08:48:39 --> Erreur achats client: Call to undefined method App\Models\MouvementModel::getAchatsClient
ERROR - 2026-08-28 08:50:45 --> Erreur achats client: Call to undefined method App\Models\MouvementModel::getAchatsClient
ERROR - 2026-08-28 08:56:39 --> Erreur achats client: Call to undefined method App\Models\MouvementModel::getAchatsClient
ERROR - 2026-08-28 08:56:40 --> Erreur achats client: Call to undefined method App\Models\MouvementModel::getAchatsClient
