ERROR - 2026-08-30 03:50:50 --> Error connecting to the database: mysqli_sql_exception: Unknown database 'milkyway' in /var/www/html/system/Database/MySQLi/Connection.php:201
Stack trace:
#0 /var/www/html/system/Database/MySQLi/Connection.php(201): mysqli->real_connect('db', 'root', Object(SensitiveParameterValue), 'milkyway', 3306, '', 0)
#1 /var/www/html/system/Database/BaseConnection.php(555): CodeIgniter\Database\MySQLi\Connection->connect(false)
#2 /var/www/html/system/Database/BaseConnection.php(795): CodeIgniter\Database\BaseConnection->initialize()
#3 /var/www/html/system/Database/BaseBuilder.php(1659): CodeIgniter\Database\BaseConnection->query('SELECT *\nFROM `...', Array, false)
#4 /var/www/html/system/Model.php(255): CodeIgniter\Database\BaseBuilder->get()
#5 /var/www/html/system/BaseModel.php(676): CodeIgniter\Model->doFindAll(0, 0)
#6 /var/www/html/app/Controllers/Api/ProduitController.php(19): CodeIgniter\BaseModel->findAll()
#7 /var/www/html/system/CodeIgniter.php(974): App\Controllers\Api\ProduitController->index()
#8 /var/www/html/system/CodeIgniter.php(520): CodeIgniter\CodeIgniter->runController(Object(App\Controllers\Api\ProduitController))
#9 /var/www/html/system/CodeIgniter.php(363): CodeIgniter\CodeIgniter->handleRequest(NULL, Object(Config\Cache), false)
#10 /var/www/html/system/Boot.php(417): CodeIgniter\CodeIgniter->run()
#11 /var/www/html/system/Boot.php(68): CodeIgniter\Boot::runCodeIgniter(Object(CodeIgniter\CodeIgniter))
#12 /var/www/html/public/index.php(59): CodeIgniter\Boot::bootWeb(Object(Config\Paths))
#13 {main}

Next CodeIgniter\Database\Exceptions\DatabaseException: Unknown database 'milkyway' in /var/www/html/system/Database/MySQLi/Connection.php:231
Stack trace:
#0 /var/www/html/system/Database/BaseConnection.php(555): CodeIgniter\Database\MySQLi\Connection->connect(false)
#1 /var/www/html/system/Database/BaseConnection.php(795): CodeIgniter\Database\BaseConnection->initialize()
#2 /var/www/html/system/Database/BaseBuilder.php(1659): CodeIgniter\Database\BaseConnection->query('SELECT *\nFROM `...', Array, false)
#3 /var/www/html/system/Model.php(255): CodeIgniter\Database\BaseBuilder->get()
#4 /var/www/html/system/BaseModel.php(676): CodeIgniter\Model->doFindAll(0, 0)
#5 /var/www/html/app/Controllers/Api/ProduitController.php(19): CodeIgniter\BaseModel->findAll()
#6 /var/www/html/system/CodeIgniter.php(974): App\Controllers\Api\ProduitController->index()
#7 /var/www/html/system/CodeIgniter.php(520): CodeIgniter\CodeIgniter->runController(Object(App\Controllers\Api\ProduitController))
#8 /var/www/html/system/CodeIgniter.php(363): CodeIgniter\CodeIgniter->handleRequest(NULL, Object(Config\Cache), false)
#9 /var/www/html/system/Boot.php(417): CodeIgniter\CodeIgniter->run()
#10 /var/www/html/system/Boot.php(68): CodeIgniter\Boot::runCodeIgniter(Object(CodeIgniter\CodeIgniter))
#11 /var/www/html/public/index.php(59): CodeIgniter\Boot::bootWeb(Object(Config\Paths))
#12 {main}
CRITICAL - 2026-08-30 03:50:50 --> CodeIgniter\Database\Exceptions\DatabaseException: Unable to connect to the database.
Main connection [MySQLi]: Unknown database 'milkyway'
[Method: GET, Route: api/produits]
in SYSTEMPATH/Database/BaseConnection.php on line 606.
 1 SYSTEMPATH/Database/BaseConnection.php(795): CodeIgniter\Database\BaseConnection->initialize()
 2 SYSTEMPATH/Database/BaseBuilder.php(1659): CodeIgniter\Database\BaseConnection->query('SELECT *
FROM `produits`
WHERE `produits`.`deleted_at` IS NULL', [], false)
 3 SYSTEMPATH/Model.php(255): CodeIgniter\Database\BaseBuilder->get()
 4 SYSTEMPATH/BaseModel.php(676): CodeIgniter\Model->doFindAll(0, 0)
 5 APPPATH/Controllers/Api/ProduitController.php(19): CodeIgniter\BaseModel->findAll()
 6 SYSTEMPATH/CodeIgniter.php(974): App\Controllers\Api\ProduitController->index()
 7 SYSTEMPATH/CodeIgniter.php(520): CodeIgniter\CodeIgniter->runController(Object(App\Controllers\Api\ProduitController))
 8 SYSTEMPATH/CodeIgniter.php(363): CodeIgniter\CodeIgniter->handleRequest(null, Object(Config\Cache), false)
 9 SYSTEMPATH/Boot.php(417): CodeIgniter\CodeIgniter->run()
10 SYSTEMPATH/Boot.php(68): CodeIgniter\Boot::runCodeIgniter(Object(CodeIgniter\CodeIgniter))
11 FCPATH/index.php(59): CodeIgniter\Boot::bootWeb(Object(Config\Paths))
ERROR - 2026-08-30 03:50:52 --> Error connecting to the database: mysqli_sql_exception: Unknown database 'milkyway' in /var/www/html/system/Database/MySQLi/Connection.php:201
Stack trace:
#0 /var/www/html/system/Database/MySQLi/Connection.php(201): mysqli->real_connect('db', 'root', Object(SensitiveParameterValue), 'milkyway', 3306, '', 0)
#1 /var/www/html/system/Database/BaseConnection.php(555): CodeIgniter\Database\MySQLi\Connection->connect(false)
#2 /var/www/html/system/Database/BaseConnection.php(795): CodeIgniter\Database\BaseConnection->initialize()
#3 /var/www/html/system/Database/BaseBuilder.php(1659): CodeIgniter\Database\BaseConnection->query('SELECT *\nFROM `...', Array, false)
#4 /var/www/html/system/Model.php(255): CodeIgniter\Database\BaseBuilder->get()
#5 /var/www/html/system/BaseModel.php(676): CodeIgniter\Model->doFindAll(0, 0)
#6 /var/www/html/app/Controllers/Api/ProduitController.php(19): CodeIgniter\BaseModel->findAll()
#7 /var/www/html/system/CodeIgniter.php(974): App\Controllers\Api\ProduitController->index()
#8 /var/www/html/system/CodeIgniter.php(520): CodeIgniter\CodeIgniter->runController(Object(App\Controllers\Api\ProduitController))
#9 /var/www/html/system/CodeIgniter.php(363): CodeIgniter\CodeIgniter->handleRequest(NULL, Object(Config\Cache), false)
#10 /var/www/html/system/Boot.php(417): CodeIgniter\CodeIgniter->run()
#11 /var/www/html/system/Boot.php(68): CodeIgniter\Boot::runCodeIgniter(Object(CodeIgniter\CodeIgniter))
#12 /var/www/html/public/index.php(59): CodeIgniter\Boot::bootWeb(Object(Config\Paths))
#13 {main}

Next CodeIgniter\Database\Exceptions\DatabaseException: Unknown database 'milkyway' in /var/www/html/system/Database/MySQLi/Connection.php:231
Stack trace:
#0 /var/www/html/system/Database/BaseConnection.php(555): CodeIgniter\Database\MySQLi\Connection->connect(false)
#1 /var/www/html/system/Database/BaseConnection.php(795): CodeIgniter\Database\BaseConnection->initialize()
#2 /var/www/html/system/Database/BaseBuilder.php(1659): CodeIgniter\Database\BaseConnection->query('SELECT *\nFROM `...', Array, false)
#3 /var/www/html/system/Model.php(255): CodeIgniter\Database\BaseBuilder->get()
#4 /var/www/html/system/BaseModel.php(676): CodeIgniter\Model->doFindAll(0, 0)
#5 /var/www/html/app/Controllers/Api/ProduitController.php(19): CodeIgniter\BaseModel->findAll()
#6 /var/www/html/system/CodeIgniter.php(974): App\Controllers\Api\ProduitController->index()
#7 /var/www/html/system/CodeIgniter.php(520): CodeIgniter\CodeIgniter->runController(Object(App\Controllers\Api\ProduitController))
#8 /var/www/html/system/CodeIgniter.php(363): CodeIgniter\CodeIgniter->handleRequest(NULL, Object(Config\Cache), false)
#9 /var/www/html/system/Boot.php(417): CodeIgniter\CodeIgniter->run()
#10 /var/www/html/system/Boot.php(68): CodeIgniter\Boot::runCodeIgniter(Object(CodeIgniter\CodeIgniter))
#11 /var/www/html/public/index.php(59): CodeIgniter\Boot::bootWeb(Object(Config\Paths))
#12 {main}
CRITICAL - 2026-08-30 03:50:52 --> CodeIgniter\Database\Exceptions\DatabaseException: Unable to connect to the database.
Main connection [MySQLi]: Unknown database 'milkyway'
[Method: GET, Route: api/produits]
in SYSTEMPATH/Database/BaseConnection.php on line 606.
 1 SYSTEMPATH/Database/BaseConnection.php(795): CodeIgniter\Database\BaseConnection->initialize()
 2 SYSTEMPATH/Database/BaseBuilder.php(1659): CodeIgniter\Database\BaseConnection->query('SELECT *
FROM `produits`
WHERE `produits`.`deleted_at` IS NULL', [], false)
 3 SYSTEMPATH/Model.php(255): CodeIgniter\Database\BaseBuilder->get()
 4 SYSTEMPATH/BaseModel.php(676): CodeIgniter\Model->doFindAll(0, 0)
 5 APPPATH/Controllers/Api/ProduitController.php(19): CodeIgniter\BaseModel->findAll()
 6 SYSTEMPATH/CodeIgniter.php(974): App\Controllers\Api\ProduitController->index()
 7 SYSTEMPATH/CodeIgniter.php(520): CodeIgniter\CodeIgniter->runController(Object(App\Controllers\Api\ProduitController))
 8 SYSTEMPATH/CodeIgniter.php(363): CodeIgniter\CodeIgniter->handleRequest(null, Object(Config\Cache), false)
 9 SYSTEMPATH/Boot.php(417): CodeIgniter\CodeIgniter->run()
10 SYSTEMPATH/Boot.php(68): CodeIgniter\Boot::runCodeIgniter(Object(CodeIgniter\CodeIgniter))
11 FCPATH/index.php(59): CodeIgniter\Boot::bootWeb(Object(Config\Paths))
ERROR - 2026-08-30 03:50:58 --> Error connecting to the database: mysqli_sql_exception: Unknown database 'milkyway' in /var/www/html/system/Database/MySQLi/Connection.php:201
Stack trace:
#0 /var/www/html/system/Database/MySQLi/Connection.php(201): mysqli->real_connect('db', 'root', Object(SensitiveParameterValue), 'milkyway', 3306, '', 0)
#1 /var/www/html/system/Database/BaseConnection.php(555): CodeIgniter\Database\MySQLi\Connection->connect(false)
#2 /var/www/html/system/Database/BaseConnection.php(795): CodeIgniter\Database\BaseConnection->initialize()
#3 /var/www/html/system/Database/BaseBuilder.php(1659): CodeIgniter\Database\BaseConnection->query('SELECT *\nFROM `...', Array, false)
#4 /var/www/html/system/Model.php(255): CodeIgniter\Database\BaseBuilder->get()
#5 /var/www/html/system/BaseModel.php(676): CodeIgniter\Model->doFindAll(0, 0)
#6 /var/www/html/app/Controllers/Api/ProduitController.php(19): CodeIgniter\BaseModel->findAll()
#7 /var/www/html/system/CodeIgniter.php(974): App\Controllers\Api\ProduitController->index()
#8 /var/www/html/system/CodeIgniter.php(520): CodeIgniter\CodeIgniter->runController(Object(App\Controllers\Api\ProduitController))
#9 /var/www/html/system/CodeIgniter.php(363): CodeIgniter\CodeIgniter->handleRequest(NULL, Object(Config\Cache), false)
#10 /var/www/html/system/Boot.php(417): CodeIgniter\CodeIgniter->run()
#11 /var/www/html/system/Boot.php(68): CodeIgniter\Boot::runCodeIgniter(Object(CodeIgniter\CodeIgniter))
#12 /var/www/html/public/index.php(59): CodeIgniter\Boot::bootWeb(Object(Config\Paths))
#13 {main}

Next CodeIgniter\Database\Exceptions\DatabaseException: Unknown database 'milkyway' in /var/www/html/system/Database/MySQLi/Connection.php:231
Stack trace:
#0 /var/www/html/system/Database/BaseConnection.php(555): CodeIgniter\Database\MySQLi\Connection->connect(false)
#1 /var/www/html/system/Database/BaseConnection.php(795): CodeIgniter\Database\BaseConnection->initialize()
#2 /var/www/html/system/Database/BaseBuilder.php(1659): CodeIgniter\Database\BaseConnection->query('SELECT *\nFROM `...', Array, false)
#3 /var/www/html/system/Model.php(255): CodeIgniter\Database\BaseBuilder->get()
#4 /var/www/html/system/BaseModel.php(676): CodeIgniter\Model->doFindAll(0, 0)
#5 /var/www/html/app/Controllers/Api/ProduitController.php(19): CodeIgniter\BaseModel->findAll()
#6 /var/www/html/system/CodeIgniter.php(974): App\Controllers\Api\ProduitController->index()
#7 /var/www/html/system/CodeIgniter.php(520): CodeIgniter\CodeIgniter->runController(Object(App\Controllers\Api\ProduitController))
#8 /var/www/html/system/CodeIgniter.php(363): CodeIgniter\CodeIgniter->handleRequest(NULL, Object(Config\Cache), false)
#9 /var/www/html/system/Boot.php(417): CodeIgniter\CodeIgniter->run()
#10 /var/www/html/system/Boot.php(68): CodeIgniter\Boot::runCodeIgniter(Object(CodeIgniter\CodeIgniter))
#11 /var/www/html/public/index.php(59): CodeIgniter\Boot::bootWeb(Object(Config\Paths))
#12 {main}
CRITICAL - 2026-08-30 03:50:58 --> CodeIgniter\Database\Exceptions\DatabaseException: Unable to connect to the database.
Main connection [MySQLi]: Unknown database 'milkyway'
[Method: GET, Route: api/produits]
in SYSTEMPATH/Database/BaseConnection.php on line 606.
 1 SYSTEMPATH/Database/BaseConnection.php(795): CodeIgniter\Database\BaseConnection->initialize()
 2 SYSTEMPATH/Database/BaseBuilder.php(1659): CodeIgniter\Database\BaseConnection->query('SELECT *
FROM `produits`
WHERE `produits`.`deleted_at` IS NULL', [], false)
 3 SYSTEMPATH/Model.php(255): CodeIgniter\Database\BaseBuilder->get()
 4 SYSTEMPATH/BaseModel.php(676): CodeIgniter\Model->doFindAll(0, 0)
 5 APPPATH/Controllers/Api/ProduitController.php(19): CodeIgniter\BaseModel->findAll()
 6 SYSTEMPATH/CodeIgniter.php(974): App\Controllers\Api\ProduitController->index()
 7 SYSTEMPATH/CodeIgniter.php(520): CodeIgniter\CodeIgniter->runController(Object(App\Controllers\Api\ProduitController))
 8 SYSTEMPATH/CodeIgniter.php(363): CodeIgniter\CodeIgniter->handleRequest(null, Object(Config\Cache), false)
 9 SYSTEMPATH/Boot.php(417): CodeIgniter\CodeIgniter->run()
10 SYSTEMPATH/Boot.php(68): CodeIgniter\Boot::runCodeIgniter(Object(CodeIgniter\CodeIgniter))
11 FCPATH/index.php(59): CodeIgniter\Boot::bootWeb(Object(Config\Paths))
ERROR - 2026-08-30 03:51:00 --> Error connecting to the database: mysqli_sql_exception: Unknown database 'milkyway' in /var/www/html/system/Database/MySQLi/Connection.php:201
Stack trace:
#0 /var/www/html/system/Database/MySQLi/Connection.php(201): mysqli->real_connect('db', 'root', Object(SensitiveParameterValue), 'milkyway', 3306, '', 0)
#1 /var/www/html/system/Database/BaseConnection.php(555): CodeIgniter\Database\MySQLi\Connection->connect(false)
#2 /var/www/html/system/Database/BaseConnection.php(795): CodeIgniter\Database\BaseConnection->initialize()
#3 /var/www/html/system/Database/BaseBuilder.php(1659): CodeIgniter\Database\BaseConnection->query('SELECT *\nFROM `...', Array, false)
#4 /var/www/html/system/Model.php(255): CodeIgniter\Database\BaseBuilder->get()
#5 /var/www/html/system/BaseModel.php(676): CodeIgniter\Model->doFindAll(0, 0)
#6 /var/www/html/app/Controllers/Api/EcoulementProduitController.php(19): CodeIgniter\BaseModel->findAll()
#7 /var/www/html/system/CodeIgniter.php(974): App\Controllers\Api\EcoulementProduitController->index()
#8 /var/www/html/system/CodeIgniter.php(520): CodeIgniter\CodeIgniter->runController(Object(App\Controllers\Api\EcoulementProduitController))
#9 /var/www/html/system/CodeIgniter.php(363): CodeIgniter\CodeIgniter->handleRequest(NULL, Object(Config\Cache), false)
#10 /var/www/html/system/Boot.php(417): CodeIgniter\CodeIgniter->run()
#11 /var/www/html/system/Boot.php(68): CodeIgniter\Boot::runCodeIgniter(Object(CodeIgniter\CodeIgniter))
#12 /var/www/html/public/index.php(59): CodeIgniter\Boot::bootWeb(Object(Config\Paths))
#13 {main}

Next CodeIgniter\Database\Exceptions\DatabaseException: Unknown database 'milkyway' in /var/www/html/system/Database/MySQLi/Connection.php:231
Stack trace:
#0 /var/www/html/system/Database/BaseConnection.php(555): CodeIgniter\Database\MySQLi\Connection->connect(false)
#1 /var/www/html/system/Database/BaseConnection.php(795): CodeIgniter\Database\BaseConnection->initialize()
#2 /var/www/html/system/Database/BaseBuilder.php(1659): CodeIgniter\Database\BaseConnection->query('SELECT *\nFROM `...', Array, false)
#3 /var/www/html/system/Model.php(255): CodeIgniter\Database\BaseBuilder->get()
#4 /var/www/html/system/BaseModel.php(676): CodeIgniter\Model->doFindAll(0, 0)
#5 /var/www/html/app/Controllers/Api/EcoulementProduitController.php(19): CodeIgniter\BaseModel->findAll()
#6 /var/www/html/system/CodeIgniter.php(974): App\Controllers\Api\EcoulementProduitController->index()
#7 /var/www/html/system/CodeIgniter.php(520): CodeIgniter\CodeIgniter->runController(Object(App\Controllers\Api\EcoulementProduitController))
#8 /var/www/html/system/CodeIgniter.php(363): CodeIgniter\CodeIgniter->handleRequest(NULL, Object(Config\Cache), false)
#9 /var/www/html/system/Boot.php(417): CodeIgniter\CodeIgniter->run()
#10 /var/www/html/system/Boot.php(68): CodeIgniter\Boot::runCodeIgniter(Object(CodeIgniter\CodeIgniter))
#11 /var/www/html/public/index.php(59): CodeIgniter\Boot::bootWeb(Object(Config\Paths))
#12 {main}
CRITICAL - 2026-08-30 03:51:00 --> CodeIgniter\Database\Exceptions\DatabaseException: Unable to connect to the database.
Main connection [MySQLi]: Unknown database 'milkyway'
[Method: GET, Route: api/ecoulement/produits]
in SYSTEMPATH/Database/BaseConnection.php on line 606.
 1 SYSTEMPATH/Database/BaseConnection.php(795): CodeIgniter\Database\BaseConnection->initialize()
 2 SYSTEMPATH/Database/BaseBuilder.php(1659): CodeIgniter\Database\BaseConnection->query('SELECT *
FROM `produits`
WHERE `produits`.`deleted_at` IS NULL', [], false)
 3 SYSTEMPATH/Model.php(255): CodeIgniter\Database\BaseBuilder->get()
 4 SYSTEMPATH/BaseModel.php(676): CodeIgniter\Model->doFindAll(0, 0)
 5 APPPATH/Controllers/Api/EcoulementProduitController.php(19): CodeIgniter\BaseModel->findAll()
 6 SYSTEMPATH/CodeIgniter.php(974): App\Controllers\Api\EcoulementProduitController->index()
 7 SYSTEMPATH/CodeIgniter.php(520): CodeIgniter\CodeIgniter->runController(Object(App\Controllers\Api\EcoulementProduitController))
 8 SYSTEMPATH/CodeIgniter.php(363): CodeIgniter\CodeIgniter->handleRequest(null, Object(Config\Cache), false)
 9 SYSTEMPATH/Boot.php(417): CodeIgniter\CodeIgniter->run()
10 SYSTEMPATH/Boot.php(68): CodeIgniter\Boot::runCodeIgniter(Object(CodeIgniter\CodeIgniter))
11 FCPATH/index.php(59): CodeIgniter\Boot::bootWeb(Object(Config\Paths))
ERROR - 2026-08-30 03:51:02 --> Error connecting to the database: mysqli_sql_exception: Unknown database 'milkyway' in /var/www/html/system/Database/MySQLi/Connection.php:201
Stack trace:
#0 /var/www/html/system/Database/MySQLi/Connection.php(201): mysqli->real_connect('db', 'root', Object(SensitiveParameterValue), 'milkyway', 3306, '', 0)
#1 /var/www/html/system/Database/BaseConnection.php(555): CodeIgniter\Database\MySQLi\Connection->connect(false)
#2 /var/www/html/system/Database/BaseConnection.php(795): CodeIgniter\Database\BaseConnection->initialize()
#3 /var/www/html/system/Database/BaseBuilder.php(1743): CodeIgniter\Database\BaseConnection->query('SELECT COUNT(*)...', Array, false)
#4 /var/www/html/app/Controllers/Api/ClientController.php(34): CodeIgniter\Database\BaseBuilder->countAllResults(false)
#5 /var/www/html/system/CodeIgniter.php(974): App\Controllers\Api\ClientController->index()
#6 /var/www/html/system/CodeIgniter.php(520): CodeIgniter\CodeIgniter->runController(Object(App\Controllers\Api\ClientController))
#7 /var/www/html/system/CodeIgniter.php(363): CodeIgniter\CodeIgniter->handleRequest(NULL, Object(Config\Cache), false)
#8 /var/www/html/system/Boot.php(417): CodeIgniter\CodeIgniter->run()
#9 /var/www/html/system/Boot.php(68): CodeIgniter\Boot::runCodeIgniter(Object(CodeIgniter\CodeIgniter))
#10 /var/www/html/public/index.php(59): CodeIgniter\Boot::bootWeb(Object(Config\Paths))
#11 {main}

Next CodeIgniter\Database\Exceptions\DatabaseException: Unknown database 'milkyway' in /var/www/html/system/Database/MySQLi/Connection.php:231
Stack trace:
#0 /var/www/html/system/Database/BaseConnection.php(555): CodeIgniter\Database\MySQLi\Connection->connect(false)
#1 /var/www/html/system/Database/BaseConnection.php(795): CodeIgniter\Database\BaseConnection->initialize()
#2 /var/www/html/system/Database/BaseBuilder.php(1743): CodeIgniter\Database\BaseConnection->query('SELECT COUNT(*)...', Array, false)
#3 /var/www/html/app/Controllers/Api/ClientController.php(34): CodeIgniter\Database\BaseBuilder->countAllResults(false)
#4 /var/www/html/system/CodeIgniter.php(974): App\Controllers\Api\ClientController->index()
#5 /var/www/html/system/CodeIgniter.php(520): CodeIgniter\CodeIgniter->runController(Object(App\Controllers\Api\ClientController))
#6 /var/www/html/system/CodeIgniter.php(363): CodeIgniter\CodeIgniter->handleRequest(NULL, Object(Config\Cache), false)
#7 /var/www/html/system/Boot.php(417): CodeIgniter\CodeIgniter->run()
#8 /var/www/html/system/Boot.php(68): CodeIgniter\Boot::runCodeIgniter(Object(CodeIgniter\CodeIgniter))
#9 /var/www/html/public/index.php(59): CodeIgniter\Boot::bootWeb(Object(Config\Paths))
#10 {main}
CRITICAL - 2026-08-30 03:51:02 --> CodeIgniter\Database\Exceptions\DatabaseException: Unable to connect to the database.
Main connection [MySQLi]: Unknown database 'milkyway'
[Method: GET, Route: api/ecoulement/clients]
in SYSTEMPATH/Database/BaseConnection.php on line 606.
 1 SYSTEMPATH/Database/BaseConnection.php(795): CodeIgniter\Database\BaseConnection->initialize()
 2 SYSTEMPATH/Database/BaseBuilder.php(1743): CodeIgniter\Database\BaseConnection->query('SELECT COUNT(*) AS `numrows`
FROM `clients`', [], false)
 3 APPPATH/Controllers/Api/ClientController.php(34): CodeIgniter\Database\BaseBuilder->countAllResults(false)
 4 SYSTEMPATH/CodeIgniter.php(974): App\Controllers\Api\ClientController->index()
 5 SYSTEMPATH/CodeIgniter.php(520): CodeIgniter\CodeIgniter->runController(Object(App\Controllers\Api\ClientController))
 6 SYSTEMPATH/CodeIgniter.php(363): CodeIgniter\CodeIgniter->handleRequest(null, Object(Config\Cache), false)
 7 SYSTEMPATH/Boot.php(417): CodeIgniter\CodeIgniter->run()
 8 SYSTEMPATH/Boot.php(68): CodeIgniter\Boot::runCodeIgniter(Object(CodeIgniter\CodeIgniter))
 9 FCPATH/index.php(59): CodeIgniter\Boot::bootWeb(Object(Config\Paths))
ERROR - 2026-08-30 03:51:05 --> Error connecting to the database: mysqli_sql_exception: Unknown database 'milkyway' in /var/www/html/system/Database/MySQLi/Connection.php:201
Stack trace:
#0 /var/www/html/system/Database/MySQLi/Connection.php(201): mysqli->real_connect('db', 'root', Object(SensitiveParameterValue), 'milkyway', 3306, '', 0)
#1 /var/www/html/system/Database/BaseConnection.php(555): CodeIgniter\Database\MySQLi\Connection->connect(false)
#2 /var/www/html/system/Database/BaseConnection.php(795): CodeIgniter\Database\BaseConnection->initialize()
#3 /var/www/html/system/Database/BaseBuilder.php(1743): CodeIgniter\Database\BaseConnection->query('SELECT COUNT(*)...', Array, false)
#4 /var/www/html/app/Controllers/Api/ClientController.php(34): CodeIgniter\Database\BaseBuilder->countAllResults(false)
#5 /var/www/html/system/CodeIgniter.php(974): App\Controllers\Api\ClientController->index()
#6 /var/www/html/system/CodeIgniter.php(520): CodeIgniter\CodeIgniter->runController(Object(App\Controllers\Api\ClientController))
#7 /var/www/html/system/CodeIgniter.php(363): CodeIgniter\CodeIgniter->handleRequest(NULL, Object(Config\Cache), false)
#8 /var/www/html/system/Boot.php(417): CodeIgniter\CodeIgniter->run()
#9 /var/www/html/system/Boot.php(68): CodeIgniter\Boot::runCodeIgniter(Object(CodeIgniter\CodeIgniter))
#10 /var/www/html/public/index.php(59): CodeIgniter\Boot::bootWeb(Object(Config\Paths))
#11 {main}

Next CodeIgniter\Database\Exceptions\DatabaseException: Unknown database 'milkyway' in /var/www/html/system/Database/MySQLi/Connection.php:231
Stack trace:
#0 /var/www/html/system/Database/BaseConnection.php(555): CodeIgniter\Database\MySQLi\Connection->connect(false)
#1 /var/www/html/system/Database/BaseConnection.php(795): CodeIgniter\Database\BaseConnection->initialize()
#2 /var/www/html/system/Database/BaseBuilder.php(1743): CodeIgniter\Database\BaseConnection->query('SELECT COUNT(*)...', Array, false)
#3 /var/www/html/app/Controllers/Api/ClientController.php(34): CodeIgniter\Database\BaseBuilder->countAllResults(false)
#4 /var/www/html/system/CodeIgniter.php(974): App\Controllers\Api\ClientController->index()
#5 /var/www/html/system/CodeIgniter.php(520): CodeIgniter\CodeIgniter->runController(Object(App\Controllers\Api\ClientController))
#6 /var/www/html/system/CodeIgniter.php(363): CodeIgniter\CodeIgniter->handleRequest(NULL, Object(Config\Cache), false)
#7 /var/www/html/system/Boot.php(417): CodeIgniter\CodeIgniter->run()
#8 /var/www/html/system/Boot.php(68): CodeIgniter\Boot::runCodeIgniter(Object(CodeIgniter\CodeIgniter))
#9 /var/www/html/public/index.php(59): CodeIgniter\Boot::bootWeb(Object(Config\Paths))
#10 {main}
ERROR - 2026-08-30 03:51:05 --> Error connecting to the database: mysqli_sql_exception: Unknown database 'milkyway' in /var/www/html/system/Database/MySQLi/Connection.php:201
Stack trace:
#0 /var/www/html/system/Database/MySQLi/Connection.php(201): mysqli->real_connect('db', 'root', Object(SensitiveParameterValue), 'milkyway', 3306, '', 0)
#1 /var/www/html/system/Database/BaseConnection.php(555): CodeIgniter\Database\MySQLi\Connection->connect(false)
#2 /var/www/html/system/Database/BaseConnection.php(795): CodeIgniter\Database\BaseConnection->initialize()
#3 /var/www/html/system/Database/BaseBuilder.php(1659): CodeIgniter\Database\BaseConnection->query('SELECT *\nFROM `...', Array, false)
#4 /var/www/html/system/Model.php(255): CodeIgniter\Database\BaseBuilder->get()
#5 /var/www/html/system/BaseModel.php(676): CodeIgniter\Model->doFindAll(0, 0)
#6 /var/www/html/app/Controllers/Api/EcoulementProduitController.php(19): CodeIgniter\BaseModel->findAll()
#7 /var/www/html/system/CodeIgniter.php(974): App\Controllers\Api\EcoulementProduitController->index()
#8 /var/www/html/system/CodeIgniter.php(520): CodeIgniter\CodeIgniter->runController(Object(App\Controllers\Api\EcoulementProduitController))
#9 /var/www/html/system/CodeIgniter.php(363): CodeIgniter\CodeIgniter->handleRequest(NULL, Object(Config\Cache), false)
#10 /var/www/html/system/Boot.php(417): CodeIgniter\CodeIgniter->run()
#11 /var/www/html/system/Boot.php(68): CodeIgniter\Boot::runCodeIgniter(Object(CodeIgniter\CodeIgniter))
#12 /var/www/html/public/index.php(59): CodeIgniter\Boot::bootWeb(Object(Config\Paths))
#13 {main}

Next CodeIgniter\Database\Exceptions\DatabaseException: Unknown database 'milkyway' in /var/www/html/system/Database/MySQLi/Connection.php:231
Stack trace:
#0 /var/www/html/system/Database/BaseConnection.php(555): CodeIgniter\Database\MySQLi\Connection->connect(false)
#1 /var/www/html/system/Database/BaseConnection.php(795): CodeIgniter\Database\BaseConnection->initialize()
#2 /var/www/html/system/Database/BaseBuilder.php(1659): CodeIgniter\Database\BaseConnection->query('SELECT *\nFROM `...', Array, false)
#3 /var/www/html/system/Model.php(255): CodeIgniter\Database\BaseBuilder->get()
#4 /var/www/html/system/BaseModel.php(676): CodeIgniter\Model->doFindAll(0, 0)
#5 /var/www/html/app/Controllers/Api/EcoulementProduitController.php(19): CodeIgniter\BaseModel->findAll()
#6 /var/www/html/system/CodeIgniter.php(974): App\Controllers\Api\EcoulementProduitController->index()
#7 /var/www/html/system/CodeIgniter.php(520): CodeIgniter\CodeIgniter->runController(Object(App\Controllers\Api\EcoulementProduitController))
#8 /var/www/html/system/CodeIgniter.php(363): CodeIgniter\CodeIgniter->handleRequest(NULL, Object(Config\Cache), false)
#9 /var/www/html/system/Boot.php(417): CodeIgniter\CodeIgniter->run()
#10 /var/www/html/system/Boot.php(68): CodeIgniter\Boot::runCodeIgniter(Object(CodeIgniter\CodeIgniter))
#11 /var/www/html/public/index.php(59): CodeIgniter\Boot::bootWeb(Object(Config\Paths))
#12 {main}
ERROR - 2026-08-30 03:51:05 --> Error connecting to the database: mysqli_sql_exception: Unknown database 'milkyway' in /var/www/html/system/Database/MySQLi/Connection.php:201
Stack trace:
#0 /var/www/html/system/Database/MySQLi/Connection.php(201): mysqli->real_connect('db', 'root', Object(SensitiveParameterValue), 'milkyway', 3306, '', 0)
#1 /var/www/html/system/Database/BaseConnection.php(555): CodeIgniter\Database\MySQLi\Connection->connect(false)
#2 /var/www/html/system/Database/BaseConnection.php(795): CodeIgniter\Database\BaseConnection->initialize()
#3 /var/www/html/system/Database/BaseBuilder.php(1743): CodeIgniter\Database\BaseConnection->query('SELECT COUNT(*)...', Array, false)
#4 /var/www/html/app/Models/MouvementModel.php(33): CodeIgniter\Database\BaseBuilder->countAllResults(false)
#5 /var/www/html/app/Services/MouvementService.php(27): App\Models\MouvementModel->getMouvements(Array, 1, 10)
#6 /var/www/html/app/Controllers/Api/MouvementController.php(27): App\Services\MouvementService->getMouvements(Array, 1, 10)
#7 /var/www/html/system/CodeIgniter.php(974): App\Controllers\Api\MouvementController->index()
#8 /var/www/html/system/CodeIgniter.php(520): CodeIgniter\CodeIgniter->runController(Object(App\Controllers\Api\MouvementController))
#9 /var/www/html/system/CodeIgniter.php(363): CodeIgniter\CodeIgniter->handleRequest(NULL, Object(Config\Cache), false)
#10 /var/www/html/system/Boot.php(417): CodeIgniter\CodeIgniter->run()
#11 /var/www/html/system/Boot.php(68): CodeIgniter\Boot::runCodeIgniter(Object(CodeIgniter\CodeIgniter))
#12 /var/www/html/public/index.php(59): CodeIgniter\Boot::bootWeb(Object(Config\Paths))
#13 {main}

Next CodeIgniter\Database\Exceptions\DatabaseException: Unknown database 'milkyway' in /var/www/html/system/Database/MySQLi/Connection.php:231
Stack trace:
#0 /var/www/html/system/Database/BaseConnection.php(555): CodeIgniter\Database\MySQLi\Connection->connect(false)
#1 /var/www/html/system/Database/BaseConnection.php(795): CodeIgniter\Database\BaseConnection->initialize()
#2 /var/www/html/system/Database/BaseBuilder.php(1743): CodeIgniter\Database\BaseConnection->query('SELECT COUNT(*)...', Array, false)
#3 /var/www/html/app/Models/MouvementModel.php(33): CodeIgniter\Database\BaseBuilder->countAllResults(false)
#4 /var/www/html/app/Services/MouvementService.php(27): App\Models\MouvementModel->getMouvements(Array, 1, 10)
#5 /var/www/html/app/Controllers/Api/MouvementController.php(27): App\Services\MouvementService->getMouvements(Array, 1, 10)
#6 /var/www/html/system/CodeIgniter.php(974): App\Controllers\Api\MouvementController->index()
#7 /var/www/html/system/CodeIgniter.php(520): CodeIgniter\CodeIgniter->runController(Object(App\Controllers\Api\MouvementController))
#8 /var/www/html/system/CodeIgniter.php(363): CodeIgniter\CodeIgniter->handleRequest(NULL, Object(Config\Cache), false)
#9 /var/www/html/system/Boot.php(417): CodeIgniter\CodeIgniter->run()
#10 /var/www/html/system/Boot.php(68): CodeIgniter\Boot::runCodeIgniter(Object(CodeIgniter\CodeIgniter))
#11 /var/www/html/public/index.php(59): CodeIgniter\Boot::bootWeb(Object(Config\Paths))
#12 {main}
ERROR - 2026-08-30 03:51:05 --> Error connecting to the database: mysqli_sql_exception: Unknown database 'milkyway' in /var/www/html/system/Database/MySQLi/Connection.php:201
Stack trace:
#0 /var/www/html/system/Database/MySQLi/Connection.php(201): mysqli->real_connect('db', 'root', Object(SensitiveParameterValue), 'milkyway', 3306, '', 0)
#1 /var/www/html/system/Database/BaseConnection.php(555): CodeIgniter\Database\MySQLi\Connection->connect(false)
#2 /var/www/html/system/Database/BaseConnection.php(795): CodeIgniter\Database\BaseConnection->initialize()
#3 /var/www/html/system/Database/BaseBuilder.php(1659): CodeIgniter\Database\BaseConnection->query('SELECT DATE(dat...', Array, false)
#4 /var/www/html/app/Models/MouvementModel.php(62): CodeIgniter\Database\BaseBuilder->get()
#5 /var/www/html/app/Services/MouvementService.php(35): App\Models\MouvementModel->getChartData(Array)
#6 /var/www/html/app/Controllers/Api/MouvementController.php(37): App\Services\MouvementService->getChartData(Array)
#7 /var/www/html/system/CodeIgniter.php(974): App\Controllers\Api\MouvementController->chart()
#8 /var/www/html/system/CodeIgniter.php(520): CodeIgniter\CodeIgniter->runController(Object(App\Controllers\Api\MouvementController))
#9 /var/www/html/system/CodeIgniter.php(363): CodeIgniter\CodeIgniter->handleRequest(NULL, Object(Config\Cache), false)
#10 /var/www/html/system/Boot.php(417): CodeIgniter\CodeIgniter->run()
#11 /var/www/html/system/Boot.php(68): CodeIgniter\Boot::runCodeIgniter(Object(CodeIgniter\CodeIgniter))
#12 /var/www/html/public/index.php(59): CodeIgniter\Boot::bootWeb(Object(Config\Paths))
#13 {main}

Next CodeIgniter\Database\Exceptions\DatabaseException: Unknown database 'milkyway' in /var/www/html/system/Database/MySQLi/Connection.php:231
Stack trace:
#0 /var/www/html/system/Database/BaseConnection.php(555): CodeIgniter\Database\MySQLi\Connection->connect(false)
#1 /var/www/html/system/Database/BaseConnection.php(795): CodeIgniter\Database\BaseConnection->initialize()
#2 /var/www/html/system/Database/BaseBuilder.php(1659): CodeIgniter\Database\BaseConnection->query('SELECT DATE(dat...', Array, false)
#3 /var/www/html/app/Models/MouvementModel.php(62): CodeIgniter\Database\BaseBuilder->get()
#4 /var/www/html/app/Services/MouvementService.php(35): App\Models\MouvementModel->getChartData(Array)
#5 /var/www/html/app/Controllers/Api/MouvementController.php(37): App\Services\MouvementService->getChartData(Array)
#6 /var/www/html/system/CodeIgniter.php(974): App\Controllers\Api\MouvementController->chart()
#7 /var/www/html/system/CodeIgniter.php(520): CodeIgniter\CodeIgniter->runController(Object(App\Controllers\Api\MouvementController))
#8 /var/www/html/system/CodeIgniter.php(363): CodeIgniter\CodeIgniter->handleRequest(NULL, Object(Config\Cache), false)
#9 /var/www/html/system/Boot.php(417): CodeIgniter\CodeIgniter->run()
#10 /var/www/html/system/Boot.php(68): CodeIgniter\Boot::runCodeIgniter(Object(CodeIgniter\CodeIgniter))
#11 /var/www/html/public/index.php(59): CodeIgniter\Boot::bootWeb(Object(Config\Paths))
#12 {main}
CRITICAL - 2026-08-30 03:51:05 --> CodeIgniter\Database\Exceptions\DatabaseException: Unable to connect to the database.
Main connection [MySQLi]: Unknown database 'milkyway'
[Method: GET, Route: api/ecoulement/clients]
in SYSTEMPATH/Database/BaseConnection.php on line 606.
 1 SYSTEMPATH/Database/BaseConnection.php(795): CodeIgniter\Database\BaseConnection->initialize()
 2 SYSTEMPATH/Database/BaseBuilder.php(1743): CodeIgniter\Database\BaseConnection->query('SELECT COUNT(*) AS `numrows`
FROM `clients`', [], false)
 3 APPPATH/Controllers/Api/ClientController.php(34): CodeIgniter\Database\BaseBuilder->countAllResults(false)
 4 SYSTEMPATH/CodeIgniter.php(974): App\Controllers\Api\ClientController->index()
 5 SYSTEMPATH/CodeIgniter.php(520): CodeIgniter\CodeIgniter->runController(Object(App\Controllers\Api\ClientController))
 6 SYSTEMPATH/CodeIgniter.php(363): CodeIgniter\CodeIgniter->handleRequest(null, Object(Config\Cache), false)
 7 SYSTEMPATH/Boot.php(417): CodeIgniter\CodeIgniter->run()
 8 SYSTEMPATH/Boot.php(68): CodeIgniter\Boot::runCodeIgniter(Object(CodeIgniter\CodeIgniter))
 9 FCPATH/index.php(59): CodeIgniter\Boot::bootWeb(Object(Config\Paths))
CRITICAL - 2026-08-30 03:51:05 --> CodeIgniter\Database\Exceptions\DatabaseException: Unable to connect to the database.
Main connection [MySQLi]: Unknown database 'milkyway'
[Method: GET, Route: api/ecoulement/mouvements]
in SYSTEMPATH/Database/BaseConnection.php on line 606.
 1 SYSTEMPATH/Database/BaseConnection.php(795): CodeIgniter\Database\BaseConnection->initialize()
 2 SYSTEMPATH/Database/BaseBuilder.php(1743): CodeIgniter\Database\BaseConnection->query('SELECT COUNT(*) AS `numrows`
FROM `mouvements`
LEFT JOIN `produits` ON `produits`.`id` = `mouvements`.`produit_id`
LEFT JOIN `clients` ON `clients`.`id` = `mouvements`.`client_id`
WHERE `mouvements`.`deleted_at` IS NULL
AND `mouvements`.`date_mouvement` >= :mouvements.date_mouvement:
AND `mouvements`.`date_mouvement` <= :mouvements.date_mouvement.1:', [...], false)
 3 APPPATH/Models/MouvementModel.php(33): CodeIgniter\Database\BaseBuilder->countAllResults(false)
 4 APPPATH/Services/MouvementService.php(27): App\Models\MouvementModel->getMouvements([...], 1, 10)
 5 APPPATH/Controllers/Api/MouvementController.php(27): App\Services\MouvementService->getMouvements([...], 1, 10)
 6 SYSTEMPATH/CodeIgniter.php(974): App\Controllers\Api\MouvementController->index()
 7 SYSTEMPATH/CodeIgniter.php(520): CodeIgniter\CodeIgniter->runController(Object(App\Controllers\Api\MouvementController))
 8 SYSTEMPATH/CodeIgniter.php(363): CodeIgniter\CodeIgniter->handleRequest(null, Object(Config\Cache), false)
 9 SYSTEMPATH/Boot.php(417): CodeIgniter\CodeIgniter->run()
10 SYSTEMPATH/Boot.php(68): CodeIgniter\Boot::runCodeIgniter(Object(CodeIgniter\CodeIgniter))
11 FCPATH/index.php(59): CodeIgniter\Boot::bootWeb(Object(Config\Paths))
CRITICAL - 2026-08-30 03:51:05 --> CodeIgniter\Database\Exceptions\DatabaseException: Unable to connect to the database.
Main connection [MySQLi]: Unknown database 'milkyway'
[Method: GET, Route: api/ecoulement/mouvements/chart]
in SYSTEMPATH/Database/BaseConnection.php on line 606.
 1 SYSTEMPATH/Database/BaseConnection.php(795): CodeIgniter\Database\BaseConnection->initialize()
 2 SYSTEMPATH/Database/BaseBuilder.php(1659): CodeIgniter\Database\BaseConnection->query('SELECT DATE(date_mouvement) as date, SUM(CASE WHEN type = \'entree\' THEN quantite ELSE 0 END) as entree, SUM(CASE WHEN type = \'sortie\' THEN quantite ELSE 0 END) as sortie
FROM `mouvements`
WHERE `mouvements`.`deleted_at` IS NULL
AND `mouvements`.`date_mouvement` >= :mouvements.date_mouvement:
AND `mouvements`.`date_mouvement` <= :mouvements.date_mouvement.1:
GROUP BY DATE(date_mouvement)
ORDER BY `date` ASC', [...], false)
 3 APPPATH/Models/MouvementModel.php(62): CodeIgniter\Database\BaseBuilder->get()
 4 APPPATH/Services/MouvementService.php(35): App\Models\MouvementModel->getChartData([...])
 5 APPPATH/Controllers/Api/MouvementController.php(37): App\Services\MouvementService->getChartData([...])
 6 SYSTEMPATH/CodeIgniter.php(974): App\Controllers\Api\MouvementController->chart()
 7 SYSTEMPATH/CodeIgniter.php(520): CodeIgniter\CodeIgniter->runController(Object(App\Controllers\Api\MouvementController))
 8 SYSTEMPATH/CodeIgniter.php(363): CodeIgniter\CodeIgniter->handleRequest(null, Object(Config\Cache), false)
 9 SYSTEMPATH/Boot.php(417): CodeIgniter\CodeIgniter->run()
10 SYSTEMPATH/Boot.php(68): CodeIgniter\Boot::runCodeIgniter(Object(CodeIgniter\CodeIgniter))
11 FCPATH/index.php(59): CodeIgniter\Boot::bootWeb(Object(Config\Paths))
CRITICAL - 2026-08-30 03:51:05 --> CodeIgniter\Database\Exceptions\DatabaseException: Unable to connect to the database.
Main connection [MySQLi]: Unknown database 'milkyway'
[Method: GET, Route: api/ecoulement/produits]
in SYSTEMPATH/Database/BaseConnection.php on line 606.
 1 SYSTEMPATH/Database/BaseConnection.php(795): CodeIgniter\Database\BaseConnection->initialize()
 2 SYSTEMPATH/Database/BaseBuilder.php(1659): CodeIgniter\Database\BaseConnection->query('SELECT *
FROM `produits`
WHERE `produits`.`deleted_at` IS NULL', [], false)
 3 SYSTEMPATH/Model.php(255): CodeIgniter\Database\BaseBuilder->get()
 4 SYSTEMPATH/BaseModel.php(676): CodeIgniter\Model->doFindAll(0, 0)
 5 APPPATH/Controllers/Api/EcoulementProduitController.php(19): CodeIgniter\BaseModel->findAll()
 6 SYSTEMPATH/CodeIgniter.php(974): App\Controllers\Api\EcoulementProduitController->index()
 7 SYSTEMPATH/CodeIgniter.php(520): CodeIgniter\CodeIgniter->runController(Object(App\Controllers\Api\EcoulementProduitController))
 8 SYSTEMPATH/CodeIgniter.php(363): CodeIgniter\CodeIgniter->handleRequest(null, Object(Config\Cache), false)
 9 SYSTEMPATH/Boot.php(417): CodeIgniter\CodeIgniter->run()
10 SYSTEMPATH/Boot.php(68): CodeIgniter\Boot::runCodeIgniter(Object(CodeIgniter\CodeIgniter))
11 FCPATH/index.php(59): CodeIgniter\Boot::bootWeb(Object(Config\Paths))
ERROR - 2026-08-30 03:51:09 --> Error connecting to the database: mysqli_sql_exception: Unknown database 'milkyway' in /var/www/html/system/Database/MySQLi/Connection.php:201
Stack trace:
#0 /var/www/html/system/Database/MySQLi/Connection.php(201): mysqli->real_connect('db', 'root', Object(SensitiveParameterValue), 'milkyway', 3306, '', 0)
#1 /var/www/html/system/Database/BaseConnection.php(555): CodeIgniter\Database\MySQLi\Connection->connect(false)
#2 /var/www/html/system/Database/BaseConnection.php(795): CodeIgniter\Database\BaseConnection->initialize()
#3 /var/www/html/system/Database/BaseBuilder.php(1659): CodeIgniter\Database\BaseConnection->query('SELECT *\nFROM `...', Array, false)
#4 /var/www/html/system/Model.php(255): CodeIgniter\Database\BaseBuilder->get()
#5 /var/www/html/system/BaseModel.php(676): CodeIgniter\Model->doFindAll(0, 0)
#6 /var/www/html/app/Services/StockService.php(25): CodeIgniter\BaseModel->findAll()
#7 /var/www/html/app/Controllers/Api/StockController.php(20): App\Services\StockService->getStockGlobal()
#8 /var/www/html/system/CodeIgniter.php(974): App\Controllers\Api\StockController->index()
#9 /var/www/html/system/CodeIgniter.php(520): CodeIgniter\CodeIgniter->runController(Object(App\Controllers\Api\StockController))
#10 /var/www/html/system/CodeIgniter.php(363): CodeIgniter\CodeIgniter->handleRequest(NULL, Object(Config\Cache), false)
#11 /var/www/html/system/Boot.php(417): CodeIgniter\CodeIgniter->run()
#12 /var/www/html/system/Boot.php(68): CodeIgniter\Boot::runCodeIgniter(Object(CodeIgniter\CodeIgniter))
#13 /var/www/html/public/index.php(59): CodeIgniter\Boot::bootWeb(Object(Config\Paths))
#14 {main}

Next CodeIgniter\Database\Exceptions\DatabaseException: Unknown database 'milkyway' in /var/www/html/system/Database/MySQLi/Connection.php:231
Stack trace:
#0 /var/www/html/system/Database/BaseConnection.php(555): CodeIgniter\Database\MySQLi\Connection->connect(false)
#1 /var/www/html/system/Database/BaseConnection.php(795): CodeIgniter\Database\BaseConnection->initialize()
#2 /var/www/html/system/Database/BaseBuilder.php(1659): CodeIgniter\Database\BaseConnection->query('SELECT *\nFROM `...', Array, false)
#3 /var/www/html/system/Model.php(255): CodeIgniter\Database\BaseBuilder->get()
#4 /var/www/html/system/BaseModel.php(676): CodeIgniter\Model->doFindAll(0, 0)
#5 /var/www/html/app/Services/StockService.php(25): CodeIgniter\BaseModel->findAll()
#6 /var/www/html/app/Controllers/Api/StockController.php(20): App\Services\StockService->getStockGlobal()
#7 /var/www/html/system/CodeIgniter.php(974): App\Controllers\Api\StockController->index()
#8 /var/www/html/system/CodeIgniter.php(520): CodeIgniter\CodeIgniter->runController(Object(App\Controllers\Api\StockController))
#9 /var/www/html/system/CodeIgniter.php(363): CodeIgniter\CodeIgniter->handleRequest(NULL, Object(Config\Cache), false)
#10 /var/www/html/system/Boot.php(417): CodeIgniter\CodeIgniter->run()
#11 /var/www/html/system/Boot.php(68): CodeIgniter\Boot::runCodeIgniter(Object(CodeIgniter\CodeIgniter))
#12 /var/www/html/public/index.php(59): CodeIgniter\Boot::bootWeb(Object(Config\Paths))
#13 {main}
ERROR - 2026-08-30 03:51:13 --> Error connecting to the database: mysqli_sql_exception: Unknown database 'milkyway' in /var/www/html/system/Database/MySQLi/Connection.php:201
Stack trace:
#0 /var/www/html/system/Database/MySQLi/Connection.php(201): mysqli->real_connect('db', 'root', Object(SensitiveParameterValue), 'milkyway', 3306, '', 0)
#1 /var/www/html/system/Database/BaseConnection.php(555): CodeIgniter\Database\MySQLi\Connection->connect(false)
#2 /var/www/html/system/Database/BaseConnection.php(795): CodeIgniter\Database\BaseConnection->initialize()
#3 /var/www/html/system/Database/BaseBuilder.php(1659): CodeIgniter\Database\BaseConnection->query('SELECT `clients...', Array, false)
#4 /var/www/html/app/Models/MouvementModel.php(198): CodeIgniter\Database\BaseBuilder->get()
#5 /var/www/html/app/Services/RecapService.php(18): App\Models\MouvementModel->getVentesParClient('2026-08-23', '2026-08-30')
#6 /var/www/html/app/Controllers/Api/RecapController.php(38): App\Services\RecapService->getVentesParClient('2026-08-23', '2026-08-30')
#7 /var/www/html/system/CodeIgniter.php(974): App\Controllers\Api\RecapController->clients()
#8 /var/www/html/system/CodeIgniter.php(520): CodeIgniter\CodeIgniter->runController(Object(App\Controllers\Api\RecapController))
#9 /var/www/html/system/CodeIgniter.php(363): CodeIgniter\CodeIgniter->handleRequest(NULL, Object(Config\Cache), false)
#10 /var/www/html/system/Boot.php(417): CodeIgniter\CodeIgniter->run()
#11 /var/www/html/system/Boot.php(68): CodeIgniter\Boot::runCodeIgniter(Object(CodeIgniter\CodeIgniter))
#12 /var/www/html/public/index.php(59): CodeIgniter\Boot::bootWeb(Object(Config\Paths))
#13 {main}

Next CodeIgniter\Database\Exceptions\DatabaseException: Unknown database 'milkyway' in /var/www/html/system/Database/MySQLi/Connection.php:231
Stack trace:
#0 /var/www/html/system/Database/BaseConnection.php(555): CodeIgniter\Database\MySQLi\Connection->connect(false)
#1 /var/www/html/system/Database/BaseConnection.php(795): CodeIgniter\Database\BaseConnection->initialize()
#2 /var/www/html/system/Database/BaseBuilder.php(1659): CodeIgniter\Database\BaseConnection->query('SELECT `clients...', Array, false)
#3 /var/www/html/app/Models/MouvementModel.php(198): CodeIgniter\Database\BaseBuilder->get()
#4 /var/www/html/app/Services/RecapService.php(18): App\Models\MouvementModel->getVentesParClient('2026-08-23', '2026-08-30')
#5 /var/www/html/app/Controllers/Api/RecapController.php(38): App\Services\RecapService->getVentesParClient('2026-08-23', '2026-08-30')
#6 /var/www/html/system/CodeIgniter.php(974): App\Controllers\Api\RecapController->clients()
#7 /var/www/html/system/CodeIgniter.php(520): CodeIgniter\CodeIgniter->runController(Object(App\Controllers\Api\RecapController))
#8 /var/www/html/system/CodeIgniter.php(363): CodeIgniter\CodeIgniter->handleRequest(NULL, Object(Config\Cache), false)
#9 /var/www/html/system/Boot.php(417): CodeIgniter\CodeIgniter->run()
#10 /var/www/html/system/Boot.php(68): CodeIgniter\Boot::runCodeIgniter(Object(CodeIgniter\CodeIgniter))
#11 /var/www/html/public/index.php(59): CodeIgniter\Boot::bootWeb(Object(Config\Paths))
#12 {main}
ERROR - 2026-08-30 03:51:13 --> Error connecting to the database: mysqli_sql_exception: Unknown database 'milkyway' in /var/www/html/system/Database/MySQLi/Connection.php:201
Stack trace:
#0 /var/www/html/system/Database/MySQLi/Connection.php(201): mysqli->real_connect('db', 'root', Object(SensitiveParameterValue), 'milkyway', 3306, '', 0)
#1 /var/www/html/system/Database/BaseConnection.php(555): CodeIgniter\Database\MySQLi\Connection->connect(false)
#2 /var/www/html/system/Database/BaseConnection.php(795): CodeIgniter\Database\BaseConnection->initialize()
#3 /var/www/html/system/Database/BaseBuilder.php(1659): CodeIgniter\Database\BaseConnection->query('SELECT DATE_FOR...', Array, false)
#4 /var/www/html/app/Models/MouvementModel.php(252): CodeIgniter\Database\BaseBuilder->get()
#5 /var/www/html/app/Services/RecapService.php(29): App\Models\MouvementModel->getVentesEvolution('2026-08-23', '2026-08-30', 'day')
#6 /var/www/html/app/Controllers/Api/RecapController.php(29): App\Services\RecapService->getVentesEvolution('2026-08-23', '2026-08-30', 'day')
#7 /var/www/html/system/CodeIgniter.php(974): App\Controllers\Api\RecapController->evolution()
#8 /var/www/html/system/CodeIgniter.php(520): CodeIgniter\CodeIgniter->runController(Object(App\Controllers\Api\RecapController))
#9 /var/www/html/system/CodeIgniter.php(363): CodeIgniter\CodeIgniter->handleRequest(NULL, Object(Config\Cache), false)
#10 /var/www/html/system/Boot.php(417): CodeIgniter\CodeIgniter->run()
#11 /var/www/html/system/Boot.php(68): CodeIgniter\Boot::runCodeIgniter(Object(CodeIgniter\CodeIgniter))
#12 /var/www/html/public/index.php(59): CodeIgniter\Boot::bootWeb(Object(Config\Paths))
#13 {main}

Next CodeIgniter\Database\Exceptions\DatabaseException: Unknown database 'milkyway' in /var/www/html/system/Database/MySQLi/Connection.php:231
Stack trace:
#0 /var/www/html/system/Database/BaseConnection.php(555): CodeIgniter\Database\MySQLi\Connection->connect(false)
#1 /var/www/html/system/Database/BaseConnection.php(795): CodeIgniter\Database\BaseConnection->initialize()
#2 /var/www/html/system/Database/BaseBuilder.php(1659): CodeIgniter\Database\BaseConnection->query('SELECT DATE_FOR...', Array, false)
#3 /var/www/html/app/Models/MouvementModel.php(252): CodeIgniter\Database\BaseBuilder->get()
#4 /var/www/html/app/Services/RecapService.php(29): App\Models\MouvementModel->getVentesEvolution('2026-08-23', '2026-08-30', 'day')
#5 /var/www/html/app/Controllers/Api/RecapController.php(29): App\Services\RecapService->getVentesEvolution('2026-08-23', '2026-08-30', 'day')
#6 /var/www/html/system/CodeIgniter.php(974): App\Controllers\Api\RecapController->evolution()
#7 /var/www/html/system/CodeIgniter.php(520): CodeIgniter\CodeIgniter->runController(Object(App\Controllers\Api\RecapController))
#8 /var/www/html/system/CodeIgniter.php(363): CodeIgniter\CodeIgniter->handleRequest(NULL, Object(Config\Cache), false)
#9 /var/www/html/system/Boot.php(417): CodeIgniter\CodeIgniter->run()
#10 /var/www/html/system/Boot.php(68): CodeIgniter\Boot::runCodeIgniter(Object(CodeIgniter\CodeIgniter))
#11 /var/www/html/public/index.php(59): CodeIgniter\Boot::bootWeb(Object(Config\Paths))
#12 {main}
ERROR - 2026-08-30 03:51:13 --> Error connecting to the database: mysqli_sql_exception: Unknown database 'milkyway' in /var/www/html/system/Database/MySQLi/Connection.php:201
Stack trace:
#0 /var/www/html/system/Database/MySQLi/Connection.php(201): mysqli->real_connect('db', 'root', Object(SensitiveParameterValue), 'milkyway', 3306, '', 0)
#1 /var/www/html/system/Database/BaseConnection.php(555): CodeIgniter\Database\MySQLi\Connection->connect(false)
#2 /var/www/html/system/Database/BaseConnection.php(795): CodeIgniter\Database\BaseConnection->initialize()
#3 /var/www/html/system/Database/BaseBuilder.php(1659): CodeIgniter\Database\BaseConnection->query('SELECT `produit...', Array, false)
#4 /var/www/html/app/Models/MouvementModel.php(223): CodeIgniter\Database\BaseBuilder->get()
#5 /var/www/html/app/Services/RecapService.php(23): App\Models\MouvementModel->getVentesParProduit('2026-08-23', '2026-08-30')
#6 /var/www/html/app/Controllers/Api/RecapController.php(47): App\Services\RecapService->getVentesParProduit('2026-08-23', '2026-08-30')
#7 /var/www/html/system/CodeIgniter.php(974): App\Controllers\Api\RecapController->produits()
#8 /var/www/html/system/CodeIgniter.php(520): CodeIgniter\CodeIgniter->runController(Object(App\Controllers\Api\RecapController))
#9 /var/www/html/system/CodeIgniter.php(363): CodeIgniter\CodeIgniter->handleRequest(NULL, Object(Config\Cache), false)
#10 /var/www/html/system/Boot.php(417): CodeIgniter\CodeIgniter->run()
#11 /var/www/html/system/Boot.php(68): CodeIgniter\Boot::runCodeIgniter(Object(CodeIgniter\CodeIgniter))
#12 /var/www/html/public/index.php(59): CodeIgniter\Boot::bootWeb(Object(Config\Paths))
#13 {main}

Next CodeIgniter\Database\Exceptions\DatabaseException: Unknown database 'milkyway' in /var/www/html/system/Database/MySQLi/Connection.php:231
Stack trace:
#0 /var/www/html/system/Database/BaseConnection.php(555): CodeIgniter\Database\MySQLi\Connection->connect(false)
#1 /var/www/html/system/Database/BaseConnection.php(795): CodeIgniter\Database\BaseConnection->initialize()
#2 /var/www/html/system/Database/BaseBuilder.php(1659): CodeIgniter\Database\BaseConnection->query('SELECT `produit...', Array, false)
#3 /var/www/html/app/Models/MouvementModel.php(223): CodeIgniter\Database\BaseBuilder->get()
#4 /var/www/html/app/Services/RecapService.php(23): App\Models\MouvementModel->getVentesParProduit('2026-08-23', '2026-08-30')
#5 /var/www/html/app/Controllers/Api/RecapController.php(47): App\Services\RecapService->getVentesParProduit('2026-08-23', '2026-08-30')
#6 /var/www/html/system/CodeIgniter.php(974): App\Controllers\Api\RecapController->produits()
#7 /var/www/html/system/CodeIgniter.php(520): CodeIgniter\CodeIgniter->runController(Object(App\Controllers\Api\RecapController))
#8 /var/www/html/system/CodeIgniter.php(363): CodeIgniter\CodeIgniter->handleRequest(NULL, Object(Config\Cache), false)
#9 /var/www/html/system/Boot.php(417): CodeIgniter\CodeIgniter->run()
#10 /var/www/html/system/Boot.php(68): CodeIgniter\Boot::runCodeIgniter(Object(CodeIgniter\CodeIgniter))
#11 /var/www/html/public/index.php(59): CodeIgniter\Boot::bootWeb(Object(Config\Paths))
#12 {main}
CRITICAL - 2026-08-30 03:51:13 --> CodeIgniter\Database\Exceptions\DatabaseException: Unable to connect to the database.
Main connection [MySQLi]: Unknown database 'milkyway'
[Method: GET, Route: api/recap/clients]
in SYSTEMPATH/Database/BaseConnection.php on line 606.
 1 SYSTEMPATH/Database/BaseConnection.php(795): CodeIgniter\Database\BaseConnection->initialize()
 2 SYSTEMPATH/Database/BaseBuilder.php(1659): CodeIgniter\Database\BaseConnection->query('SELECT `clients`.`id` as `client_id`, `clients`.`nom` as `client_nom`, GROUP_CONCAT(DISTINCT produits.nom SEPARATOR \', \') as produits_livres, SUM(mouvements.quantite * produits.prix_vente) as montant_total
FROM `mouvements`
JOIN `clients` ON `clients`.`id` = `mouvements`.`client_id`
JOIN `produits` ON `produits`.`id` = `mouvements`.`produit_id`
WHERE `mouvements`.`type` = :mouvements.type:
AND `mouvements`.`cause` = :mouvements.cause:
AND `mouvements`.`deleted_at` IS NULL
AND `mouvements`.`date_mouvement` >= :mouvements.date_mouvement:
AND `mouvements`.`date_mouvement` <= :mouvements.date_mouvement.1:
GROUP BY `clients`.`id`
ORDER BY `montant_total` DESC', [...], false)
 3 APPPATH/Models/MouvementModel.php(198): CodeIgniter\Database\BaseBuilder->get()
 4 APPPATH/Services/RecapService.php(18): App\Models\MouvementModel->getVentesParClient('2026-08-23', '2026-08-30')
 5 APPPATH/Controllers/Api/RecapController.php(38): App\Services\RecapService->getVentesParClient('2026-08-23', '2026-08-30')
 6 SYSTEMPATH/CodeIgniter.php(974): App\Controllers\Api\RecapController->clients()
 7 SYSTEMPATH/CodeIgniter.php(520): CodeIgniter\CodeIgniter->runController(Object(App\Controllers\Api\RecapController))
 8 SYSTEMPATH/CodeIgniter.php(363): CodeIgniter\CodeIgniter->handleRequest(null, Object(Config\Cache), false)
 9 SYSTEMPATH/Boot.php(417): CodeIgniter\CodeIgniter->run()
10 SYSTEMPATH/Boot.php(68): CodeIgniter\Boot::runCodeIgniter(Object(CodeIgniter\CodeIgniter))
11 FCPATH/index.php(59): CodeIgniter\Boot::bootWeb(Object(Config\Paths))
CRITICAL - 2026-08-30 03:51:13 --> CodeIgniter\Database\Exceptions\DatabaseException: Unable to connect to the database.
Main connection [MySQLi]: Unknown database 'milkyway'
[Method: GET, Route: api/recap/evolution]
in SYSTEMPATH/Database/BaseConnection.php on line 606.
 1 SYSTEMPATH/Database/BaseConnection.php(795): CodeIgniter\Database\BaseConnection->initialize()
 2 SYSTEMPATH/Database/BaseBuilder.php(1659): CodeIgniter\Database\BaseConnection->query('SELECT DATE_FORMAT(mouvements.date_mouvement, \'%Y-%m-%d\') as periode, SUM(mouvements.quantite * produits.prix_vente) as montant_total
FROM `mouvements`
JOIN `produits` ON `produits`.`id` = `mouvements`.`produit_id`
WHERE `mouvements`.`type` = :mouvements.type:
AND `mouvements`.`cause` = :mouvements.cause:
AND `mouvements`.`deleted_at` IS NULL
AND `mouvements`.`date_mouvement` >= :mouvements.date_mouvement:
AND `mouvements`.`date_mouvement` <= :mouvements.date_mouvement.1:
GROUP BY `periode`
ORDER BY `periode` ASC', [...], false)
 3 APPPATH/Models/MouvementModel.php(252): CodeIgniter\Database\BaseBuilder->get()
 4 APPPATH/Services/RecapService.php(29): App\Models\MouvementModel->getVentesEvolution('2026-08-23', '2026-08-30', 'day')
 5 APPPATH/Controllers/Api/RecapController.php(29): App\Services\RecapService->getVentesEvolution('2026-08-23', '2026-08-30', 'day')
 6 SYSTEMPATH/CodeIgniter.php(974): App\Controllers\Api\RecapController->evolution()
 7 SYSTEMPATH/CodeIgniter.php(520): CodeIgniter\CodeIgniter->runController(Object(App\Controllers\Api\RecapController))
 8 SYSTEMPATH/CodeIgniter.php(363): CodeIgniter\CodeIgniter->handleRequest(null, Object(Config\Cache), false)
 9 SYSTEMPATH/Boot.php(417): CodeIgniter\CodeIgniter->run()
10 SYSTEMPATH/Boot.php(68): CodeIgniter\Boot::runCodeIgniter(Object(CodeIgniter\CodeIgniter))
11 FCPATH/index.php(59): CodeIgniter\Boot::bootWeb(Object(Config\Paths))
CRITICAL - 2026-08-30 03:51:13 --> CodeIgniter\Database\Exceptions\DatabaseException: Unable to connect to the database.
Main connection [MySQLi]: Unknown database 'milkyway'
[Method: GET, Route: api/recap/produits]
in SYSTEMPATH/Database/BaseConnection.php on line 606.
 1 SYSTEMPATH/Database/BaseConnection.php(795): CodeIgniter\Database\BaseConnection->initialize()
 2 SYSTEMPATH/Database/BaseBuilder.php(1659): CodeIgniter\Database\BaseConnection->query('SELECT `produits`.`id` as `produit_id`, `produits`.`nom` as `produit_nom`, SUM(CASE WHEN mouvements.cause = \'vente\' THEN mouvements.quantite ELSE 0 END) as quantite_vendue, SUM(CASE WHEN mouvements.cause = \'non_conforme\' THEN mouvements.quantite ELSE 0 END) as quantite_perdue, SUM(mouvements.quantite * produits.prix_vente) as valeur_totale
FROM `mouvements`
JOIN `produits` ON `produits`.`id` = `mouvements`.`produit_id`
WHERE `mouvements`.`type` = :mouvements.type:
AND `mouvements`.`cause` IN :mouvements.cause:
AND `mouvements`.`deleted_at` IS NULL
AND `mouvements`.`date_mouvement` >= :mouvements.date_mouvement:
AND `mouvements`.`date_mouvement` <= :mouvements.date_mouvement.1:
GROUP BY `produits`.`id`
ORDER BY `valeur_totale` DESC', [...], false)
 3 APPPATH/Models/MouvementModel.php(223): CodeIgniter\Database\BaseBuilder->get()
 4 APPPATH/Services/RecapService.php(23): App\Models\MouvementModel->getVentesParProduit('2026-08-23', '2026-08-30')
 5 APPPATH/Controllers/Api/RecapController.php(47): App\Services\RecapService->getVentesParProduit('2026-08-23', '2026-08-30')
 6 SYSTEMPATH/CodeIgniter.php(974): App\Controllers\Api\RecapController->produits()
 7 SYSTEMPATH/CodeIgniter.php(520): CodeIgniter\CodeIgniter->runController(Object(App\Controllers\Api\RecapController))
 8 SYSTEMPATH/CodeIgniter.php(363): CodeIgniter\CodeIgniter->handleRequest(null, Object(Config\Cache), false)
 9 SYSTEMPATH/Boot.php(417): CodeIgniter\CodeIgniter->run()
10 SYSTEMPATH/Boot.php(68): CodeIgniter\Boot::runCodeIgniter(Object(CodeIgniter\CodeIgniter))
11 FCPATH/index.php(59): CodeIgniter\Boot::bootWeb(Object(Config\Paths))
ERROR - 2026-08-30 03:51:17 --> Error connecting to the database: mysqli_sql_exception: Unknown database 'milkyway' in /var/www/html/system/Database/MySQLi/Connection.php:201
Stack trace:
#0 /var/www/html/system/Database/MySQLi/Connection.php(201): mysqli->real_connect('db', 'root', Object(SensitiveParameterValue), 'milkyway', 3306, '', 0)
#1 /var/www/html/system/Database/BaseConnection.php(555): CodeIgniter\Database\MySQLi\Connection->connect(false)
#2 /var/www/html/system/Database/BaseConnection.php(795): CodeIgniter\Database\BaseConnection->initialize()
#3 /var/www/html/system/Database/BaseBuilder.php(1659): CodeIgniter\Database\BaseConnection->query('SELECT *\nFROM `...', Array, false)
#4 /var/www/html/system/Model.php(255): CodeIgniter\Database\BaseBuilder->get()
#5 /var/www/html/system/BaseModel.php(676): CodeIgniter\Model->doFindAll(0, 0)
#6 /var/www/html/app/Services/StockService.php(25): CodeIgniter\BaseModel->findAll()
#7 /var/www/html/app/Controllers/Api/StockController.php(20): App\Services\StockService->getStockGlobal()
#8 /var/www/html/system/CodeIgniter.php(974): App\Controllers\Api\StockController->index()
#9 /var/www/html/system/CodeIgniter.php(520): CodeIgniter\CodeIgniter->runController(Object(App\Controllers\Api\StockController))
#10 /var/www/html/system/CodeIgniter.php(363): CodeIgniter\CodeIgniter->handleRequest(NULL, Object(Config\Cache), false)
#11 /var/www/html/system/Boot.php(417): CodeIgniter\CodeIgniter->run()
#12 /var/www/html/system/Boot.php(68): CodeIgniter\Boot::runCodeIgniter(Object(CodeIgniter\CodeIgniter))
#13 /var/www/html/public/index.php(59): CodeIgniter\Boot::bootWeb(Object(Config\Paths))
#14 {main}

Next CodeIgniter\Database\Exceptions\DatabaseException: Unknown database 'milkyway' in /var/www/html/system/Database/MySQLi/Connection.php:231
Stack trace:
#0 /var/www/html/system/Database/BaseConnection.php(555): CodeIgniter\Database\MySQLi\Connection->connect(false)
#1 /var/www/html/system/Database/BaseConnection.php(795): CodeIgniter\Database\BaseConnection->initialize()
#2 /var/www/html/system/Database/BaseBuilder.php(1659): CodeIgniter\Database\BaseConnection->query('SELECT *\nFROM `...', Array, false)
#3 /var/www/html/system/Model.php(255): CodeIgniter\Database\BaseBuilder->get()
#4 /var/www/html/system/BaseModel.php(676): CodeIgniter\Model->doFindAll(0, 0)
#5 /var/www/html/app/Services/StockService.php(25): CodeIgniter\BaseModel->findAll()
#6 /var/www/html/app/Controllers/Api/StockController.php(20): App\Services\StockService->getStockGlobal()
#7 /var/www/html/system/CodeIgniter.php(974): App\Controllers\Api\StockController->index()
#8 /var/www/html/system/CodeIgniter.php(520): CodeIgniter\CodeIgniter->runController(Object(App\Controllers\Api\StockController))
#9 /var/www/html/system/CodeIgniter.php(363): CodeIgniter\CodeIgniter->handleRequest(NULL, Object(Config\Cache), false)
#10 /var/www/html/system/Boot.php(417): CodeIgniter\CodeIgniter->run()
#11 /var/www/html/system/Boot.php(68): CodeIgniter\Boot::runCodeIgniter(Object(CodeIgniter\CodeIgniter))
#12 /var/www/html/public/index.php(59): CodeIgniter\Boot::bootWeb(Object(Config\Paths))
#13 {main}
ERROR - 2026-08-30 03:51:18 --> Error connecting to the database: mysqli_sql_exception: Unknown database 'milkyway' in /var/www/html/system/Database/MySQLi/Connection.php:201
Stack trace:
#0 /var/www/html/system/Database/MySQLi/Connection.php(201): mysqli->real_connect('db', 'root', Object(SensitiveParameterValue), 'milkyway', 3306, '', 0)
#1 /var/www/html/system/Database/BaseConnection.php(555): CodeIgniter\Database\MySQLi\Connection->connect(false)
#2 /var/www/html/system/Database/BaseConnection.php(795): CodeIgniter\Database\BaseConnection->initialize()
#3 /var/www/html/system/Database/BaseBuilder.php(1659): CodeIgniter\Database\BaseConnection->query('SELECT DATE(dat...', Array, false)
#4 /var/www/html/app/Models/MouvementModel.php(62): CodeIgniter\Database\BaseBuilder->get()
#5 /var/www/html/app/Services/MouvementService.php(35): App\Models\MouvementModel->getChartData(Array)
#6 /var/www/html/app/Controllers/Api/MouvementController.php(37): App\Services\MouvementService->getChartData(Array)
#7 /var/www/html/system/CodeIgniter.php(974): App\Controllers\Api\MouvementController->chart()
#8 /var/www/html/system/CodeIgniter.php(520): CodeIgniter\CodeIgniter->runController(Object(App\Controllers\Api\MouvementController))
#9 /var/www/html/system/CodeIgniter.php(363): CodeIgniter\CodeIgniter->handleRequest(NULL, Object(Config\Cache), false)
#10 /var/www/html/system/Boot.php(417): CodeIgniter\CodeIgniter->run()
#11 /var/www/html/system/Boot.php(68): CodeIgniter\Boot::runCodeIgniter(Object(CodeIgniter\CodeIgniter))
#12 /var/www/html/public/index.php(59): CodeIgniter\Boot::bootWeb(Object(Config\Paths))
#13 {main}

Next CodeIgniter\Database\Exceptions\DatabaseException: Unknown database 'milkyway' in /var/www/html/system/Database/MySQLi/Connection.php:231
Stack trace:
#0 /var/www/html/system/Database/BaseConnection.php(555): CodeIgniter\Database\MySQLi\Connection->connect(false)
#1 /var/www/html/system/Database/BaseConnection.php(795): CodeIgniter\Database\BaseConnection->initialize()
#2 /var/www/html/system/Database/BaseBuilder.php(1659): CodeIgniter\Database\BaseConnection->query('SELECT DATE(dat...', Array, false)
#3 /var/www/html/app/Models/MouvementModel.php(62): CodeIgniter\Database\BaseBuilder->get()
#4 /var/www/html/app/Services/MouvementService.php(35): App\Models\MouvementModel->getChartData(Array)
#5 /var/www/html/app/Controllers/Api/MouvementController.php(37): App\Services\MouvementService->getChartData(Array)
#6 /var/www/html/system/CodeIgniter.php(974): App\Controllers\Api\MouvementController->chart()
#7 /var/www/html/system/CodeIgniter.php(520): CodeIgniter\CodeIgniter->runController(Object(App\Controllers\Api\MouvementController))
#8 /var/www/html/system/CodeIgniter.php(363): CodeIgniter\CodeIgniter->handleRequest(NULL, Object(Config\Cache), false)
#9 /var/www/html/system/Boot.php(417): CodeIgniter\CodeIgniter->run()
#10 /var/www/html/system/Boot.php(68): CodeIgniter\Boot::runCodeIgniter(Object(CodeIgniter\CodeIgniter))
#11 /var/www/html/public/index.php(59): CodeIgniter\Boot::bootWeb(Object(Config\Paths))
#12 {main}
ERROR - 2026-08-30 03:51:18 --> Error connecting to the database: mysqli_sql_exception: Unknown database 'milkyway' in /var/www/html/system/Database/MySQLi/Connection.php:201
Stack trace:
#0 /var/www/html/system/Database/MySQLi/Connection.php(201): mysqli->real_connect('db', 'root', Object(SensitiveParameterValue), 'milkyway', 3306, '', 0)
#1 /var/www/html/system/Database/BaseConnection.php(555): CodeIgniter\Database\MySQLi\Connection->connect(false)
#2 /var/www/html/system/Database/BaseConnection.php(795): CodeIgniter\Database\BaseConnection->initialize()
#3 /var/www/html/system/Database/BaseBuilder.php(1743): CodeIgniter\Database\BaseConnection->query('SELECT COUNT(*)...', Array, false)
#4 /var/www/html/app/Controllers/Api/ClientController.php(34): CodeIgniter\Database\BaseBuilder->countAllResults(false)
#5 /var/www/html/system/CodeIgniter.php(974): App\Controllers\Api\ClientController->index()
#6 /var/www/html/system/CodeIgniter.php(520): CodeIgniter\CodeIgniter->runController(Object(App\Controllers\Api\ClientController))
#7 /var/www/html/system/CodeIgniter.php(363): CodeIgniter\CodeIgniter->handleRequest(NULL, Object(Config\Cache), false)
#8 /var/www/html/system/Boot.php(417): CodeIgniter\CodeIgniter->run()
#9 /var/www/html/system/Boot.php(68): CodeIgniter\Boot::runCodeIgniter(Object(CodeIgniter\CodeIgniter))
#10 /var/www/html/public/index.php(59): CodeIgniter\Boot::bootWeb(Object(Config\Paths))
#11 {main}

Next CodeIgniter\Database\Exceptions\DatabaseException: Unknown database 'milkyway' in /var/www/html/system/Database/MySQLi/Connection.php:231
Stack trace:
#0 /var/www/html/system/Database/BaseConnection.php(555): CodeIgniter\Database\MySQLi\Connection->connect(false)
#1 /var/www/html/system/Database/BaseConnection.php(795): CodeIgniter\Database\BaseConnection->initialize()
#2 /var/www/html/system/Database/BaseBuilder.php(1743): CodeIgniter\Database\BaseConnection->query('SELECT COUNT(*)...', Array, false)
#3 /var/www/html/app/Controllers/Api/ClientController.php(34): CodeIgniter\Database\BaseBuilder->countAllResults(false)
#4 /var/www/html/system/CodeIgniter.php(974): App\Controllers\Api\ClientController->index()
#5 /var/www/html/system/CodeIgniter.php(520): CodeIgniter\CodeIgniter->runController(Object(App\Controllers\Api\ClientController))
#6 /var/www/html/system/CodeIgniter.php(363): CodeIgniter\CodeIgniter->handleRequest(NULL, Object(Config\Cache), false)
#7 /var/www/html/system/Boot.php(417): CodeIgniter\CodeIgniter->run()
#8 /var/www/html/system/Boot.php(68): CodeIgniter\Boot::runCodeIgniter(Object(CodeIgniter\CodeIgniter))
#9 /var/www/html/public/index.php(59): CodeIgniter\Boot::bootWeb(Object(Config\Paths))
#10 {main}
ERROR - 2026-08-30 03:51:18 --> Error connecting to the database: mysqli_sql_exception: Unknown database 'milkyway' in /var/www/html/system/Database/MySQLi/Connection.php:201
Stack trace:
#0 /var/www/html/system/Database/MySQLi/Connection.php(201): mysqli->real_connect('db', 'root', Object(SensitiveParameterValue), 'milkyway', 3306, '', 0)
#1 /var/www/html/system/Database/BaseConnection.php(555): CodeIgniter\Database\MySQLi\Connection->connect(false)
#2 /var/www/html/system/Database/BaseConnection.php(795): CodeIgniter\Database\BaseConnection->initialize()
#3 /var/www/html/system/Database/BaseBuilder.php(1743): CodeIgniter\Database\BaseConnection->query('SELECT COUNT(*)...', Array, false)
#4 /var/www/html/app/Models/MouvementModel.php(33): CodeIgniter\Database\BaseBuilder->countAllResults(false)
#5 /var/www/html/app/Services/MouvementService.php(27): App\Models\MouvementModel->getMouvements(Array, 1, 10)
#6 /var/www/html/app/Controllers/Api/MouvementController.php(27): App\Services\MouvementService->getMouvements(Array, 1, 10)
#7 /var/www/html/system/CodeIgniter.php(974): App\Controllers\Api\MouvementController->index()
#8 /var/www/html/system/CodeIgniter.php(520): CodeIgniter\CodeIgniter->runController(Object(App\Controllers\Api\MouvementController))
#9 /var/www/html/system/CodeIgniter.php(363): CodeIgniter\CodeIgniter->handleRequest(NULL, Object(Config\Cache), false)
#10 /var/www/html/system/Boot.php(417): CodeIgniter\CodeIgniter->run()
#11 /var/www/html/system/Boot.php(68): CodeIgniter\Boot::runCodeIgniter(Object(CodeIgniter\CodeIgniter))
#12 /var/www/html/public/index.php(59): CodeIgniter\Boot::bootWeb(Object(Config\Paths))
#13 {main}

Next CodeIgniter\Database\Exceptions\DatabaseException: Unknown database 'milkyway' in /var/www/html/system/Database/MySQLi/Connection.php:231
Stack trace:
#0 /var/www/html/system/Database/BaseConnection.php(555): CodeIgniter\Database\MySQLi\Connection->connect(false)
#1 /var/www/html/system/Database/BaseConnection.php(795): CodeIgniter\Database\BaseConnection->initialize()
#2 /var/www/html/system/Database/BaseBuilder.php(1743): CodeIgniter\Database\BaseConnection->query('SELECT COUNT(*)...', Array, false)
#3 /var/www/html/app/Models/MouvementModel.php(33): CodeIgniter\Database\BaseBuilder->countAllResults(false)
#4 /var/www/html/app/Services/MouvementService.php(27): App\Models\MouvementModel->getMouvements(Array, 1, 10)
#5 /var/www/html/app/Controllers/Api/MouvementController.php(27): App\Services\MouvementService->getMouvements(Array, 1, 10)
#6 /var/www/html/system/CodeIgniter.php(974): App\Controllers\Api\MouvementController->index()
#7 /var/www/html/system/CodeIgniter.php(520): CodeIgniter\CodeIgniter->runController(Object(App\Controllers\Api\MouvementController))
#8 /var/www/html/system/CodeIgniter.php(363): CodeIgniter\CodeIgniter->handleRequest(NULL, Object(Config\Cache), false)
#9 /var/www/html/system/Boot.php(417): CodeIgniter\CodeIgniter->run()
#10 /var/www/html/system/Boot.php(68): CodeIgniter\Boot::runCodeIgniter(Object(CodeIgniter\CodeIgniter))
#11 /var/www/html/public/index.php(59): CodeIgniter\Boot::bootWeb(Object(Config\Paths))
#12 {main}
CRITICAL - 2026-08-30 03:51:18 --> CodeIgniter\Database\Exceptions\DatabaseException: Unable to connect to the database.
Main connection [MySQLi]: Unknown database 'milkyway'
[Method: GET, Route: api/ecoulement/mouvements/chart]
in SYSTEMPATH/Database/BaseConnection.php on line 606.
 1 SYSTEMPATH/Database/BaseConnection.php(795): CodeIgniter\Database\BaseConnection->initialize()
 2 SYSTEMPATH/Database/BaseBuilder.php(1659): CodeIgniter\Database\BaseConnection->query('SELECT DATE(date_mouvement) as date, SUM(CASE WHEN type = \'entree\' THEN quantite ELSE 0 END) as entree, SUM(CASE WHEN type = \'sortie\' THEN quantite ELSE 0 END) as sortie
FROM `mouvements`
WHERE `mouvements`.`deleted_at` IS NULL
AND `mouvements`.`date_mouvement` >= :mouvements.date_mouvement:
AND `mouvements`.`date_mouvement` <= :mouvements.date_mouvement.1:
GROUP BY DATE(date_mouvement)
ORDER BY `date` ASC', [...], false)
 3 APPPATH/Models/MouvementModel.php(62): CodeIgniter\Database\BaseBuilder->get()
 4 APPPATH/Services/MouvementService.php(35): App\Models\MouvementModel->getChartData([...])
 5 APPPATH/Controllers/Api/MouvementController.php(37): App\Services\MouvementService->getChartData([...])
 6 SYSTEMPATH/CodeIgniter.php(974): App\Controllers\Api\MouvementController->chart()
 7 SYSTEMPATH/CodeIgniter.php(520): CodeIgniter\CodeIgniter->runController(Object(App\Controllers\Api\MouvementController))
 8 SYSTEMPATH/CodeIgniter.php(363): CodeIgniter\CodeIgniter->handleRequest(null, Object(Config\Cache), false)
 9 SYSTEMPATH/Boot.php(417): CodeIgniter\CodeIgniter->run()
10 SYSTEMPATH/Boot.php(68): CodeIgniter\Boot::runCodeIgniter(Object(CodeIgniter\CodeIgniter))
11 FCPATH/index.php(59): CodeIgniter\Boot::bootWeb(Object(Config\Paths))
CRITICAL - 2026-08-30 03:51:18 --> CodeIgniter\Database\Exceptions\DatabaseException: Unable to connect to the database.
Main connection [MySQLi]: Unknown database 'milkyway'
[Method: GET, Route: api/ecoulement/clients]
in SYSTEMPATH/Database/BaseConnection.php on line 606.
 1 SYSTEMPATH/Database/BaseConnection.php(795): CodeIgniter\Database\BaseConnection->initialize()
 2 SYSTEMPATH/Database/BaseBuilder.php(1743): CodeIgniter\Database\BaseConnection->query('SELECT COUNT(*) AS `numrows`
FROM `clients`', [], false)
 3 APPPATH/Controllers/Api/ClientController.php(34): CodeIgniter\Database\BaseBuilder->countAllResults(false)
 4 SYSTEMPATH/CodeIgniter.php(974): App\Controllers\Api\ClientController->index()
 5 SYSTEMPATH/CodeIgniter.php(520): CodeIgniter\CodeIgniter->runController(Object(App\Controllers\Api\ClientController))
 6 SYSTEMPATH/CodeIgniter.php(363): CodeIgniter\CodeIgniter->handleRequest(null, Object(Config\Cache), false)
 7 SYSTEMPATH/Boot.php(417): CodeIgniter\CodeIgniter->run()
 8 SYSTEMPATH/Boot.php(68): CodeIgniter\Boot::runCodeIgniter(Object(CodeIgniter\CodeIgniter))
 9 FCPATH/index.php(59): CodeIgniter\Boot::bootWeb(Object(Config\Paths))
ERROR - 2026-08-30 03:51:18 --> Error connecting to the database: mysqli_sql_exception: Unknown database 'milkyway' in /var/www/html/system/Database/MySQLi/Connection.php:201
Stack trace:
#0 /var/www/html/system/Database/MySQLi/Connection.php(201): mysqli->real_connect('db', 'root', Object(SensitiveParameterValue), 'milkyway', 3306, '', 0)
#1 /var/www/html/system/Database/BaseConnection.php(555): CodeIgniter\Database\MySQLi\Connection->connect(false)
#2 /var/www/html/system/Database/BaseConnection.php(795): CodeIgniter\Database\BaseConnection->initialize()
#3 /var/www/html/system/Database/BaseBuilder.php(1659): CodeIgniter\Database\BaseConnection->query('SELECT *\nFROM `...', Array, false)
#4 /var/www/html/system/Model.php(255): CodeIgniter\Database\BaseBuilder->get()
#5 /var/www/html/system/BaseModel.php(676): CodeIgniter\Model->doFindAll(0, 0)
#6 /var/www/html/app/Controllers/Api/EcoulementProduitController.php(19): CodeIgniter\BaseModel->findAll()
#7 /var/www/html/system/CodeIgniter.php(974): App\Controllers\Api\EcoulementProduitController->index()
#8 /var/www/html/system/CodeIgniter.php(520): CodeIgniter\CodeIgniter->runController(Object(App\Controllers\Api\EcoulementProduitController))
#9 /var/www/html/system/CodeIgniter.php(363): CodeIgniter\CodeIgniter->handleRequest(NULL, Object(Config\Cache), false)
#10 /var/www/html/system/Boot.php(417): CodeIgniter\CodeIgniter->run()
#11 /var/www/html/system/Boot.php(68): CodeIgniter\Boot::runCodeIgniter(Object(CodeIgniter\CodeIgniter))
#12 /var/www/html/public/index.php(59): CodeIgniter\Boot::bootWeb(Object(Config\Paths))
#13 {main}

Next CodeIgniter\Database\Exceptions\DatabaseException: Unknown database 'milkyway' in /var/www/html/system/Database/MySQLi/Connection.php:231
Stack trace:
#0 /var/www/html/system/Database/BaseConnection.php(555): CodeIgniter\Database\MySQLi\Connection->connect(false)
#1 /var/www/html/system/Database/BaseConnection.php(795): CodeIgniter\Database\BaseConnection->initialize()
#2 /var/www/html/system/Database/BaseBuilder.php(1659): CodeIgniter\Database\BaseConnection->query('SELECT *\nFROM `...', Array, false)
#3 /var/www/html/system/Model.php(255): CodeIgniter\Database\BaseBuilder->get()
#4 /var/www/html/system/BaseModel.php(676): CodeIgniter\Model->doFindAll(0, 0)
#5 /var/www/html/app/Controllers/Api/EcoulementProduitController.php(19): CodeIgniter\BaseModel->findAll()
#6 /var/www/html/system/CodeIgniter.php(974): App\Controllers\Api\EcoulementProduitController->index()
#7 /var/www/html/system/CodeIgniter.php(520): CodeIgniter\CodeIgniter->runController(Object(App\Controllers\Api\EcoulementProduitController))
#8 /var/www/html/system/CodeIgniter.php(363): CodeIgniter\CodeIgniter->handleRequest(NULL, Object(Config\Cache), false)
#9 /var/www/html/system/Boot.php(417): CodeIgniter\CodeIgniter->run()
#10 /var/www/html/system/Boot.php(68): CodeIgniter\Boot::runCodeIgniter(Object(CodeIgniter\CodeIgniter))
#11 /var/www/html/public/index.php(59): CodeIgniter\Boot::bootWeb(Object(Config\Paths))
#12 {main}
CRITICAL - 2026-08-30 03:51:18 --> CodeIgniter\Database\Exceptions\DatabaseException: Unable to connect to the database.
Main connection [MySQLi]: Unknown database 'milkyway'
[Method: GET, Route: api/ecoulement/mouvements]
in SYSTEMPATH/Database/BaseConnection.php on line 606.
 1 SYSTEMPATH/Database/BaseConnection.php(795): CodeIgniter\Database\BaseConnection->initialize()
 2 SYSTEMPATH/Database/BaseBuilder.php(1743): CodeIgniter\Database\BaseConnection->query('SELECT COUNT(*) AS `numrows`
FROM `mouvements`
LEFT JOIN `produits` ON `produits`.`id` = `mouvements`.`produit_id`
LEFT JOIN `clients` ON `clients`.`id` = `mouvements`.`client_id`
WHERE `mouvements`.`deleted_at` IS NULL
AND `mouvements`.`date_mouvement` >= :mouvements.date_mouvement:
AND `mouvements`.`date_mouvement` <= :mouvements.date_mouvement.1:', [...], false)
 3 APPPATH/Models/MouvementModel.php(33): CodeIgniter\Database\BaseBuilder->countAllResults(false)
 4 APPPATH/Services/MouvementService.php(27): App\Models\MouvementModel->getMouvements([...], 1, 10)
 5 APPPATH/Controllers/Api/MouvementController.php(27): App\Services\MouvementService->getMouvements([...], 1, 10)
 6 SYSTEMPATH/CodeIgniter.php(974): App\Controllers\Api\MouvementController->index()
 7 SYSTEMPATH/CodeIgniter.php(520): CodeIgniter\CodeIgniter->runController(Object(App\Controllers\Api\MouvementController))
 8 SYSTEMPATH/CodeIgniter.php(363): CodeIgniter\CodeIgniter->handleRequest(null, Object(Config\Cache), false)
 9 SYSTEMPATH/Boot.php(417): CodeIgniter\CodeIgniter->run()
10 SYSTEMPATH/Boot.php(68): CodeIgniter\Boot::runCodeIgniter(Object(CodeIgniter\CodeIgniter))
11 FCPATH/index.php(59): CodeIgniter\Boot::bootWeb(Object(Config\Paths))
CRITICAL - 2026-08-30 03:51:18 --> CodeIgniter\Database\Exceptions\DatabaseException: Unable to connect to the database.
Main connection [MySQLi]: Unknown database 'milkyway'
[Method: GET, Route: api/ecoulement/produits]
in SYSTEMPATH/Database/BaseConnection.php on line 606.
 1 SYSTEMPATH/Database/BaseConnection.php(795): CodeIgniter\Database\BaseConnection->initialize()
 2 SYSTEMPATH/Database/BaseBuilder.php(1659): CodeIgniter\Database\BaseConnection->query('SELECT *
FROM `produits`
WHERE `produits`.`deleted_at` IS NULL', [], false)
 3 SYSTEMPATH/Model.php(255): CodeIgniter\Database\BaseBuilder->get()
 4 SYSTEMPATH/BaseModel.php(676): CodeIgniter\Model->doFindAll(0, 0)
 5 APPPATH/Controllers/Api/EcoulementProduitController.php(19): CodeIgniter\BaseModel->findAll()
 6 SYSTEMPATH/CodeIgniter.php(974): App\Controllers\Api\EcoulementProduitController->index()
 7 SYSTEMPATH/CodeIgniter.php(520): CodeIgniter\CodeIgniter->runController(Object(App\Controllers\Api\EcoulementProduitController))
 8 SYSTEMPATH/CodeIgniter.php(363): CodeIgniter\CodeIgniter->handleRequest(null, Object(Config\Cache), false)
 9 SYSTEMPATH/Boot.php(417): CodeIgniter\CodeIgniter->run()
10 SYSTEMPATH/Boot.php(68): CodeIgniter\Boot::runCodeIgniter(Object(CodeIgniter\CodeIgniter))
11 FCPATH/index.php(59): CodeIgniter\Boot::bootWeb(Object(Config\Paths))
ERROR - 2026-08-30 03:51:19 --> Error connecting to the database: mysqli_sql_exception: Unknown database 'milkyway' in /var/www/html/system/Database/MySQLi/Connection.php:201
Stack trace:
#0 /var/www/html/system/Database/MySQLi/Connection.php(201): mysqli->real_connect('db', 'root', Object(SensitiveParameterValue), 'milkyway', 3306, '', 0)
#1 /var/www/html/system/Database/BaseConnection.php(555): CodeIgniter\Database\MySQLi\Connection->connect(false)
#2 /var/www/html/system/Database/BaseConnection.php(795): CodeIgniter\Database\BaseConnection->initialize()
#3 /var/www/html/system/Database/BaseBuilder.php(1743): CodeIgniter\Database\BaseConnection->query('SELECT COUNT(*)...', Array, false)
#4 /var/www/html/app/Controllers/Api/ClientController.php(34): CodeIgniter\Database\BaseBuilder->countAllResults(false)
#5 /var/www/html/system/CodeIgniter.php(974): App\Controllers\Api\ClientController->index()
#6 /var/www/html/system/CodeIgniter.php(520): CodeIgniter\CodeIgniter->runController(Object(App\Controllers\Api\ClientController))
#7 /var/www/html/system/CodeIgniter.php(363): CodeIgniter\CodeIgniter->handleRequest(NULL, Object(Config\Cache), false)
#8 /var/www/html/system/Boot.php(417): CodeIgniter\CodeIgniter->run()
#9 /var/www/html/system/Boot.php(68): CodeIgniter\Boot::runCodeIgniter(Object(CodeIgniter\CodeIgniter))
#10 /var/www/html/public/index.php(59): CodeIgniter\Boot::bootWeb(Object(Config\Paths))
#11 {main}

Next CodeIgniter\Database\Exceptions\DatabaseException: Unknown database 'milkyway' in /var/www/html/system/Database/MySQLi/Connection.php:231
Stack trace:
#0 /var/www/html/system/Database/BaseConnection.php(555): CodeIgniter\Database\MySQLi\Connection->connect(false)
#1 /var/www/html/system/Database/BaseConnection.php(795): CodeIgniter\Database\BaseConnection->initialize()
#2 /var/www/html/system/Database/BaseBuilder.php(1743): CodeIgniter\Database\BaseConnection->query('SELECT COUNT(*)...', Array, false)
#3 /var/www/html/app/Controllers/Api/ClientController.php(34): CodeIgniter\Database\BaseBuilder->countAllResults(false)
#4 /var/www/html/system/CodeIgniter.php(974): App\Controllers\Api\ClientController->index()
#5 /var/www/html/system/CodeIgniter.php(520): CodeIgniter\CodeIgniter->runController(Object(App\Controllers\Api\ClientController))
#6 /var/www/html/system/CodeIgniter.php(363): CodeIgniter\CodeIgniter->handleRequest(NULL, Object(Config\Cache), false)
#7 /var/www/html/system/Boot.php(417): CodeIgniter\CodeIgniter->run()
#8 /var/www/html/system/Boot.php(68): CodeIgniter\Boot::runCodeIgniter(Object(CodeIgniter\CodeIgniter))
#9 /var/www/html/public/index.php(59): CodeIgniter\Boot::bootWeb(Object(Config\Paths))
#10 {main}
CRITICAL - 2026-08-30 03:51:19 --> CodeIgniter\Database\Exceptions\DatabaseException: Unable to connect to the database.
Main connection [MySQLi]: Unknown database 'milkyway'
[Method: GET, Route: api/ecoulement/clients]
in SYSTEMPATH/Database/BaseConnection.php on line 606.
 1 SYSTEMPATH/Database/BaseConnection.php(795): CodeIgniter\Database\BaseConnection->initialize()
 2 SYSTEMPATH/Database/BaseBuilder.php(1743): CodeIgniter\Database\BaseConnection->query('SELECT COUNT(*) AS `numrows`
FROM `clients`', [], false)
 3 APPPATH/Controllers/Api/ClientController.php(34): CodeIgniter\Database\BaseBuilder->countAllResults(false)
 4 SYSTEMPATH/CodeIgniter.php(974): App\Controllers\Api\ClientController->index()
 5 SYSTEMPATH/CodeIgniter.php(520): CodeIgniter\CodeIgniter->runController(Object(App\Controllers\Api\ClientController))
 6 SYSTEMPATH/CodeIgniter.php(363): CodeIgniter\CodeIgniter->handleRequest(null, Object(Config\Cache), false)
 7 SYSTEMPATH/Boot.php(417): CodeIgniter\CodeIgniter->run()
 8 SYSTEMPATH/Boot.php(68): CodeIgniter\Boot::runCodeIgniter(Object(CodeIgniter\CodeIgniter))
 9 FCPATH/index.php(59): CodeIgniter\Boot::bootWeb(Object(Config\Paths))
ERROR - 2026-08-30 03:51:19 --> Error connecting to the database: mysqli_sql_exception: Unknown database 'milkyway' in /var/www/html/system/Database/MySQLi/Connection.php:201
Stack trace:
#0 /var/www/html/system/Database/MySQLi/Connection.php(201): mysqli->real_connect('db', 'root', Object(SensitiveParameterValue), 'milkyway', 3306, '', 0)
#1 /var/www/html/system/Database/BaseConnection.php(555): CodeIgniter\Database\MySQLi\Connection->connect(false)
#2 /var/www/html/system/Database/BaseConnection.php(795): CodeIgniter\Database\BaseConnection->initialize()
#3 /var/www/html/system/Database/BaseBuilder.php(1659): CodeIgniter\Database\BaseConnection->query('SELECT *\nFROM `...', Array, false)
#4 /var/www/html/system/Model.php(255): CodeIgniter\Database\BaseBuilder->get()
#5 /var/www/html/system/BaseModel.php(676): CodeIgniter\Model->doFindAll(0, 0)
#6 /var/www/html/app/Controllers/Api/EcoulementProduitController.php(19): CodeIgniter\BaseModel->findAll()
#7 /var/www/html/system/CodeIgniter.php(974): App\Controllers\Api\EcoulementProduitController->index()
#8 /var/www/html/system/CodeIgniter.php(520): CodeIgniter\CodeIgniter->runController(Object(App\Controllers\Api\EcoulementProduitController))
#9 /var/www/html/system/CodeIgniter.php(363): CodeIgniter\CodeIgniter->handleRequest(NULL, Object(Config\Cache), false)
#10 /var/www/html/system/Boot.php(417): CodeIgniter\CodeIgniter->run()
#11 /var/www/html/system/Boot.php(68): CodeIgniter\Boot::runCodeIgniter(Object(CodeIgniter\CodeIgniter))
#12 /var/www/html/public/index.php(59): CodeIgniter\Boot::bootWeb(Object(Config\Paths))
#13 {main}

Next CodeIgniter\Database\Exceptions\DatabaseException: Unknown database 'milkyway' in /var/www/html/system/Database/MySQLi/Connection.php:231
Stack trace:
#0 /var/www/html/system/Database/BaseConnection.php(555): CodeIgniter\Database\MySQLi\Connection->connect(false)
#1 /var/www/html/system/Database/BaseConnection.php(795): CodeIgniter\Database\BaseConnection->initialize()
#2 /var/www/html/system/Database/BaseBuilder.php(1659): CodeIgniter\Database\BaseConnection->query('SELECT *\nFROM `...', Array, false)
#3 /var/www/html/system/Model.php(255): CodeIgniter\Database\BaseBuilder->get()
#4 /var/www/html/system/BaseModel.php(676): CodeIgniter\Model->doFindAll(0, 0)
#5 /var/www/html/app/Controllers/Api/EcoulementProduitController.php(19): CodeIgniter\BaseModel->findAll()
#6 /var/www/html/system/CodeIgniter.php(974): App\Controllers\Api\EcoulementProduitController->index()
#7 /var/www/html/system/CodeIgniter.php(520): CodeIgniter\CodeIgniter->runController(Object(App\Controllers\Api\EcoulementProduitController))
#8 /var/www/html/system/CodeIgniter.php(363): CodeIgniter\CodeIgniter->handleRequest(NULL, Object(Config\Cache), false)
#9 /var/www/html/system/Boot.php(417): CodeIgniter\CodeIgniter->run()
#10 /var/www/html/system/Boot.php(68): CodeIgniter\Boot::runCodeIgniter(Object(CodeIgniter\CodeIgniter))
#11 /var/www/html/public/index.php(59): CodeIgniter\Boot::bootWeb(Object(Config\Paths))
#12 {main}
CRITICAL - 2026-08-30 03:51:19 --> CodeIgniter\Database\Exceptions\DatabaseException: Unable to connect to the database.
Main connection [MySQLi]: Unknown database 'milkyway'
[Method: GET, Route: api/ecoulement/produits]
in SYSTEMPATH/Database/BaseConnection.php on line 606.
 1 SYSTEMPATH/Database/BaseConnection.php(795): CodeIgniter\Database\BaseConnection->initialize()
 2 SYSTEMPATH/Database/BaseBuilder.php(1659): CodeIgniter\Database\BaseConnection->query('SELECT *
FROM `produits`
WHERE `produits`.`deleted_at` IS NULL', [], false)
 3 SYSTEMPATH/Model.php(255): CodeIgniter\Database\BaseBuilder->get()
 4 SYSTEMPATH/BaseModel.php(676): CodeIgniter\Model->doFindAll(0, 0)
 5 APPPATH/Controllers/Api/EcoulementProduitController.php(19): CodeIgniter\BaseModel->findAll()
 6 SYSTEMPATH/CodeIgniter.php(974): App\Controllers\Api\EcoulementProduitController->index()
 7 SYSTEMPATH/CodeIgniter.php(520): CodeIgniter\CodeIgniter->runController(Object(App\Controllers\Api\EcoulementProduitController))
 8 SYSTEMPATH/CodeIgniter.php(363): CodeIgniter\CodeIgniter->handleRequest(null, Object(Config\Cache), false)
 9 SYSTEMPATH/Boot.php(417): CodeIgniter\CodeIgniter->run()
10 SYSTEMPATH/Boot.php(68): CodeIgniter\Boot::runCodeIgniter(Object(CodeIgniter\CodeIgniter))
11 FCPATH/index.php(59): CodeIgniter\Boot::bootWeb(Object(Config\Paths))
ERROR - 2026-08-30 03:51:20 --> Error connecting to the database: mysqli_sql_exception: Unknown database 'milkyway' in /var/www/html/system/Database/MySQLi/Connection.php:201
Stack trace:
#0 /var/www/html/system/Database/MySQLi/Connection.php(201): mysqli->real_connect('db', 'root', Object(SensitiveParameterValue), 'milkyway', 3306, '', 0)
#1 /var/www/html/system/Database/BaseConnection.php(555): CodeIgniter\Database\MySQLi\Connection->connect(false)
#2 /var/www/html/system/Database/BaseConnection.php(795): CodeIgniter\Database\BaseConnection->initialize()
#3 /var/www/html/system/Database/BaseBuilder.php(1659): CodeIgniter\Database\BaseConnection->query('SELECT *\nFROM `...', Array, false)
#4 /var/www/html/system/Model.php(255): CodeIgniter\Database\BaseBuilder->get()
#5 /var/www/html/system/BaseModel.php(676): CodeIgniter\Model->doFindAll(0, 0)
#6 /var/www/html/app/Controllers/Api/ProduitController.php(19): CodeIgniter\BaseModel->findAll()
#7 /var/www/html/system/CodeIgniter.php(974): App\Controllers\Api\ProduitController->index()
#8 /var/www/html/system/CodeIgniter.php(520): CodeIgniter\CodeIgniter->runController(Object(App\Controllers\Api\ProduitController))
#9 /var/www/html/system/CodeIgniter.php(363): CodeIgniter\CodeIgniter->handleRequest(NULL, Object(Config\Cache), false)
#10 /var/www/html/system/Boot.php(417): CodeIgniter\CodeIgniter->run()
#11 /var/www/html/system/Boot.php(68): CodeIgniter\Boot::runCodeIgniter(Object(CodeIgniter\CodeIgniter))
#12 /var/www/html/public/index.php(59): CodeIgniter\Boot::bootWeb(Object(Config\Paths))
#13 {main}

Next CodeIgniter\Database\Exceptions\DatabaseException: Unknown database 'milkyway' in /var/www/html/system/Database/MySQLi/Connection.php:231
Stack trace:
#0 /var/www/html/system/Database/BaseConnection.php(555): CodeIgniter\Database\MySQLi\Connection->connect(false)
#1 /var/www/html/system/Database/BaseConnection.php(795): CodeIgniter\Database\BaseConnection->initialize()
#2 /var/www/html/system/Database/BaseBuilder.php(1659): CodeIgniter\Database\BaseConnection->query('SELECT *\nFROM `...', Array, false)
#3 /var/www/html/system/Model.php(255): CodeIgniter\Database\BaseBuilder->get()
#4 /var/www/html/system/BaseModel.php(676): CodeIgniter\Model->doFindAll(0, 0)
#5 /var/www/html/app/Controllers/Api/ProduitController.php(19): CodeIgniter\BaseModel->findAll()
#6 /var/www/html/system/CodeIgniter.php(974): App\Controllers\Api\ProduitController->index()
#7 /var/www/html/system/CodeIgniter.php(520): CodeIgniter\CodeIgniter->runController(Object(App\Controllers\Api\ProduitController))
#8 /var/www/html/system/CodeIgniter.php(363): CodeIgniter\CodeIgniter->handleRequest(NULL, Object(Config\Cache), false)
#9 /var/www/html/system/Boot.php(417): CodeIgniter\CodeIgniter->run()
#10 /var/www/html/system/Boot.php(68): CodeIgniter\Boot::runCodeIgniter(Object(CodeIgniter\CodeIgniter))
#11 /var/www/html/public/index.php(59): CodeIgniter\Boot::bootWeb(Object(Config\Paths))
#12 {main}
CRITICAL - 2026-08-30 03:51:20 --> CodeIgniter\Database\Exceptions\DatabaseException: Unable to connect to the database.
Main connection [MySQLi]: Unknown database 'milkyway'
[Method: GET, Route: api/produits]
in SYSTEMPATH/Database/BaseConnection.php on line 606.
 1 SYSTEMPATH/Database/BaseConnection.php(795): CodeIgniter\Database\BaseConnection->initialize()
 2 SYSTEMPATH/Database/BaseBuilder.php(1659): CodeIgniter\Database\BaseConnection->query('SELECT *
FROM `produits`
WHERE `produits`.`deleted_at` IS NULL', [], false)
 3 SYSTEMPATH/Model.php(255): CodeIgniter\Database\BaseBuilder->get()
 4 SYSTEMPATH/BaseModel.php(676): CodeIgniter\Model->doFindAll(0, 0)
 5 APPPATH/Controllers/Api/ProduitController.php(19): CodeIgniter\BaseModel->findAll()
 6 SYSTEMPATH/CodeIgniter.php(974): App\Controllers\Api\ProduitController->index()
 7 SYSTEMPATH/CodeIgniter.php(520): CodeIgniter\CodeIgniter->runController(Object(App\Controllers\Api\ProduitController))
 8 SYSTEMPATH/CodeIgniter.php(363): CodeIgniter\CodeIgniter->handleRequest(null, Object(Config\Cache), false)
 9 SYSTEMPATH/Boot.php(417): CodeIgniter\CodeIgniter->run()
10 SYSTEMPATH/Boot.php(68): CodeIgniter\Boot::runCodeIgniter(Object(CodeIgniter\CodeIgniter))
11 FCPATH/index.php(59): CodeIgniter\Boot::bootWeb(Object(Config\Paths))
ERROR - 2026-08-30 03:56:02 --> Error connecting to the database: mysqli_sql_exception: Unknown database 'milkyway' in /var/www/html/system/Database/MySQLi/Connection.php:201
Stack trace:
#0 /var/www/html/system/Database/MySQLi/Connection.php(201): mysqli->real_connect('db', 'root', Object(SensitiveParameterValue), 'milkyway', 3306, '', 0)
#1 /var/www/html/system/Database/BaseConnection.php(555): CodeIgniter\Database\MySQLi\Connection->connect(false)
#2 /var/www/html/system/Database/BaseConnection.php(795): CodeIgniter\Database\BaseConnection->initialize()
#3 /var/www/html/system/Database/BaseConnection.php(1706): CodeIgniter\Database\BaseConnection->query('SHOW TABLES FRO...')
#4 /var/www/html/system/Database/BaseConnection.php(1726): CodeIgniter\Database\BaseConnection->listTables()
#5 /var/www/html/system/Database/MigrationRunner.php(821): CodeIgniter\Database\BaseConnection->tableExists('migrations')
#6 /var/www/html/system/Database/MigrationRunner.php(173): CodeIgniter\Database\MigrationRunner->ensureTable()
#7 /var/www/html/system/Commands/Database/Migrate.php(89): CodeIgniter\Database\MigrationRunner->latest(NULL)
#8 /var/www/html/system/CLI/SignalTrait.php(245): CodeIgniter\Commands\Database\Migrate::CodeIgniter\Commands\Database\{closure}()
#9 /var/www/html/system/Commands/Database/Migrate.php(88): CodeIgniter\Commands\Database\Migrate->withSignalsBlocked(Object(Closure))
#10 /var/www/html/system/CLI/Commands.php(72): CodeIgniter\Commands\Database\Migrate->run(Array)
#11 /var/www/html/system/CLI/Console.php(47): CodeIgniter\CLI\Commands->run('migrate', Array)
#12 /var/www/html/system/Boot.php(444): CodeIgniter\CLI\Console->run()
#13 /var/www/html/system/Boot.php(166): CodeIgniter\Boot::runCommand(Object(CodeIgniter\CLI\Console))
#14 /var/www/html/spark(87): CodeIgniter\Boot::bootSpark(Object(Config\Paths))
#15 {main}

Next CodeIgniter\Database\Exceptions\DatabaseException: Unknown database 'milkyway' in /var/www/html/system/Database/MySQLi/Connection.php:231
Stack trace:
#0 /var/www/html/system/Database/BaseConnection.php(555): CodeIgniter\Database\MySQLi\Connection->connect(false)
#1 /var/www/html/system/Database/BaseConnection.php(795): CodeIgniter\Database\BaseConnection->initialize()
#2 /var/www/html/system/Database/BaseConnection.php(1706): CodeIgniter\Database\BaseConnection->query('SHOW TABLES FRO...')
#3 /var/www/html/system/Database/BaseConnection.php(1726): CodeIgniter\Database\BaseConnection->listTables()
#4 /var/www/html/system/Database/MigrationRunner.php(821): CodeIgniter\Database\BaseConnection->tableExists('migrations')
#5 /var/www/html/system/Database/MigrationRunner.php(173): CodeIgniter\Database\MigrationRunner->ensureTable()
#6 /var/www/html/system/Commands/Database/Migrate.php(89): CodeIgniter\Database\MigrationRunner->latest(NULL)
#7 /var/www/html/system/CLI/SignalTrait.php(245): CodeIgniter\Commands\Database\Migrate::CodeIgniter\Commands\Database\{closure}()
#8 /var/www/html/system/Commands/Database/Migrate.php(88): CodeIgniter\Commands\Database\Migrate->withSignalsBlocked(Object(Closure))
#9 /var/www/html/system/CLI/Commands.php(72): CodeIgniter\Commands\Database\Migrate->run(Array)
#10 /var/www/html/system/CLI/Console.php(47): CodeIgniter\CLI\Commands->run('migrate', Array)
#11 /var/www/html/system/Boot.php(444): CodeIgniter\CLI\Console->run()
#12 /var/www/html/system/Boot.php(166): CodeIgniter\Boot::runCommand(Object(CodeIgniter\CLI\Console))
#13 /var/www/html/spark(87): CodeIgniter\Boot::bootSpark(Object(Config\Paths))
#14 {main}
ERROR - 2026-08-30 03:56:22 --> Error connecting to the database: mysqli_sql_exception: Unknown database 'milkyway' in /var/www/html/system/Database/MySQLi/Connection.php:201
Stack trace:
#0 /var/www/html/system/Database/MySQLi/Connection.php(201): mysqli->real_connect('db', 'root', Object(SensitiveParameterValue), 'milkyway', 3306, '', 0)
#1 /var/www/html/system/Database/BaseConnection.php(555): CodeIgniter\Database\MySQLi\Connection->connect(false)
#2 /var/www/html/system/Database/BaseConnection.php(795): CodeIgniter\Database\BaseConnection->initialize()
#3 /var/www/html/system/Database/BaseConnection.php(1706): CodeIgniter\Database\BaseConnection->query('SHOW TABLES FRO...')
#4 /var/www/html/system/Database/BaseConnection.php(1726): CodeIgniter\Database\BaseConnection->listTables()
#5 /var/www/html/system/Database/MigrationRunner.php(821): CodeIgniter\Database\BaseConnection->tableExists('migrations')
#6 /var/www/html/system/Database/MigrationRunner.php(256): CodeIgniter\Database\MigrationRunner->ensureTable()
#7 /var/www/html/system/Commands/Database/MigrateRollback.php(105): CodeIgniter\Database\MigrationRunner->regress(0)
#8 /var/www/html/system/CLI/SignalTrait.php(245): CodeIgniter\Commands\Database\MigrateRollback::CodeIgniter\Commands\Database\{closure}()
#9 /var/www/html/system/Commands/Database/MigrateRollback.php(104): CodeIgniter\Commands\Database\MigrateRollback->withSignalsBlocked(Object(Closure))
#10 /var/www/html/system/CLI/Commands.php(72): CodeIgniter\Commands\Database\MigrateRollback->run(Array)
#11 /var/www/html/system/CLI/BaseCommand.php(119): CodeIgniter\CLI\Commands->run('migrate:rollbac...', Array)
#12 /var/www/html/system/Commands/Database/MigrateRefresh.php(90): CodeIgniter\CLI\BaseCommand->call('migrate:rollbac...', Array)
#13 /var/www/html/system/CLI/SignalTrait.php(245): CodeIgniter\Commands\Database\MigrateRefresh->CodeIgniter\Commands\Database\{closure}()
#14 /var/www/html/system/Commands/Database/MigrateRefresh.php(89): CodeIgniter\Commands\Database\MigrateRefresh->withSignalsBlocked(Object(Closure))
#15 /var/www/html/system/CLI/Commands.php(72): CodeIgniter\Commands\Database\MigrateRefresh->run(Array)
#16 /var/www/html/system/CLI/Console.php(47): CodeIgniter\CLI\Commands->run('migrate:refresh', Array)
#17 /var/www/html/system/Boot.php(444): CodeIgniter\CLI\Console->run()
#18 /var/www/html/system/Boot.php(166): CodeIgniter\Boot::runCommand(Object(CodeIgniter\CLI\Console))
#19 /var/www/html/spark(87): CodeIgniter\Boot::bootSpark(Object(Config\Paths))
#20 {main}

Next CodeIgniter\Database\Exceptions\DatabaseException: Unknown database 'milkyway' in /var/www/html/system/Database/MySQLi/Connection.php:231
Stack trace:
#0 /var/www/html/system/Database/BaseConnection.php(555): CodeIgniter\Database\MySQLi\Connection->connect(false)
#1 /var/www/html/system/Database/BaseConnection.php(795): CodeIgniter\Database\BaseConnection->initialize()
#2 /var/www/html/system/Database/BaseConnection.php(1706): CodeIgniter\Database\BaseConnection->query('SHOW TABLES FRO...')
#3 /var/www/html/system/Database/BaseConnection.php(1726): CodeIgniter\Database\BaseConnection->listTables()
#4 /var/www/html/system/Database/MigrationRunner.php(821): CodeIgniter\Database\BaseConnection->tableExists('migrations')
#5 /var/www/html/system/Database/MigrationRunner.php(256): CodeIgniter\Database\MigrationRunner->ensureTable()
#6 /var/www/html/system/Commands/Database/MigrateRollback.php(105): CodeIgniter\Database\MigrationRunner->regress(0)
#7 /var/www/html/system/CLI/SignalTrait.php(245): CodeIgniter\Commands\Database\MigrateRollback::CodeIgniter\Commands\Database\{closure}()
#8 /var/www/html/system/Commands/Database/MigrateRollback.php(104): CodeIgniter\Commands\Database\MigrateRollback->withSignalsBlocked(Object(Closure))
#9 /var/www/html/system/CLI/Commands.php(72): CodeIgniter\Commands\Database\MigrateRollback->run(Array)
#10 /var/www/html/system/CLI/BaseCommand.php(119): CodeIgniter\CLI\Commands->run('migrate:rollbac...', Array)
#11 /var/www/html/system/Commands/Database/MigrateRefresh.php(90): CodeIgniter\CLI\BaseCommand->call('migrate:rollbac...', Array)
#12 /var/www/html/system/CLI/SignalTrait.php(245): CodeIgniter\Commands\Database\MigrateRefresh->CodeIgniter\Commands\Database\{closure}()
#13 /var/www/html/system/Commands/Database/MigrateRefresh.php(89): CodeIgniter\Commands\Database\MigrateRefresh->withSignalsBlocked(Object(Closure))
#14 /var/www/html/system/CLI/Commands.php(72): CodeIgniter\Commands\Database\MigrateRefresh->run(Array)
#15 /var/www/html/system/CLI/Console.php(47): CodeIgniter\CLI\Commands->run('migrate:refresh', Array)
#16 /var/www/html/system/Boot.php(444): CodeIgniter\CLI\Console->run()
#17 /var/www/html/system/Boot.php(166): CodeIgniter\Boot::runCommand(Object(CodeIgniter\CLI\Console))
#18 /var/www/html/spark(87): CodeIgniter\Boot::bootSpark(Object(Config\Paths))
#19 {main}
ERROR - 2026-08-30 03:56:22 --> Error connecting to the database: mysqli_sql_exception: Unknown database 'milkyway' in /var/www/html/system/Database/MySQLi/Connection.php:201
Stack trace:
#0 /var/www/html/system/Database/MySQLi/Connection.php(201): mysqli->real_connect('db', 'root', Object(SensitiveParameterValue), 'milkyway', 3306, '', 0)
#1 /var/www/html/system/Database/BaseConnection.php(555): CodeIgniter\Database\MySQLi\Connection->connect(false)
#2 /var/www/html/system/Database/BaseConnection.php(795): CodeIgniter\Database\BaseConnection->initialize()
#3 /var/www/html/system/Database/BaseConnection.php(1706): CodeIgniter\Database\BaseConnection->query('SHOW TABLES FRO...')
#4 /var/www/html/system/Database/BaseConnection.php(1726): CodeIgniter\Database\BaseConnection->listTables()
#5 /var/www/html/system/Database/MigrationRunner.php(821): CodeIgniter\Database\BaseConnection->tableExists('migrations')
#6 /var/www/html/system/Database/MigrationRunner.php(173): CodeIgniter\Database\MigrationRunner->ensureTable()
#7 /var/www/html/system/Commands/Database/Migrate.php(89): CodeIgniter\Database\MigrationRunner->latest(NULL)
#8 /var/www/html/system/CLI/SignalTrait.php(245): CodeIgniter\Commands\Database\Migrate::CodeIgniter\Commands\Database\{closure}()
#9 /var/www/html/system/Commands/Database/Migrate.php(88): CodeIgniter\Commands\Database\Migrate->withSignalsBlocked(Object(Closure))
#10 /var/www/html/system/CLI/Commands.php(72): CodeIgniter\Commands\Database\Migrate->run(Array)
#11 /var/www/html/system/CLI/BaseCommand.php(119): CodeIgniter\CLI\Commands->run('migrate', Array)
#12 /var/www/html/system/Commands/Database/MigrateRefresh.php(91): CodeIgniter\CLI\BaseCommand->call('migrate', Array)
#13 /var/www/html/system/CLI/SignalTrait.php(245): CodeIgniter\Commands\Database\MigrateRefresh->CodeIgniter\Commands\Database\{closure}()
#14 /var/www/html/system/Commands/Database/MigrateRefresh.php(89): CodeIgniter\Commands\Database\MigrateRefresh->withSignalsBlocked(Object(Closure))
#15 /var/www/html/system/CLI/Commands.php(72): CodeIgniter\Commands\Database\MigrateRefresh->run(Array)
#16 /var/www/html/system/CLI/Console.php(47): CodeIgniter\CLI\Commands->run('migrate:refresh', Array)
#17 /var/www/html/system/Boot.php(444): CodeIgniter\CLI\Console->run()
#18 /var/www/html/system/Boot.php(166): CodeIgniter\Boot::runCommand(Object(CodeIgniter\CLI\Console))
#19 /var/www/html/spark(87): CodeIgniter\Boot::bootSpark(Object(Config\Paths))
#20 {main}

Next CodeIgniter\Database\Exceptions\DatabaseException: Unknown database 'milkyway' in /var/www/html/system/Database/MySQLi/Connection.php:231
Stack trace:
#0 /var/www/html/system/Database/BaseConnection.php(555): CodeIgniter\Database\MySQLi\Connection->connect(false)
#1 /var/www/html/system/Database/BaseConnection.php(795): CodeIgniter\Database\BaseConnection->initialize()
#2 /var/www/html/system/Database/BaseConnection.php(1706): CodeIgniter\Database\BaseConnection->query('SHOW TABLES FRO...')
#3 /var/www/html/system/Database/BaseConnection.php(1726): CodeIgniter\Database\BaseConnection->listTables()
#4 /var/www/html/system/Database/MigrationRunner.php(821): CodeIgniter\Database\BaseConnection->tableExists('migrations')
#5 /var/www/html/system/Database/MigrationRunner.php(173): CodeIgniter\Database\MigrationRunner->ensureTable()
#6 /var/www/html/system/Commands/Database/Migrate.php(89): CodeIgniter\Database\MigrationRunner->latest(NULL)
#7 /var/www/html/system/CLI/SignalTrait.php(245): CodeIgniter\Commands\Database\Migrate::CodeIgniter\Commands\Database\{closure}()
#8 /var/www/html/system/Commands/Database/Migrate.php(88): CodeIgniter\Commands\Database\Migrate->withSignalsBlocked(Object(Closure))
#9 /var/www/html/system/CLI/Commands.php(72): CodeIgniter\Commands\Database\Migrate->run(Array)
#10 /var/www/html/system/CLI/BaseCommand.php(119): CodeIgniter\CLI\Commands->run('migrate', Array)
#11 /var/www/html/system/Commands/Database/MigrateRefresh.php(91): CodeIgniter\CLI\BaseCommand->call('migrate', Array)
#12 /var/www/html/system/CLI/SignalTrait.php(245): CodeIgniter\Commands\Database\MigrateRefresh->CodeIgniter\Commands\Database\{closure}()
#13 /var/www/html/system/Commands/Database/MigrateRefresh.php(89): CodeIgniter\Commands\Database\MigrateRefresh->withSignalsBlocked(Object(Closure))
#14 /var/www/html/system/CLI/Commands.php(72): CodeIgniter\Commands\Database\MigrateRefresh->run(Array)
#15 /var/www/html/system/CLI/Console.php(47): CodeIgniter\CLI\Commands->run('migrate:refresh', Array)
#16 /var/www/html/system/Boot.php(444): CodeIgniter\CLI\Console->run()
#17 /var/www/html/system/Boot.php(166): CodeIgniter\Boot::runCommand(Object(CodeIgniter\CLI\Console))
#18 /var/www/html/spark(87): CodeIgniter\Boot::bootSpark(Object(Config\Paths))
#19 {main}
ERROR - 2026-08-30 03:56:27 --> Error connecting to the database: mysqli_sql_exception: Unknown database 'milkyway' in /var/www/html/system/Database/MySQLi/Connection.php:201
Stack trace:
#0 /var/www/html/system/Database/MySQLi/Connection.php(201): mysqli->real_connect('db', 'root', Object(SensitiveParameterValue), 'milkyway', 3306, '', 0)
#1 /var/www/html/system/Database/BaseConnection.php(555): CodeIgniter\Database\MySQLi\Connection->connect(false)
#2 /var/www/html/system/Database/BaseConnection.php(795): CodeIgniter\Database\BaseConnection->initialize()
#3 /var/www/html/system/Database/BaseConnection.php(1706): CodeIgniter\Database\BaseConnection->query('SHOW TABLES FRO...')
#4 /var/www/html/system/Database/BaseConnection.php(1726): CodeIgniter\Database\BaseConnection->listTables()
#5 /var/www/html/system/Database/MigrationRunner.php(821): CodeIgniter\Database\BaseConnection->tableExists('migrations')
#6 /var/www/html/system/Database/MigrationRunner.php(173): CodeIgniter\Database\MigrationRunner->ensureTable()
#7 /var/www/html/system/Commands/Database/Migrate.php(89): CodeIgniter\Database\MigrationRunner->latest(NULL)
#8 /var/www/html/system/CLI/SignalTrait.php(245): CodeIgniter\Commands\Database\Migrate::CodeIgniter\Commands\Database\{closure}()
#9 /var/www/html/system/Commands/Database/Migrate.php(88): CodeIgniter\Commands\Database\Migrate->withSignalsBlocked(Object(Closure))
#10 /var/www/html/system/CLI/Commands.php(72): CodeIgniter\Commands\Database\Migrate->run(Array)
#11 /var/www/html/system/CLI/Console.php(47): CodeIgniter\CLI\Commands->run('migrate', Array)
#12 /var/www/html/system/Boot.php(444): CodeIgniter\CLI\Console->run()
#13 /var/www/html/system/Boot.php(166): CodeIgniter\Boot::runCommand(Object(CodeIgniter\CLI\Console))
#14 /var/www/html/spark(87): CodeIgniter\Boot::bootSpark(Object(Config\Paths))
#15 {main}

Next CodeIgniter\Database\Exceptions\DatabaseException: Unknown database 'milkyway' in /var/www/html/system/Database/MySQLi/Connection.php:231
Stack trace:
#0 /var/www/html/system/Database/BaseConnection.php(555): CodeIgniter\Database\MySQLi\Connection->connect(false)
#1 /var/www/html/system/Database/BaseConnection.php(795): CodeIgniter\Database\BaseConnection->initialize()
#2 /var/www/html/system/Database/BaseConnection.php(1706): CodeIgniter\Database\BaseConnection->query('SHOW TABLES FRO...')
#3 /var/www/html/system/Database/BaseConnection.php(1726): CodeIgniter\Database\BaseConnection->listTables()
#4 /var/www/html/system/Database/MigrationRunner.php(821): CodeIgniter\Database\BaseConnection->tableExists('migrations')
#5 /var/www/html/system/Database/MigrationRunner.php(173): CodeIgniter\Database\MigrationRunner->ensureTable()
#6 /var/www/html/system/Commands/Database/Migrate.php(89): CodeIgniter\Database\MigrationRunner->latest(NULL)
#7 /var/www/html/system/CLI/SignalTrait.php(245): CodeIgniter\Commands\Database\Migrate::CodeIgniter\Commands\Database\{closure}()
#8 /var/www/html/system/Commands/Database/Migrate.php(88): CodeIgniter\Commands\Database\Migrate->withSignalsBlocked(Object(Closure))
#9 /var/www/html/system/CLI/Commands.php(72): CodeIgniter\Commands\Database\Migrate->run(Array)
#10 /var/www/html/system/CLI/Console.php(47): CodeIgniter\CLI\Commands->run('migrate', Array)
#11 /var/www/html/system/Boot.php(444): CodeIgniter\CLI\Console->run()
#12 /var/www/html/system/Boot.php(166): CodeIgniter\Boot::runCommand(Object(CodeIgniter\CLI\Console))
#13 /var/www/html/spark(87): CodeIgniter\Boot::bootSpark(Object(Config\Paths))
#14 {main}
WARNING - 2026-08-30 04:00:49 --> [DEPRECATED] Since fakerphp/faker 1.14: Accessing property "company" is deprecated, use "company()" instead. in VENDORPATH/symfony/deprecation-contracts/function.php on line 25.
 1 VENDORPATH/symfony/deprecation-contracts/function.php(25): trigger_error('Since fakerphp/faker 1.14: Accessing property "company" is deprecated, use "company()" instead.', 16384)
 2 VENDORPATH/fakerphp/faker/src/Faker/Generator.php(962): trigger_deprecation('fakerphp/faker', '1.14', 'Accessing property "%s" is deprecated, use "%s()" instead.', 'company', 'company')
 3 APPPATH/Database/Seeds/ClientSeeder.php(18): Faker\Generator->__get('company')
 4 SYSTEMPATH/Database/Seeder.php(155): App\Database\Seeds\ClientSeeder->run()
 5 APPPATH/Database/Seeds/MouvementSeeder.php(25): CodeIgniter\Database\Seeder->call('App\\Database\\Seeds\\ClientSeeder')
 6 SYSTEMPATH/Database/Seeder.php(155): App\Database\Seeds\MouvementSeeder->run()
 7 SYSTEMPATH/Commands/Database/Seed.php(79): CodeIgniter\Database\Seeder->call('App\\Database\\Seeds\\MouvementSeeder')
 8 SYSTEMPATH/CLI/Commands.php(72): CodeIgniter\Commands\Database\Seed->run([])
 9 SYSTEMPATH/CLI/Console.php(47): CodeIgniter\CLI\Commands->run('db:seed', [...])
10 SYSTEMPATH/Boot.php(444): CodeIgniter\CLI\Console->run()
11 SYSTEMPATH/Boot.php(166): CodeIgniter\Boot::runCommand(Object(CodeIgniter\CLI\Console))
12 ROOTPATH/spark(87): CodeIgniter\Boot::bootSpark(Object(Config\Paths))
WARNING - 2026-08-30 04:00:49 --> [DEPRECATED] Since fakerphp/faker 1.14: Accessing property "name" is deprecated, use "name()" instead. in VENDORPATH/symfony/deprecation-contracts/function.php on line 25.
 1 VENDORPATH/symfony/deprecation-contracts/function.php(25): trigger_error('Since fakerphp/faker 1.14: Accessing property "name" is deprecated, use "name()" instead.', 16384)
 2 VENDORPATH/fakerphp/faker/src/Faker/Generator.php(962): trigger_deprecation('fakerphp/faker', '1.14', 'Accessing property "%s" is deprecated, use "%s()" instead.', 'name', 'name')
 3 APPPATH/Database/Seeds/ClientSeeder.php(21): Faker\Generator->__get('name')
 4 SYSTEMPATH/Database/Seeder.php(155): App\Database\Seeds\ClientSeeder->run()
 5 APPPATH/Database/Seeds/MouvementSeeder.php(25): CodeIgniter\Database\Seeder->call('App\\Database\\Seeds\\ClientSeeder')
 6 SYSTEMPATH/Database/Seeder.php(155): App\Database\Seeds\MouvementSeeder->run()
 7 SYSTEMPATH/Commands/Database/Seed.php(79): CodeIgniter\Database\Seeder->call('App\\Database\\Seeds\\MouvementSeeder')
 8 SYSTEMPATH/CLI/Commands.php(72): CodeIgniter\Commands\Database\Seed->run([])
 9 SYSTEMPATH/CLI/Console.php(47): CodeIgniter\CLI\Commands->run('db:seed', [...])
10 SYSTEMPATH/Boot.php(444): CodeIgniter\CLI\Console->run()
11 SYSTEMPATH/Boot.php(166): CodeIgniter\Boot::runCommand(Object(CodeIgniter\CLI\Console))
12 ROOTPATH/spark(87): CodeIgniter\Boot::bootSpark(Object(Config\Paths))
WARNING - 2026-08-30 04:00:49 --> [DEPRECATED] Since fakerphp/faker 1.14: Accessing property "phoneNumber" is deprecated, use "phoneNumber()" instead. in VENDORPATH/symfony/deprecation-contracts/function.php on line 25.
 1 VENDORPATH/symfony/deprecation-contracts/function.php(25): trigger_error('Since fakerphp/faker 1.14: Accessing property "phoneNumber" is deprecated, use "phoneNumber()" instead.', 16384)
 2 VENDORPATH/fakerphp/faker/src/Faker/Generator.php(962): trigger_deprecation('fakerphp/faker', '1.14', 'Accessing property "%s" is deprecated, use "%s()" instead.', 'phoneNumber', 'phoneNumber')
 3 APPPATH/Database/Seeds/ClientSeeder.php(26): Faker\Generator->__get('phoneNumber')
 4 SYSTEMPATH/Database/Seeder.php(155): App\Database\Seeds\ClientSeeder->run()
 5 APPPATH/Database/Seeds/MouvementSeeder.php(25): CodeIgniter\Database\Seeder->call('App\\Database\\Seeds\\ClientSeeder')
 6 SYSTEMPATH/Database/Seeder.php(155): App\Database\Seeds\MouvementSeeder->run()
 7 SYSTEMPATH/Commands/Database/Seed.php(79): CodeIgniter\Database\Seeder->call('App\\Database\\Seeds\\MouvementSeeder')
 8 SYSTEMPATH/CLI/Commands.php(72): CodeIgniter\Commands\Database\Seed->run([])
 9 SYSTEMPATH/CLI/Console.php(47): CodeIgniter\CLI\Commands->run('db:seed', [...])
10 SYSTEMPATH/Boot.php(444): CodeIgniter\CLI\Console->run()
11 SYSTEMPATH/Boot.php(166): CodeIgniter\Boot::runCommand(Object(CodeIgniter\CLI\Console))
12 ROOTPATH/spark(87): CodeIgniter\Boot::bootSpark(Object(Config\Paths))
WARNING - 2026-08-30 04:00:49 --> [DEPRECATED] Since fakerphp/faker 1.14: Accessing property "address" is deprecated, use "address()" instead. in VENDORPATH/symfony/deprecation-contracts/function.php on line 25.
 1 VENDORPATH/symfony/deprecation-contracts/function.php(25): trigger_error('Since fakerphp/faker 1.14: Accessing property "address" is deprecated, use "address()" instead.', 16384)
 2 VENDORPATH/fakerphp/faker/src/Faker/Generator.php(962): trigger_deprecation('fakerphp/faker', '1.14', 'Accessing property "%s" is deprecated, use "%s()" instead.', 'address', 'address')
 3 APPPATH/Database/Seeds/ClientSeeder.php(27): Faker\Generator->__get('address')
 4 SYSTEMPATH/Database/Seeder.php(155): App\Database\Seeds\ClientSeeder->run()
 5 APPPATH/Database/Seeds/MouvementSeeder.php(25): CodeIgniter\Database\Seeder->call('App\\Database\\Seeds\\ClientSeeder')
 6 SYSTEMPATH/Database/Seeder.php(155): App\Database\Seeds\MouvementSeeder->run()
 7 SYSTEMPATH/Commands/Database/Seed.php(79): CodeIgniter\Database\Seeder->call('App\\Database\\Seeds\\MouvementSeeder')
 8 SYSTEMPATH/CLI/Commands.php(72): CodeIgniter\Commands\Database\Seed->run([])
 9 SYSTEMPATH/CLI/Console.php(47): CodeIgniter\CLI\Commands->run('db:seed', [...])
10 SYSTEMPATH/Boot.php(444): CodeIgniter\CLI\Console->run()
11 SYSTEMPATH/Boot.php(166): CodeIgniter\Boot::runCommand(Object(CodeIgniter\CLI\Console))
12 ROOTPATH/spark(87): CodeIgniter\Boot::bootSpark(Object(Config\Paths))
WARNING - 2026-08-30 04:00:49 --> [DEPRECATED] Since fakerphp/faker 1.14: Accessing property "company" is deprecated, use "company()" instead. in VENDORPATH/symfony/deprecation-contracts/function.php on line 25.
 1 VENDORPATH/symfony/deprecation-contracts/function.php(25): trigger_error('Since fakerphp/faker 1.14: Accessing property "company" is deprecated, use "company()" instead.', 16384)
 2 VENDORPATH/fakerphp/faker/src/Faker/Generator.php(962): trigger_deprecation('fakerphp/faker', '1.14', 'Accessing property "%s" is deprecated, use "%s()" instead.', 'company', 'company')
 3 APPPATH/Database/Seeds/ClientSeeder.php(18): Faker\Generator->__get('company')
 4 SYSTEMPATH/Database/Seeder.php(155): App\Database\Seeds\ClientSeeder->run()
 5 APPPATH/Database/Seeds/MouvementSeeder.php(25): CodeIgniter\Database\Seeder->call('App\\Database\\Seeds\\ClientSeeder')
 6 SYSTEMPATH/Database/Seeder.php(155): App\Database\Seeds\MouvementSeeder->run()
 7 SYSTEMPATH/Commands/Database/Seed.php(79): CodeIgniter\Database\Seeder->call('App\\Database\\Seeds\\MouvementSeeder')
 8 SYSTEMPATH/CLI/Commands.php(72): CodeIgniter\Commands\Database\Seed->run([])
 9 SYSTEMPATH/CLI/Console.php(47): CodeIgniter\CLI\Commands->run('db:seed', [...])
10 SYSTEMPATH/Boot.php(444): CodeIgniter\CLI\Console->run()
11 SYSTEMPATH/Boot.php(166): CodeIgniter\Boot::runCommand(Object(CodeIgniter\CLI\Console))
12 ROOTPATH/spark(87): CodeIgniter\Boot::bootSpark(Object(Config\Paths))
WARNING - 2026-08-30 04:00:49 --> [DEPRECATED] Since fakerphp/faker 1.14: Accessing property "phoneNumber" is deprecated, use "phoneNumber()" instead. in VENDORPATH/symfony/deprecation-contracts/function.php on line 25.
 1 VENDORPATH/symfony/deprecation-contracts/function.php(25): trigger_error('Since fakerphp/faker 1.14: Accessing property "phoneNumber" is deprecated, use "phoneNumber()" instead.', 16384)
 2 VENDORPATH/fakerphp/faker/src/Faker/Generator.php(962): trigger_deprecation('fakerphp/faker', '1.14', 'Accessing property "%s" is deprecated, use "%s()" instead.', 'phoneNumber', 'phoneNumber')
 3 APPPATH/Database/Seeds/ClientSeeder.php(26): Faker\Generator->__get('phoneNumber')
 4 SYSTEMPATH/Database/Seeder.php(155): App\Database\Seeds\ClientSeeder->run()
 5 APPPATH/Database/Seeds/MouvementSeeder.php(25): CodeIgniter\Database\Seeder->call('App\\Database\\Seeds\\ClientSeeder')
 6 SYSTEMPATH/Database/Seeder.php(155): App\Database\Seeds\MouvementSeeder->run()
 7 SYSTEMPATH/Commands/Database/Seed.php(79): CodeIgniter\Database\Seeder->call('App\\Database\\Seeds\\MouvementSeeder')
 8 SYSTEMPATH/CLI/Commands.php(72): CodeIgniter\Commands\Database\Seed->run([])
 9 SYSTEMPATH/CLI/Console.php(47): CodeIgniter\CLI\Commands->run('db:seed', [...])
10 SYSTEMPATH/Boot.php(444): CodeIgniter\CLI\Console->run()
11 SYSTEMPATH/Boot.php(166): CodeIgniter\Boot::runCommand(Object(CodeIgniter\CLI\Console))
12 ROOTPATH/spark(87): CodeIgniter\Boot::bootSpark(Object(Config\Paths))
WARNING - 2026-08-30 04:00:49 --> [DEPRECATED] Since fakerphp/faker 1.14: Accessing property "address" is deprecated, use "address()" instead. in VENDORPATH/symfony/deprecation-contracts/function.php on line 25.
 1 VENDORPATH/symfony/deprecation-contracts/function.php(25): trigger_error('Since fakerphp/faker 1.14: Accessing property "address" is deprecated, use "address()" instead.', 16384)
 2 VENDORPATH/fakerphp/faker/src/Faker/Generator.php(962): trigger_deprecation('fakerphp/faker', '1.14', 'Accessing property "%s" is deprecated, use "%s()" instead.', 'address', 'address')
 3 APPPATH/Database/Seeds/ClientSeeder.php(27): Faker\Generator->__get('address')
 4 SYSTEMPATH/Database/Seeder.php(155): App\Database\Seeds\ClientSeeder->run()
 5 APPPATH/Database/Seeds/MouvementSeeder.php(25): CodeIgniter\Database\Seeder->call('App\\Database\\Seeds\\ClientSeeder')
 6 SYSTEMPATH/Database/Seeder.php(155): App\Database\Seeds\MouvementSeeder->run()
 7 SYSTEMPATH/Commands/Database/Seed.php(79): CodeIgniter\Database\Seeder->call('App\\Database\\Seeds\\MouvementSeeder')
 8 SYSTEMPATH/CLI/Commands.php(72): CodeIgniter\Commands\Database\Seed->run([])
 9 SYSTEMPATH/CLI/Console.php(47): CodeIgniter\CLI\Commands->run('db:seed', [...])
10 SYSTEMPATH/Boot.php(444): CodeIgniter\CLI\Console->run()
11 SYSTEMPATH/Boot.php(166): CodeIgniter\Boot::runCommand(Object(CodeIgniter\CLI\Console))
12 ROOTPATH/spark(87): CodeIgniter\Boot::bootSpark(Object(Config\Paths))
WARNING - 2026-08-30 04:00:49 --> [DEPRECATED] Since fakerphp/faker 1.14: Accessing property "company" is deprecated, use "company()" instead. in VENDORPATH/symfony/deprecation-contracts/function.php on line 25.
 1 VENDORPATH/symfony/deprecation-contracts/function.php(25): trigger_error('Since fakerphp/faker 1.14: Accessing property "company" is deprecated, use "company()" instead.', 16384)
 2 VENDORPATH/fakerphp/faker/src/Faker/Generator.php(962): trigger_deprecation('fakerphp/faker', '1.14', 'Accessing property "%s" is deprecated, use "%s()" instead.', 'company', 'company')
 3 APPPATH/Database/Seeds/ClientSeeder.php(18): Faker\Generator->__get('company')
 4 SYSTEMPATH/Database/Seeder.php(155): App\Database\Seeds\ClientSeeder->run()
 5 APPPATH/Database/Seeds/MouvementSeeder.php(25): CodeIgniter\Database\Seeder->call('App\\Database\\Seeds\\ClientSeeder')
 6 SYSTEMPATH/Database/Seeder.php(155): App\Database\Seeds\MouvementSeeder->run()
 7 SYSTEMPATH/Commands/Database/Seed.php(79): CodeIgniter\Database\Seeder->call('App\\Database\\Seeds\\MouvementSeeder')
 8 SYSTEMPATH/CLI/Commands.php(72): CodeIgniter\Commands\Database\Seed->run([])
 9 SYSTEMPATH/CLI/Console.php(47): CodeIgniter\CLI\Commands->run('db:seed', [...])
10 SYSTEMPATH/Boot.php(444): CodeIgniter\CLI\Console->run()
11 SYSTEMPATH/Boot.php(166): CodeIgniter\Boot::runCommand(Object(CodeIgniter\CLI\Console))
12 ROOTPATH/spark(87): CodeIgniter\Boot::bootSpark(Object(Config\Paths))
WARNING - 2026-08-30 04:00:49 --> [DEPRECATED] Since fakerphp/faker 1.14: Accessing property "phoneNumber" is deprecated, use "phoneNumber()" instead. in VENDORPATH/symfony/deprecation-contracts/function.php on line 25.
 1 VENDORPATH/symfony/deprecation-contracts/function.php(25): trigger_error('Since fakerphp/faker 1.14: Accessing property "phoneNumber" is deprecated, use "phoneNumber()" instead.', 16384)
 2 VENDORPATH/fakerphp/faker/src/Faker/Generator.php(962): trigger_deprecation('fakerphp/faker', '1.14', 'Accessing property "%s" is deprecated, use "%s()" instead.', 'phoneNumber', 'phoneNumber')
 3 APPPATH/Database/Seeds/ClientSeeder.php(26): Faker\Generator->__get('phoneNumber')
 4 SYSTEMPATH/Database/Seeder.php(155): App\Database\Seeds\ClientSeeder->run()
 5 APPPATH/Database/Seeds/MouvementSeeder.php(25): CodeIgniter\Database\Seeder->call('App\\Database\\Seeds\\ClientSeeder')
 6 SYSTEMPATH/Database/Seeder.php(155): App\Database\Seeds\MouvementSeeder->run()
 7 SYSTEMPATH/Commands/Database/Seed.php(79): CodeIgniter\Database\Seeder->call('App\\Database\\Seeds\\MouvementSeeder')
 8 SYSTEMPATH/CLI/Commands.php(72): CodeIgniter\Commands\Database\Seed->run([])
 9 SYSTEMPATH/CLI/Console.php(47): CodeIgniter\CLI\Commands->run('db:seed', [...])
10 SYSTEMPATH/Boot.php(444): CodeIgniter\CLI\Console->run()
11 SYSTEMPATH/Boot.php(166): CodeIgniter\Boot::runCommand(Object(CodeIgniter\CLI\Console))
12 ROOTPATH/spark(87): CodeIgniter\Boot::bootSpark(Object(Config\Paths))
WARNING - 2026-08-30 04:00:49 --> [DEPRECATED] Since fakerphp/faker 1.14: Accessing property "address" is deprecated, use "address()" instead. in VENDORPATH/symfony/deprecation-contracts/function.php on line 25.
 1 VENDORPATH/symfony/deprecation-contracts/function.php(25): trigger_error('Since fakerphp/faker 1.14: Accessing property "address" is deprecated, use "address()" instead.', 16384)
 2 VENDORPATH/fakerphp/faker/src/Faker/Generator.php(962): trigger_deprecation('fakerphp/faker', '1.14', 'Accessing property "%s" is deprecated, use "%s()" instead.', 'address', 'address')
 3 APPPATH/Database/Seeds/ClientSeeder.php(27): Faker\Generator->__get('address')
 4 SYSTEMPATH/Database/Seeder.php(155): App\Database\Seeds\ClientSeeder->run()
 5 APPPATH/Database/Seeds/MouvementSeeder.php(25): CodeIgniter\Database\Seeder->call('App\\Database\\Seeds\\ClientSeeder')
 6 SYSTEMPATH/Database/Seeder.php(155): App\Database\Seeds\MouvementSeeder->run()
 7 SYSTEMPATH/Commands/Database/Seed.php(79): CodeIgniter\Database\Seeder->call('App\\Database\\Seeds\\MouvementSeeder')
 8 SYSTEMPATH/CLI/Commands.php(72): CodeIgniter\Commands\Database\Seed->run([])
 9 SYSTEMPATH/CLI/Console.php(47): CodeIgniter\CLI\Commands->run('db:seed', [...])
10 SYSTEMPATH/Boot.php(444): CodeIgniter\CLI\Console->run()
11 SYSTEMPATH/Boot.php(166): CodeIgniter\Boot::runCommand(Object(CodeIgniter\CLI\Console))
12 ROOTPATH/spark(87): CodeIgniter\Boot::bootSpark(Object(Config\Paths))
WARNING - 2026-08-30 04:00:49 --> [DEPRECATED] Since fakerphp/faker 1.14: Accessing property "company" is deprecated, use "company()" instead. in VENDORPATH/symfony/deprecation-contracts/function.php on line 25.
 1 VENDORPATH/symfony/deprecation-contracts/function.php(25): trigger_error('Since fakerphp/faker 1.14: Accessing property "company" is deprecated, use "company()" instead.', 16384)
 2 VENDORPATH/fakerphp/faker/src/Faker/Generator.php(962): trigger_deprecation('fakerphp/faker', '1.14', 'Accessing property "%s" is deprecated, use "%s()" instead.', 'company', 'company')
 3 APPPATH/Database/Seeds/ClientSeeder.php(18): Faker\Generator->__get('company')
 4 SYSTEMPATH/Database/Seeder.php(155): App\Database\Seeds\ClientSeeder->run()
 5 APPPATH/Database/Seeds/MouvementSeeder.php(25): CodeIgniter\Database\Seeder->call('App\\Database\\Seeds\\ClientSeeder')
 6 SYSTEMPATH/Database/Seeder.php(155): App\Database\Seeds\MouvementSeeder->run()
 7 SYSTEMPATH/Commands/Database/Seed.php(79): CodeIgniter\Database\Seeder->call('App\\Database\\Seeds\\MouvementSeeder')
 8 SYSTEMPATH/CLI/Commands.php(72): CodeIgniter\Commands\Database\Seed->run([])
 9 SYSTEMPATH/CLI/Console.php(47): CodeIgniter\CLI\Commands->run('db:seed', [...])
10 SYSTEMPATH/Boot.php(444): CodeIgniter\CLI\Console->run()
11 SYSTEMPATH/Boot.php(166): CodeIgniter\Boot::runCommand(Object(CodeIgniter\CLI\Console))
12 ROOTPATH/spark(87): CodeIgniter\Boot::bootSpark(Object(Config\Paths))
WARNING - 2026-08-30 04:00:49 --> [DEPRECATED] Since fakerphp/faker 1.14: Accessing property "name" is deprecated, use "name()" instead. in VENDORPATH/symfony/deprecation-contracts/function.php on line 25.
 1 VENDORPATH/symfony/deprecation-contracts/function.php(25): trigger_error('Since fakerphp/faker 1.14: Accessing property "name" is deprecated, use "name()" instead.', 16384)
 2 VENDORPATH/fakerphp/faker/src/Faker/Generator.php(962): trigger_deprecation('fakerphp/faker', '1.14', 'Accessing property "%s" is deprecated, use "%s()" instead.', 'name', 'name')
 3 APPPATH/Database/Seeds/ClientSeeder.php(21): Faker\Generator->__get('name')
 4 SYSTEMPATH/Database/Seeder.php(155): App\Database\Seeds\ClientSeeder->run()
 5 APPPATH/Database/Seeds/MouvementSeeder.php(25): CodeIgniter\Database\Seeder->call('App\\Database\\Seeds\\ClientSeeder')
 6 SYSTEMPATH/Database/Seeder.php(155): App\Database\Seeds\MouvementSeeder->run()
 7 SYSTEMPATH/Commands/Database/Seed.php(79): CodeIgniter\Database\Seeder->call('App\\Database\\Seeds\\MouvementSeeder')
 8 SYSTEMPATH/CLI/Commands.php(72): CodeIgniter\Commands\Database\Seed->run([])
 9 SYSTEMPATH/CLI/Console.php(47): CodeIgniter\CLI\Commands->run('db:seed', [...])
10 SYSTEMPATH/Boot.php(444): CodeIgniter\CLI\Console->run()
11 SYSTEMPATH/Boot.php(166): CodeIgniter\Boot::runCommand(Object(CodeIgniter\CLI\Console))
12 ROOTPATH/spark(87): CodeIgniter\Boot::bootSpark(Object(Config\Paths))
WARNING - 2026-08-30 04:00:49 --> [DEPRECATED] Since fakerphp/faker 1.14: Accessing property "phoneNumber" is deprecated, use "phoneNumber()" instead. in VENDORPATH/symfony/deprecation-contracts/function.php on line 25.
 1 VENDORPATH/symfony/deprecation-contracts/function.php(25): trigger_error('Since fakerphp/faker 1.14: Accessing property "phoneNumber" is deprecated, use "phoneNumber()" instead.', 16384)
 2 VENDORPATH/fakerphp/faker/src/Faker/Generator.php(962): trigger_deprecation('fakerphp/faker', '1.14', 'Accessing property "%s" is deprecated, use "%s()" instead.', 'phoneNumber', 'phoneNumber')
 3 APPPATH/Database/Seeds/ClientSeeder.php(26): Faker\Generator->__get('phoneNumber')
 4 SYSTEMPATH/Database/Seeder.php(155): App\Database\Seeds\ClientSeeder->run()
 5 APPPATH/Database/Seeds/MouvementSeeder.php(25): CodeIgniter\Database\Seeder->call('App\\Database\\Seeds\\ClientSeeder')
 6 SYSTEMPATH/Database/Seeder.php(155): App\Database\Seeds\MouvementSeeder->run()
 7 SYSTEMPATH/Commands/Database/Seed.php(79): CodeIgniter\Database\Seeder->call('App\\Database\\Seeds\\MouvementSeeder')
 8 SYSTEMPATH/CLI/Commands.php(72): CodeIgniter\Commands\Database\Seed->run([])
 9 SYSTEMPATH/CLI/Console.php(47): CodeIgniter\CLI\Commands->run('db:seed', [...])
10 SYSTEMPATH/Boot.php(444): CodeIgniter\CLI\Console->run()
11 SYSTEMPATH/Boot.php(166): CodeIgniter\Boot::runCommand(Object(CodeIgniter\CLI\Console))
12 ROOTPATH/spark(87): CodeIgniter\Boot::bootSpark(Object(Config\Paths))
WARNING - 2026-08-30 04:00:49 --> [DEPRECATED] Since fakerphp/faker 1.14: Accessing property "address" is deprecated, use "address()" instead. in VENDORPATH/symfony/deprecation-contracts/function.php on line 25.
 1 VENDORPATH/symfony/deprecation-contracts/function.php(25): trigger_error('Since fakerphp/faker 1.14: Accessing property "address" is deprecated, use "address()" instead.', 16384)
 2 VENDORPATH/fakerphp/faker/src/Faker/Generator.php(962): trigger_deprecation('fakerphp/faker', '1.14', 'Accessing property "%s" is deprecated, use "%s()" instead.', 'address', 'address')
 3 APPPATH/Database/Seeds/ClientSeeder.php(27): Faker\Generator->__get('address')
 4 SYSTEMPATH/Database/Seeder.php(155): App\Database\Seeds\ClientSeeder->run()
 5 APPPATH/Database/Seeds/MouvementSeeder.php(25): CodeIgniter\Database\Seeder->call('App\\Database\\Seeds\\ClientSeeder')
 6 SYSTEMPATH/Database/Seeder.php(155): App\Database\Seeds\MouvementSeeder->run()
 7 SYSTEMPATH/Commands/Database/Seed.php(79): CodeIgniter\Database\Seeder->call('App\\Database\\Seeds\\MouvementSeeder')
 8 SYSTEMPATH/CLI/Commands.php(72): CodeIgniter\Commands\Database\Seed->run([])
 9 SYSTEMPATH/CLI/Console.php(47): CodeIgniter\CLI\Commands->run('db:seed', [...])
10 SYSTEMPATH/Boot.php(444): CodeIgniter\CLI\Console->run()
11 SYSTEMPATH/Boot.php(166): CodeIgniter\Boot::runCommand(Object(CodeIgniter\CLI\Console))
12 ROOTPATH/spark(87): CodeIgniter\Boot::bootSpark(Object(Config\Paths))
WARNING - 2026-08-30 04:00:49 --> [DEPRECATED] Since fakerphp/faker 1.14: Accessing property "company" is deprecated, use "company()" instead. in VENDORPATH/symfony/deprecation-contracts/function.php on line 25.
 1 VENDORPATH/symfony/deprecation-contracts/function.php(25): trigger_error('Since fakerphp/faker 1.14: Accessing property "company" is deprecated, use "company()" instead.', 16384)
 2 VENDORPATH/fakerphp/faker/src/Faker/Generator.php(962): trigger_deprecation('fakerphp/faker', '1.14', 'Accessing property "%s" is deprecated, use "%s()" instead.', 'company', 'company')
 3 APPPATH/Database/Seeds/ClientSeeder.php(18): Faker\Generator->__get('company')
 4 SYSTEMPATH/Database/Seeder.php(155): App\Database\Seeds\ClientSeeder->run()
 5 APPPATH/Database/Seeds/MouvementSeeder.php(25): CodeIgniter\Database\Seeder->call('App\\Database\\Seeds\\ClientSeeder')
 6 SYSTEMPATH/Database/Seeder.php(155): App\Database\Seeds\MouvementSeeder->run()
 7 SYSTEMPATH/Commands/Database/Seed.php(79): CodeIgniter\Database\Seeder->call('App\\Database\\Seeds\\MouvementSeeder')
 8 SYSTEMPATH/CLI/Commands.php(72): CodeIgniter\Commands\Database\Seed->run([])
 9 SYSTEMPATH/CLI/Console.php(47): CodeIgniter\CLI\Commands->run('db:seed', [...])
10 SYSTEMPATH/Boot.php(444): CodeIgniter\CLI\Console->run()
11 SYSTEMPATH/Boot.php(166): CodeIgniter\Boot::runCommand(Object(CodeIgniter\CLI\Console))
12 ROOTPATH/spark(87): CodeIgniter\Boot::bootSpark(Object(Config\Paths))
WARNING - 2026-08-30 04:00:49 --> [DEPRECATED] Since fakerphp/faker 1.14: Accessing property "phoneNumber" is deprecated, use "phoneNumber()" instead. in VENDORPATH/symfony/deprecation-contracts/function.php on line 25.
 1 VENDORPATH/symfony/deprecation-contracts/function.php(25): trigger_error('Since fakerphp/faker 1.14: Accessing property "phoneNumber" is deprecated, use "phoneNumber()" instead.', 16384)
 2 VENDORPATH/fakerphp/faker/src/Faker/Generator.php(962): trigger_deprecation('fakerphp/faker', '1.14', 'Accessing property "%s" is deprecated, use "%s()" instead.', 'phoneNumber', 'phoneNumber')
 3 APPPATH/Database/Seeds/ClientSeeder.php(26): Faker\Generator->__get('phoneNumber')
 4 SYSTEMPATH/Database/Seeder.php(155): App\Database\Seeds\ClientSeeder->run()
 5 APPPATH/Database/Seeds/MouvementSeeder.php(25): CodeIgniter\Database\Seeder->call('App\\Database\\Seeds\\ClientSeeder')
 6 SYSTEMPATH/Database/Seeder.php(155): App\Database\Seeds\MouvementSeeder->run()
 7 SYSTEMPATH/Commands/Database/Seed.php(79): CodeIgniter\Database\Seeder->call('App\\Database\\Seeds\\MouvementSeeder')
 8 SYSTEMPATH/CLI/Commands.php(72): CodeIgniter\Commands\Database\Seed->run([])
 9 SYSTEMPATH/CLI/Console.php(47): CodeIgniter\CLI\Commands->run('db:seed', [...])
10 SYSTEMPATH/Boot.php(444): CodeIgniter\CLI\Console->run()
11 SYSTEMPATH/Boot.php(166): CodeIgniter\Boot::runCommand(Object(CodeIgniter\CLI\Console))
12 ROOTPATH/spark(87): CodeIgniter\Boot::bootSpark(Object(Config\Paths))
WARNING - 2026-08-30 04:00:49 --> [DEPRECATED] Since fakerphp/faker 1.14: Accessing property "address" is deprecated, use "address()" instead. in VENDORPATH/symfony/deprecation-contracts/function.php on line 25.
 1 VENDORPATH/symfony/deprecation-contracts/function.php(25): trigger_error('Since fakerphp/faker 1.14: Accessing property "address" is deprecated, use "address()" instead.', 16384)
 2 VENDORPATH/fakerphp/faker/src/Faker/Generator.php(962): trigger_deprecation('fakerphp/faker', '1.14', 'Accessing property "%s" is deprecated, use "%s()" instead.', 'address', 'address')
 3 APPPATH/Database/Seeds/ClientSeeder.php(27): Faker\Generator->__get('address')
 4 SYSTEMPATH/Database/Seeder.php(155): App\Database\Seeds\ClientSeeder->run()
 5 APPPATH/Database/Seeds/MouvementSeeder.php(25): CodeIgniter\Database\Seeder->call('App\\Database\\Seeds\\ClientSeeder')
 6 SYSTEMPATH/Database/Seeder.php(155): App\Database\Seeds\MouvementSeeder->run()
 7 SYSTEMPATH/Commands/Database/Seed.php(79): CodeIgniter\Database\Seeder->call('App\\Database\\Seeds\\MouvementSeeder')
 8 SYSTEMPATH/CLI/Commands.php(72): CodeIgniter\Commands\Database\Seed->run([])
 9 SYSTEMPATH/CLI/Console.php(47): CodeIgniter\CLI\Commands->run('db:seed', [...])
10 SYSTEMPATH/Boot.php(444): CodeIgniter\CLI\Console->run()
11 SYSTEMPATH/Boot.php(166): CodeIgniter\Boot::runCommand(Object(CodeIgniter\CLI\Console))
12 ROOTPATH/spark(87): CodeIgniter\Boot::bootSpark(Object(Config\Paths))
WARNING - 2026-08-30 04:00:49 --> [DEPRECATED] Since fakerphp/faker 1.14: Accessing property "company" is deprecated, use "company()" instead. in VENDORPATH/symfony/deprecation-contracts/function.php on line 25.
 1 VENDORPATH/symfony/deprecation-contracts/function.php(25): trigger_error('Since fakerphp/faker 1.14: Accessing property "company" is deprecated, use "company()" instead.', 16384)
 2 VENDORPATH/fakerphp/faker/src/Faker/Generator.php(962): trigger_deprecation('fakerphp/faker', '1.14', 'Accessing property "%s" is deprecated, use "%s()" instead.', 'company', 'company')
 3 APPPATH/Database/Seeds/ClientSeeder.php(18): Faker\Generator->__get('company')
 4 SYSTEMPATH/Database/Seeder.php(155): App\Database\Seeds\ClientSeeder->run()
 5 APPPATH/Database/Seeds/MouvementSeeder.php(25): CodeIgniter\Database\Seeder->call('App\\Database\\Seeds\\ClientSeeder')
 6 SYSTEMPATH/Database/Seeder.php(155): App\Database\Seeds\MouvementSeeder->run()
 7 SYSTEMPATH/Commands/Database/Seed.php(79): CodeIgniter\Database\Seeder->call('App\\Database\\Seeds\\MouvementSeeder')
 8 SYSTEMPATH/CLI/Commands.php(72): CodeIgniter\Commands\Database\Seed->run([])
 9 SYSTEMPATH/CLI/Console.php(47): CodeIgniter\CLI\Commands->run('db:seed', [...])
10 SYSTEMPATH/Boot.php(444): CodeIgniter\CLI\Console->run()
11 SYSTEMPATH/Boot.php(166): CodeIgniter\Boot::runCommand(Object(CodeIgniter\CLI\Console))
12 ROOTPATH/spark(87): CodeIgniter\Boot::bootSpark(Object(Config\Paths))
WARNING - 2026-08-30 04:00:49 --> [DEPRECATED] Since fakerphp/faker 1.14: Accessing property "phoneNumber" is deprecated, use "phoneNumber()" instead. in VENDORPATH/symfony/deprecation-contracts/function.php on line 25.
 1 VENDORPATH/symfony/deprecation-contracts/function.php(25): trigger_error('Since fakerphp/faker 1.14: Accessing property "phoneNumber" is deprecated, use "phoneNumber()" instead.', 16384)
 2 VENDORPATH/fakerphp/faker/src/Faker/Generator.php(962): trigger_deprecation('fakerphp/faker', '1.14', 'Accessing property "%s" is deprecated, use "%s()" instead.', 'phoneNumber', 'phoneNumber')
 3 APPPATH/Database/Seeds/ClientSeeder.php(26): Faker\Generator->__get('phoneNumber')
 4 SYSTEMPATH/Database/Seeder.php(155): App\Database\Seeds\ClientSeeder->run()
 5 APPPATH/Database/Seeds/MouvementSeeder.php(25): CodeIgniter\Database\Seeder->call('App\\Database\\Seeds\\ClientSeeder')
 6 SYSTEMPATH/Database/Seeder.php(155): App\Database\Seeds\MouvementSeeder->run()
 7 SYSTEMPATH/Commands/Database/Seed.php(79): CodeIgniter\Database\Seeder->call('App\\Database\\Seeds\\MouvementSeeder')
 8 SYSTEMPATH/CLI/Commands.php(72): CodeIgniter\Commands\Database\Seed->run([])
 9 SYSTEMPATH/CLI/Console.php(47): CodeIgniter\CLI\Commands->run('db:seed', [...])
10 SYSTEMPATH/Boot.php(444): CodeIgniter\CLI\Console->run()
11 SYSTEMPATH/Boot.php(166): CodeIgniter\Boot::runCommand(Object(CodeIgniter\CLI\Console))
12 ROOTPATH/spark(87): CodeIgniter\Boot::bootSpark(Object(Config\Paths))
WARNING - 2026-08-30 04:00:49 --> [DEPRECATED] Since fakerphp/faker 1.14: Accessing property "address" is deprecated, use "address()" instead. in VENDORPATH/symfony/deprecation-contracts/function.php on line 25.
 1 VENDORPATH/symfony/deprecation-contracts/function.php(25): trigger_error('Since fakerphp/faker 1.14: Accessing property "address" is deprecated, use "address()" instead.', 16384)
 2 VENDORPATH/fakerphp/faker/src/Faker/Generator.php(962): trigger_deprecation('fakerphp/faker', '1.14', 'Accessing property "%s" is deprecated, use "%s()" instead.', 'address', 'address')
 3 APPPATH/Database/Seeds/ClientSeeder.php(27): Faker\Generator->__get('address')
 4 SYSTEMPATH/Database/Seeder.php(155): App\Database\Seeds\ClientSeeder->run()
 5 APPPATH/Database/Seeds/MouvementSeeder.php(25): CodeIgniter\Database\Seeder->call('App\\Database\\Seeds\\ClientSeeder')
 6 SYSTEMPATH/Database/Seeder.php(155): App\Database\Seeds\MouvementSeeder->run()
 7 SYSTEMPATH/Commands/Database/Seed.php(79): CodeIgniter\Database\Seeder->call('App\\Database\\Seeds\\MouvementSeeder')
 8 SYSTEMPATH/CLI/Commands.php(72): CodeIgniter\Commands\Database\Seed->run([])
 9 SYSTEMPATH/CLI/Console.php(47): CodeIgniter\CLI\Commands->run('db:seed', [...])
10 SYSTEMPATH/Boot.php(444): CodeIgniter\CLI\Console->run()
11 SYSTEMPATH/Boot.php(166): CodeIgniter\Boot::runCommand(Object(CodeIgniter\CLI\Console))
12 ROOTPATH/spark(87): CodeIgniter\Boot::bootSpark(Object(Config\Paths))
WARNING - 2026-08-30 04:00:49 --> [DEPRECATED] Since fakerphp/faker 1.14: Accessing property "company" is deprecated, use "company()" instead. in VENDORPATH/symfony/deprecation-contracts/function.php on line 25.
 1 VENDORPATH/symfony/deprecation-contracts/function.php(25): trigger_error('Since fakerphp/faker 1.14: Accessing property "company" is deprecated, use "company()" instead.', 16384)
 2 VENDORPATH/fakerphp/faker/src/Faker/Generator.php(962): trigger_deprecation('fakerphp/faker', '1.14', 'Accessing property "%s" is deprecated, use "%s()" instead.', 'company', 'company')
 3 APPPATH/Database/Seeds/ClientSeeder.php(18): Faker\Generator->__get('company')
 4 SYSTEMPATH/Database/Seeder.php(155): App\Database\Seeds\ClientSeeder->run()
 5 APPPATH/Database/Seeds/MouvementSeeder.php(25): CodeIgniter\Database\Seeder->call('App\\Database\\Seeds\\ClientSeeder')
 6 SYSTEMPATH/Database/Seeder.php(155): App\Database\Seeds\MouvementSeeder->run()
 7 SYSTEMPATH/Commands/Database/Seed.php(79): CodeIgniter\Database\Seeder->call('App\\Database\\Seeds\\MouvementSeeder')
 8 SYSTEMPATH/CLI/Commands.php(72): CodeIgniter\Commands\Database\Seed->run([])
 9 SYSTEMPATH/CLI/Console.php(47): CodeIgniter\CLI\Commands->run('db:seed', [...])
10 SYSTEMPATH/Boot.php(444): CodeIgniter\CLI\Console->run()
11 SYSTEMPATH/Boot.php(166): CodeIgniter\Boot::runCommand(Object(CodeIgniter\CLI\Console))
12 ROOTPATH/spark(87): CodeIgniter\Boot::bootSpark(Object(Config\Paths))
WARNING - 2026-08-30 04:00:49 --> [DEPRECATED] Since fakerphp/faker 1.14: Accessing property "name" is deprecated, use "name()" instead. in VENDORPATH/symfony/deprecation-contracts/function.php on line 25.
 1 VENDORPATH/symfony/deprecation-contracts/function.php(25): trigger_error('Since fakerphp/faker 1.14: Accessing property "name" is deprecated, use "name()" instead.', 16384)
 2 VENDORPATH/fakerphp/faker/src/Faker/Generator.php(962): trigger_deprecation('fakerphp/faker', '1.14', 'Accessing property "%s" is deprecated, use "%s()" instead.', 'name', 'name')
 3 APPPATH/Database/Seeds/ClientSeeder.php(21): Faker\Generator->__get('name')
 4 SYSTEMPATH/Database/Seeder.php(155): App\Database\Seeds\ClientSeeder->run()
 5 APPPATH/Database/Seeds/MouvementSeeder.php(25): CodeIgniter\Database\Seeder->call('App\\Database\\Seeds\\ClientSeeder')
 6 SYSTEMPATH/Database/Seeder.php(155): App\Database\Seeds\MouvementSeeder->run()
 7 SYSTEMPATH/Commands/Database/Seed.php(79): CodeIgniter\Database\Seeder->call('App\\Database\\Seeds\\MouvementSeeder')
 8 SYSTEMPATH/CLI/Commands.php(72): CodeIgniter\Commands\Database\Seed->run([])
 9 SYSTEMPATH/CLI/Console.php(47): CodeIgniter\CLI\Commands->run('db:seed', [...])
10 SYSTEMPATH/Boot.php(444): CodeIgniter\CLI\Console->run()
11 SYSTEMPATH/Boot.php(166): CodeIgniter\Boot::runCommand(Object(CodeIgniter\CLI\Console))
12 ROOTPATH/spark(87): CodeIgniter\Boot::bootSpark(Object(Config\Paths))
WARNING - 2026-08-30 04:00:49 --> [DEPRECATED] Since fakerphp/faker 1.14: Accessing property "phoneNumber" is deprecated, use "phoneNumber()" instead. in VENDORPATH/symfony/deprecation-contracts/function.php on line 25.
 1 VENDORPATH/symfony/deprecation-contracts/function.php(25): trigger_error('Since fakerphp/faker 1.14: Accessing property "phoneNumber" is deprecated, use "phoneNumber()" instead.', 16384)
 2 VENDORPATH/fakerphp/faker/src/Faker/Generator.php(962): trigger_deprecation('fakerphp/faker', '1.14', 'Accessing property "%s" is deprecated, use "%s()" instead.', 'phoneNumber', 'phoneNumber')
 3 APPPATH/Database/Seeds/ClientSeeder.php(26): Faker\Generator->__get('phoneNumber')
 4 SYSTEMPATH/Database/Seeder.php(155): App\Database\Seeds\ClientSeeder->run()
 5 APPPATH/Database/Seeds/MouvementSeeder.php(25): CodeIgniter\Database\Seeder->call('App\\Database\\Seeds\\ClientSeeder')
 6 SYSTEMPATH/Database/Seeder.php(155): App\Database\Seeds\MouvementSeeder->run()
 7 SYSTEMPATH/Commands/Database/Seed.php(79): CodeIgniter\Database\Seeder->call('App\\Database\\Seeds\\MouvementSeeder')
 8 SYSTEMPATH/CLI/Commands.php(72): CodeIgniter\Commands\Database\Seed->run([])
 9 SYSTEMPATH/CLI/Console.php(47): CodeIgniter\CLI\Commands->run('db:seed', [...])
10 SYSTEMPATH/Boot.php(444): CodeIgniter\CLI\Console->run()
11 SYSTEMPATH/Boot.php(166): CodeIgniter\Boot::runCommand(Object(CodeIgniter\CLI\Console))
12 ROOTPATH/spark(87): CodeIgniter\Boot::bootSpark(Object(Config\Paths))
WARNING - 2026-08-30 04:00:49 --> [DEPRECATED] Since fakerphp/faker 1.14: Accessing property "address" is deprecated, use "address()" instead. in VENDORPATH/symfony/deprecation-contracts/function.php on line 25.
 1 VENDORPATH/symfony/deprecation-contracts/function.php(25): trigger_error('Since fakerphp/faker 1.14: Accessing property "address" is deprecated, use "address()" instead.', 16384)
 2 VENDORPATH/fakerphp/faker/src/Faker/Generator.php(962): trigger_deprecation('fakerphp/faker', '1.14', 'Accessing property "%s" is deprecated, use "%s()" instead.', 'address', 'address')
 3 APPPATH/Database/Seeds/ClientSeeder.php(27): Faker\Generator->__get('address')
 4 SYSTEMPATH/Database/Seeder.php(155): App\Database\Seeds\ClientSeeder->run()
 5 APPPATH/Database/Seeds/MouvementSeeder.php(25): CodeIgniter\Database\Seeder->call('App\\Database\\Seeds\\ClientSeeder')
 6 SYSTEMPATH/Database/Seeder.php(155): App\Database\Seeds\MouvementSeeder->run()
 7 SYSTEMPATH/Commands/Database/Seed.php(79): CodeIgniter\Database\Seeder->call('App\\Database\\Seeds\\MouvementSeeder')
 8 SYSTEMPATH/CLI/Commands.php(72): CodeIgniter\Commands\Database\Seed->run([])
 9 SYSTEMPATH/CLI/Console.php(47): CodeIgniter\CLI\Commands->run('db:seed', [...])
10 SYSTEMPATH/Boot.php(444): CodeIgniter\CLI\Console->run()
11 SYSTEMPATH/Boot.php(166): CodeIgniter\Boot::runCommand(Object(CodeIgniter\CLI\Console))
12 ROOTPATH/spark(87): CodeIgniter\Boot::bootSpark(Object(Config\Paths))
WARNING - 2026-08-30 04:00:49 --> [DEPRECATED] Since fakerphp/faker 1.14: Accessing property "company" is deprecated, use "company()" instead. in VENDORPATH/symfony/deprecation-contracts/function.php on line 25.
 1 VENDORPATH/symfony/deprecation-contracts/function.php(25): trigger_error('Since fakerphp/faker 1.14: Accessing property "company" is deprecated, use "company()" instead.', 16384)
 2 VENDORPATH/fakerphp/faker/src/Faker/Generator.php(962): trigger_deprecation('fakerphp/faker', '1.14', 'Accessing property "%s" is deprecated, use "%s()" instead.', 'company', 'company')
 3 APPPATH/Database/Seeds/ClientSeeder.php(18): Faker\Generator->__get('company')
 4 SYSTEMPATH/Database/Seeder.php(155): App\Database\Seeds\ClientSeeder->run()
 5 APPPATH/Database/Seeds/MouvementSeeder.php(25): CodeIgniter\Database\Seeder->call('App\\Database\\Seeds\\ClientSeeder')
 6 SYSTEMPATH/Database/Seeder.php(155): App\Database\Seeds\MouvementSeeder->run()
 7 SYSTEMPATH/Commands/Database/Seed.php(79): CodeIgniter\Database\Seeder->call('App\\Database\\Seeds\\MouvementSeeder')
 8 SYSTEMPATH/CLI/Commands.php(72): CodeIgniter\Commands\Database\Seed->run([])
 9 SYSTEMPATH/CLI/Console.php(47): CodeIgniter\CLI\Commands->run('db:seed', [...])
10 SYSTEMPATH/Boot.php(444): CodeIgniter\CLI\Console->run()
11 SYSTEMPATH/Boot.php(166): CodeIgniter\Boot::runCommand(Object(CodeIgniter\CLI\Console))
12 ROOTPATH/spark(87): CodeIgniter\Boot::bootSpark(Object(Config\Paths))
WARNING - 2026-08-30 04:00:49 --> [DEPRECATED] Since fakerphp/faker 1.14: Accessing property "phoneNumber" is deprecated, use "phoneNumber()" instead. in VENDORPATH/symfony/deprecation-contracts/function.php on line 25.
 1 VENDORPATH/symfony/deprecation-contracts/function.php(25): trigger_error('Since fakerphp/faker 1.14: Accessing property "phoneNumber" is deprecated, use "phoneNumber()" instead.', 16384)
 2 VENDORPATH/fakerphp/faker/src/Faker/Generator.php(962): trigger_deprecation('fakerphp/faker', '1.14', 'Accessing property "%s" is deprecated, use "%s()" instead.', 'phoneNumber', 'phoneNumber')
 3 APPPATH/Database/Seeds/ClientSeeder.php(26): Faker\Generator->__get('phoneNumber')
 4 SYSTEMPATH/Database/Seeder.php(155): App\Database\Seeds\ClientSeeder->run()
 5 APPPATH/Database/Seeds/MouvementSeeder.php(25): CodeIgniter\Database\Seeder->call('App\\Database\\Seeds\\ClientSeeder')
 6 SYSTEMPATH/Database/Seeder.php(155): App\Database\Seeds\MouvementSeeder->run()
 7 SYSTEMPATH/Commands/Database/Seed.php(79): CodeIgniter\Database\Seeder->call('App\\Database\\Seeds\\MouvementSeeder')
 8 SYSTEMPATH/CLI/Commands.php(72): CodeIgniter\Commands\Database\Seed->run([])
 9 SYSTEMPATH/CLI/Console.php(47): CodeIgniter\CLI\Commands->run('db:seed', [...])
10 SYSTEMPATH/Boot.php(444): CodeIgniter\CLI\Console->run()
11 SYSTEMPATH/Boot.php(166): CodeIgniter\Boot::runCommand(Object(CodeIgniter\CLI\Console))
12 ROOTPATH/spark(87): CodeIgniter\Boot::bootSpark(Object(Config\Paths))
WARNING - 2026-08-30 04:00:49 --> [DEPRECATED] Since fakerphp/faker 1.14: Accessing property "address" is deprecated, use "address()" instead. in VENDORPATH/symfony/deprecation-contracts/function.php on line 25.
 1 VENDORPATH/symfony/deprecation-contracts/function.php(25): trigger_error('Since fakerphp/faker 1.14: Accessing property "address" is deprecated, use "address()" instead.', 16384)
 2 VENDORPATH/fakerphp/faker/src/Faker/Generator.php(962): trigger_deprecation('fakerphp/faker', '1.14', 'Accessing property "%s" is deprecated, use "%s()" instead.', 'address', 'address')
 3 APPPATH/Database/Seeds/ClientSeeder.php(27): Faker\Generator->__get('address')
 4 SYSTEMPATH/Database/Seeder.php(155): App\Database\Seeds\ClientSeeder->run()
 5 APPPATH/Database/Seeds/MouvementSeeder.php(25): CodeIgniter\Database\Seeder->call('App\\Database\\Seeds\\ClientSeeder')
 6 SYSTEMPATH/Database/Seeder.php(155): App\Database\Seeds\MouvementSeeder->run()
 7 SYSTEMPATH/Commands/Database/Seed.php(79): CodeIgniter\Database\Seeder->call('App\\Database\\Seeds\\MouvementSeeder')
 8 SYSTEMPATH/CLI/Commands.php(72): CodeIgniter\Commands\Database\Seed->run([])
 9 SYSTEMPATH/CLI/Console.php(47): CodeIgniter\CLI\Commands->run('db:seed', [...])
10 SYSTEMPATH/Boot.php(444): CodeIgniter\CLI\Console->run()
11 SYSTEMPATH/Boot.php(166): CodeIgniter\Boot::runCommand(Object(CodeIgniter\CLI\Console))
12 ROOTPATH/spark(87): CodeIgniter\Boot::bootSpark(Object(Config\Paths))
WARNING - 2026-08-30 04:00:49 --> [DEPRECATED] Since fakerphp/faker 1.14: Accessing property "company" is deprecated, use "company()" instead. in VENDORPATH/symfony/deprecation-contracts/function.php on line 25.
 1 VENDORPATH/symfony/deprecation-contracts/function.php(25): trigger_error('Since fakerphp/faker 1.14: Accessing property "company" is deprecated, use "company()" instead.', 16384)
 2 VENDORPATH/fakerphp/faker/src/Faker/Generator.php(962): trigger_deprecation('fakerphp/faker', '1.14', 'Accessing property "%s" is deprecated, use "%s()" instead.', 'company', 'company')
 3 APPPATH/Database/Seeds/ClientSeeder.php(18): Faker\Generator->__get('company')
 4 SYSTEMPATH/Database/Seeder.php(155): App\Database\Seeds\ClientSeeder->run()
 5 APPPATH/Database/Seeds/MouvementSeeder.php(25): CodeIgniter\Database\Seeder->call('App\\Database\\Seeds\\ClientSeeder')
 6 SYSTEMPATH/Database/Seeder.php(155): App\Database\Seeds\MouvementSeeder->run()
 7 SYSTEMPATH/Commands/Database/Seed.php(79): CodeIgniter\Database\Seeder->call('App\\Database\\Seeds\\MouvementSeeder')
 8 SYSTEMPATH/CLI/Commands.php(72): CodeIgniter\Commands\Database\Seed->run([])
 9 SYSTEMPATH/CLI/Console.php(47): CodeIgniter\CLI\Commands->run('db:seed', [...])
10 SYSTEMPATH/Boot.php(444): CodeIgniter\CLI\Console->run()
11 SYSTEMPATH/Boot.php(166): CodeIgniter\Boot::runCommand(Object(CodeIgniter\CLI\Console))
12 ROOTPATH/spark(87): CodeIgniter\Boot::bootSpark(Object(Config\Paths))
WARNING - 2026-08-30 04:00:49 --> [DEPRECATED] Since fakerphp/faker 1.14: Accessing property "phoneNumber" is deprecated, use "phoneNumber()" instead. in VENDORPATH/symfony/deprecation-contracts/function.php on line 25.
 1 VENDORPATH/symfony/deprecation-contracts/function.php(25): trigger_error('Since fakerphp/faker 1.14: Accessing property "phoneNumber" is deprecated, use "phoneNumber()" instead.', 16384)
 2 VENDORPATH/fakerphp/faker/src/Faker/Generator.php(962): trigger_deprecation('fakerphp/faker', '1.14', 'Accessing property "%s" is deprecated, use "%s()" instead.', 'phoneNumber', 'phoneNumber')
 3 APPPATH/Database/Seeds/ClientSeeder.php(26): Faker\Generator->__get('phoneNumber')
 4 SYSTEMPATH/Database/Seeder.php(155): App\Database\Seeds\ClientSeeder->run()
 5 APPPATH/Database/Seeds/MouvementSeeder.php(25): CodeIgniter\Database\Seeder->call('App\\Database\\Seeds\\ClientSeeder')
 6 SYSTEMPATH/Database/Seeder.php(155): App\Database\Seeds\MouvementSeeder->run()
 7 SYSTEMPATH/Commands/Database/Seed.php(79): CodeIgniter\Database\Seeder->call('App\\Database\\Seeds\\MouvementSeeder')
 8 SYSTEMPATH/CLI/Commands.php(72): CodeIgniter\Commands\Database\Seed->run([])
 9 SYSTEMPATH/CLI/Console.php(47): CodeIgniter\CLI\Commands->run('db:seed', [...])
10 SYSTEMPATH/Boot.php(444): CodeIgniter\CLI\Console->run()
11 SYSTEMPATH/Boot.php(166): CodeIgniter\Boot::runCommand(Object(CodeIgniter\CLI\Console))
12 ROOTPATH/spark(87): CodeIgniter\Boot::bootSpark(Object(Config\Paths))
WARNING - 2026-08-30 04:00:49 --> [DEPRECATED] Since fakerphp/faker 1.14: Accessing property "address" is deprecated, use "address()" instead. in VENDORPATH/symfony/deprecation-contracts/function.php on line 25.
 1 VENDORPATH/symfony/deprecation-contracts/function.php(25): trigger_error('Since fakerphp/faker 1.14: Accessing property "address" is deprecated, use "address()" instead.', 16384)
 2 VENDORPATH/fakerphp/faker/src/Faker/Generator.php(962): trigger_deprecation('fakerphp/faker', '1.14', 'Accessing property "%s" is deprecated, use "%s()" instead.', 'address', 'address')
 3 APPPATH/Database/Seeds/ClientSeeder.php(27): Faker\Generator->__get('address')
 4 SYSTEMPATH/Database/Seeder.php(155): App\Database\Seeds\ClientSeeder->run()
 5 APPPATH/Database/Seeds/MouvementSeeder.php(25): CodeIgniter\Database\Seeder->call('App\\Database\\Seeds\\ClientSeeder')
 6 SYSTEMPATH/Database/Seeder.php(155): App\Database\Seeds\MouvementSeeder->run()
 7 SYSTEMPATH/Commands/Database/Seed.php(79): CodeIgniter\Database\Seeder->call('App\\Database\\Seeds\\MouvementSeeder')
 8 SYSTEMPATH/CLI/Commands.php(72): CodeIgniter\Commands\Database\Seed->run([])
 9 SYSTEMPATH/CLI/Console.php(47): CodeIgniter\CLI\Commands->run('db:seed', [...])
10 SYSTEMPATH/Boot.php(444): CodeIgniter\CLI\Console->run()
11 SYSTEMPATH/Boot.php(166): CodeIgniter\Boot::runCommand(Object(CodeIgniter\CLI\Console))
12 ROOTPATH/spark(87): CodeIgniter\Boot::bootSpark(Object(Config\Paths))
WARNING - 2026-08-30 04:00:49 --> [DEPRECATED] Since fakerphp/faker 1.14: Accessing property "company" is deprecated, use "company()" instead. in VENDORPATH/symfony/deprecation-contracts/function.php on line 25.
 1 VENDORPATH/symfony/deprecation-contracts/function.php(25): trigger_error('Since fakerphp/faker 1.14: Accessing property "company" is deprecated, use "company()" instead.', 16384)
 2 VENDORPATH/fakerphp/faker/src/Faker/Generator.php(962): trigger_deprecation('fakerphp/faker', '1.14', 'Accessing property "%s" is deprecated, use "%s()" instead.', 'company', 'company')
 3 APPPATH/Database/Seeds/ClientSeeder.php(18): Faker\Generator->__get('company')
 4 SYSTEMPATH/Database/Seeder.php(155): App\Database\Seeds\ClientSeeder->run()
 5 APPPATH/Database/Seeds/MouvementSeeder.php(25): CodeIgniter\Database\Seeder->call('App\\Database\\Seeds\\ClientSeeder')
 6 SYSTEMPATH/Database/Seeder.php(155): App\Database\Seeds\MouvementSeeder->run()
 7 SYSTEMPATH/Commands/Database/Seed.php(79): CodeIgniter\Database\Seeder->call('App\\Database\\Seeds\\MouvementSeeder')
 8 SYSTEMPATH/CLI/Commands.php(72): CodeIgniter\Commands\Database\Seed->run([])
 9 SYSTEMPATH/CLI/Console.php(47): CodeIgniter\CLI\Commands->run('db:seed', [...])
10 SYSTEMPATH/Boot.php(444): CodeIgniter\CLI\Console->run()
11 SYSTEMPATH/Boot.php(166): CodeIgniter\Boot::runCommand(Object(CodeIgniter\CLI\Console))
12 ROOTPATH/spark(87): CodeIgniter\Boot::bootSpark(Object(Config\Paths))
WARNING - 2026-08-30 04:00:49 --> [DEPRECATED] Since fakerphp/faker 1.14: Accessing property "name" is deprecated, use "name()" instead. in VENDORPATH/symfony/deprecation-contracts/function.php on line 25.
 1 VENDORPATH/symfony/deprecation-contracts/function.php(25): trigger_error('Since fakerphp/faker 1.14: Accessing property "name" is deprecated, use "name()" instead.', 16384)
 2 VENDORPATH/fakerphp/faker/src/Faker/Generator.php(962): trigger_deprecation('fakerphp/faker', '1.14', 'Accessing property "%s" is deprecated, use "%s()" instead.', 'name', 'name')
 3 APPPATH/Database/Seeds/ClientSeeder.php(21): Faker\Generator->__get('name')
 4 SYSTEMPATH/Database/Seeder.php(155): App\Database\Seeds\ClientSeeder->run()
 5 APPPATH/Database/Seeds/MouvementSeeder.php(25): CodeIgniter\Database\Seeder->call('App\\Database\\Seeds\\ClientSeeder')
 6 SYSTEMPATH/Database/Seeder.php(155): App\Database\Seeds\MouvementSeeder->run()
 7 SYSTEMPATH/Commands/Database/Seed.php(79): CodeIgniter\Database\Seeder->call('App\\Database\\Seeds\\MouvementSeeder')
 8 SYSTEMPATH/CLI/Commands.php(72): CodeIgniter\Commands\Database\Seed->run([])
 9 SYSTEMPATH/CLI/Console.php(47): CodeIgniter\CLI\Commands->run('db:seed', [...])
10 SYSTEMPATH/Boot.php(444): CodeIgniter\CLI\Console->run()
11 SYSTEMPATH/Boot.php(166): CodeIgniter\Boot::runCommand(Object(CodeIgniter\CLI\Console))
12 ROOTPATH/spark(87): CodeIgniter\Boot::bootSpark(Object(Config\Paths))
WARNING - 2026-08-30 04:00:49 --> [DEPRECATED] Since fakerphp/faker 1.14: Accessing property "phoneNumber" is deprecated, use "phoneNumber()" instead. in VENDORPATH/symfony/deprecation-contracts/function.php on line 25.
 1 VENDORPATH/symfony/deprecation-contracts/function.php(25): trigger_error('Since fakerphp/faker 1.14: Accessing property "phoneNumber" is deprecated, use "phoneNumber()" instead.', 16384)
 2 VENDORPATH/fakerphp/faker/src/Faker/Generator.php(962): trigger_deprecation('fakerphp/faker', '1.14', 'Accessing property "%s" is deprecated, use "%s()" instead.', 'phoneNumber', 'phoneNumber')
 3 APPPATH/Database/Seeds/ClientSeeder.php(26): Faker\Generator->__get('phoneNumber')
 4 SYSTEMPATH/Database/Seeder.php(155): App\Database\Seeds\ClientSeeder->run()
 5 APPPATH/Database/Seeds/MouvementSeeder.php(25): CodeIgniter\Database\Seeder->call('App\\Database\\Seeds\\ClientSeeder')
 6 SYSTEMPATH/Database/Seeder.php(155): App\Database\Seeds\MouvementSeeder->run()
 7 SYSTEMPATH/Commands/Database/Seed.php(79): CodeIgniter\Database\Seeder->call('App\\Database\\Seeds\\MouvementSeeder')
 8 SYSTEMPATH/CLI/Commands.php(72): CodeIgniter\Commands\Database\Seed->run([])
 9 SYSTEMPATH/CLI/Console.php(47): CodeIgniter\CLI\Commands->run('db:seed', [...])
10 SYSTEMPATH/Boot.php(444): CodeIgniter\CLI\Console->run()
11 SYSTEMPATH/Boot.php(166): CodeIgniter\Boot::runCommand(Object(CodeIgniter\CLI\Console))
12 ROOTPATH/spark(87): CodeIgniter\Boot::bootSpark(Object(Config\Paths))
WARNING - 2026-08-30 04:00:49 --> [DEPRECATED] Since fakerphp/faker 1.14: Accessing property "address" is deprecated, use "address()" instead. in VENDORPATH/symfony/deprecation-contracts/function.php on line 25.
 1 VENDORPATH/symfony/deprecation-contracts/function.php(25): trigger_error('Since fakerphp/faker 1.14: Accessing property "address" is deprecated, use "address()" instead.', 16384)
 2 VENDORPATH/fakerphp/faker/src/Faker/Generator.php(962): trigger_deprecation('fakerphp/faker', '1.14', 'Accessing property "%s" is deprecated, use "%s()" instead.', 'address', 'address')
 3 APPPATH/Database/Seeds/ClientSeeder.php(27): Faker\Generator->__get('address')
 4 SYSTEMPATH/Database/Seeder.php(155): App\Database\Seeds\ClientSeeder->run()
 5 APPPATH/Database/Seeds/MouvementSeeder.php(25): CodeIgniter\Database\Seeder->call('App\\Database\\Seeds\\ClientSeeder')
 6 SYSTEMPATH/Database/Seeder.php(155): App\Database\Seeds\MouvementSeeder->run()
 7 SYSTEMPATH/Commands/Database/Seed.php(79): CodeIgniter\Database\Seeder->call('App\\Database\\Seeds\\MouvementSeeder')
 8 SYSTEMPATH/CLI/Commands.php(72): CodeIgniter\Commands\Database\Seed->run([])
 9 SYSTEMPATH/CLI/Console.php(47): CodeIgniter\CLI\Commands->run('db:seed', [...])
10 SYSTEMPATH/Boot.php(444): CodeIgniter\CLI\Console->run()
11 SYSTEMPATH/Boot.php(166): CodeIgniter\Boot::runCommand(Object(CodeIgniter\CLI\Console))
12 ROOTPATH/spark(87): CodeIgniter\Boot::bootSpark(Object(Config\Paths))
WARNING - 2026-08-30 04:00:49 --> [DEPRECATED] Since fakerphp/faker 1.14: Accessing property "company" is deprecated, use "company()" instead. in VENDORPATH/symfony/deprecation-contracts/function.php on line 25.
 1 VENDORPATH/symfony/deprecation-contracts/function.php(25): trigger_error('Since fakerphp/faker 1.14: Accessing property "company" is deprecated, use "company()" instead.', 16384)
 2 VENDORPATH/fakerphp/faker/src/Faker/Generator.php(962): trigger_deprecation('fakerphp/faker', '1.14', 'Accessing property "%s" is deprecated, use "%s()" instead.', 'company', 'company')
 3 APPPATH/Database/Seeds/ClientSeeder.php(18): Faker\Generator->__get('company')
 4 SYSTEMPATH/Database/Seeder.php(155): App\Database\Seeds\ClientSeeder->run()
 5 APPPATH/Database/Seeds/MouvementSeeder.php(25): CodeIgniter\Database\Seeder->call('App\\Database\\Seeds\\ClientSeeder')
 6 SYSTEMPATH/Database/Seeder.php(155): App\Database\Seeds\MouvementSeeder->run()
 7 SYSTEMPATH/Commands/Database/Seed.php(79): CodeIgniter\Database\Seeder->call('App\\Database\\Seeds\\MouvementSeeder')
 8 SYSTEMPATH/CLI/Commands.php(72): CodeIgniter\Commands\Database\Seed->run([])
 9 SYSTEMPATH/CLI/Console.php(47): CodeIgniter\CLI\Commands->run('db:seed', [...])
10 SYSTEMPATH/Boot.php(444): CodeIgniter\CLI\Console->run()
11 SYSTEMPATH/Boot.php(166): CodeIgniter\Boot::runCommand(Object(CodeIgniter\CLI\Console))
12 ROOTPATH/spark(87): CodeIgniter\Boot::bootSpark(Object(Config\Paths))
WARNING - 2026-08-30 04:00:49 --> [DEPRECATED] Since fakerphp/faker 1.14: Accessing property "phoneNumber" is deprecated, use "phoneNumber()" instead. in VENDORPATH/symfony/deprecation-contracts/function.php on line 25.
 1 VENDORPATH/symfony/deprecation-contracts/function.php(25): trigger_error('Since fakerphp/faker 1.14: Accessing property "phoneNumber" is deprecated, use "phoneNumber()" instead.', 16384)
 2 VENDORPATH/fakerphp/faker/src/Faker/Generator.php(962): trigger_deprecation('fakerphp/faker', '1.14', 'Accessing property "%s" is deprecated, use "%s()" instead.', 'phoneNumber', 'phoneNumber')
 3 APPPATH/Database/Seeds/ClientSeeder.php(26): Faker\Generator->__get('phoneNumber')
 4 SYSTEMPATH/Database/Seeder.php(155): App\Database\Seeds\ClientSeeder->run()
 5 APPPATH/Database/Seeds/MouvementSeeder.php(25): CodeIgniter\Database\Seeder->call('App\\Database\\Seeds\\ClientSeeder')
 6 SYSTEMPATH/Database/Seeder.php(155): App\Database\Seeds\MouvementSeeder->run()
 7 SYSTEMPATH/Commands/Database/Seed.php(79): CodeIgniter\Database\Seeder->call('App\\Database\\Seeds\\MouvementSeeder')
 8 SYSTEMPATH/CLI/Commands.php(72): CodeIgniter\Commands\Database\Seed->run([])
 9 SYSTEMPATH/CLI/Console.php(47): CodeIgniter\CLI\Commands->run('db:seed', [...])
10 SYSTEMPATH/Boot.php(444): CodeIgniter\CLI\Console->run()
11 SYSTEMPATH/Boot.php(166): CodeIgniter\Boot::runCommand(Object(CodeIgniter\CLI\Console))
12 ROOTPATH/spark(87): CodeIgniter\Boot::bootSpark(Object(Config\Paths))
WARNING - 2026-08-30 04:00:49 --> [DEPRECATED] Since fakerphp/faker 1.14: Accessing property "address" is deprecated, use "address()" instead. in VENDORPATH/symfony/deprecation-contracts/function.php on line 25.
 1 VENDORPATH/symfony/deprecation-contracts/function.php(25): trigger_error('Since fakerphp/faker 1.14: Accessing property "address" is deprecated, use "address()" instead.', 16384)
 2 VENDORPATH/fakerphp/faker/src/Faker/Generator.php(962): trigger_deprecation('fakerphp/faker', '1.14', 'Accessing property "%s" is deprecated, use "%s()" instead.', 'address', 'address')
 3 APPPATH/Database/Seeds/ClientSeeder.php(27): Faker\Generator->__get('address')
 4 SYSTEMPATH/Database/Seeder.php(155): App\Database\Seeds\ClientSeeder->run()
 5 APPPATH/Database/Seeds/MouvementSeeder.php(25): CodeIgniter\Database\Seeder->call('App\\Database\\Seeds\\ClientSeeder')
 6 SYSTEMPATH/Database/Seeder.php(155): App\Database\Seeds\MouvementSeeder->run()
 7 SYSTEMPATH/Commands/Database/Seed.php(79): CodeIgniter\Database\Seeder->call('App\\Database\\Seeds\\MouvementSeeder')
 8 SYSTEMPATH/CLI/Commands.php(72): CodeIgniter\Commands\Database\Seed->run([])
 9 SYSTEMPATH/CLI/Console.php(47): CodeIgniter\CLI\Commands->run('db:seed', [...])
10 SYSTEMPATH/Boot.php(444): CodeIgniter\CLI\Console->run()
11 SYSTEMPATH/Boot.php(166): CodeIgniter\Boot::runCommand(Object(CodeIgniter\CLI\Console))
12 ROOTPATH/spark(87): CodeIgniter\Boot::bootSpark(Object(Config\Paths))
WARNING - 2026-08-30 04:00:49 --> [DEPRECATED] Since fakerphp/faker 1.14: Accessing property "company" is deprecated, use "company()" instead. in VENDORPATH/symfony/deprecation-contracts/function.php on line 25.
 1 VENDORPATH/symfony/deprecation-contracts/function.php(25): trigger_error('Since fakerphp/faker 1.14: Accessing property "company" is deprecated, use "company()" instead.', 16384)
 2 VENDORPATH/fakerphp/faker/src/Faker/Generator.php(962): trigger_deprecation('fakerphp/faker', '1.14', 'Accessing property "%s" is deprecated, use "%s()" instead.', 'company', 'company')
 3 APPPATH/Database/Seeds/ClientSeeder.php(18): Faker\Generator->__get('company')
 4 SYSTEMPATH/Database/Seeder.php(155): App\Database\Seeds\ClientSeeder->run()
 5 APPPATH/Database/Seeds/MouvementSeeder.php(25): CodeIgniter\Database\Seeder->call('App\\Database\\Seeds\\ClientSeeder')
 6 SYSTEMPATH/Database/Seeder.php(155): App\Database\Seeds\MouvementSeeder->run()
 7 SYSTEMPATH/Commands/Database/Seed.php(79): CodeIgniter\Database\Seeder->call('App\\Database\\Seeds\\MouvementSeeder')
 8 SYSTEMPATH/CLI/Commands.php(72): CodeIgniter\Commands\Database\Seed->run([])
 9 SYSTEMPATH/CLI/Console.php(47): CodeIgniter\CLI\Commands->run('db:seed', [...])
10 SYSTEMPATH/Boot.php(444): CodeIgniter\CLI\Console->run()
11 SYSTEMPATH/Boot.php(166): CodeIgniter\Boot::runCommand(Object(CodeIgniter\CLI\Console))
12 ROOTPATH/spark(87): CodeIgniter\Boot::bootSpark(Object(Config\Paths))
WARNING - 2026-08-30 04:00:49 --> [DEPRECATED] Since fakerphp/faker 1.14: Accessing property "phoneNumber" is deprecated, use "phoneNumber()" instead. in VENDORPATH/symfony/deprecation-contracts/function.php on line 25.
 1 VENDORPATH/symfony/deprecation-contracts/function.php(25): trigger_error('Since fakerphp/faker 1.14: Accessing property "phoneNumber" is deprecated, use "phoneNumber()" instead.', 16384)
 2 VENDORPATH/fakerphp/faker/src/Faker/Generator.php(962): trigger_deprecation('fakerphp/faker', '1.14', 'Accessing property "%s" is deprecated, use "%s()" instead.', 'phoneNumber', 'phoneNumber')
 3 APPPATH/Database/Seeds/ClientSeeder.php(26): Faker\Generator->__get('phoneNumber')
 4 SYSTEMPATH/Database/Seeder.php(155): App\Database\Seeds\ClientSeeder->run()
 5 APPPATH/Database/Seeds/MouvementSeeder.php(25): CodeIgniter\Database\Seeder->call('App\\Database\\Seeds\\ClientSeeder')
 6 SYSTEMPATH/Database/Seeder.php(155): App\Database\Seeds\MouvementSeeder->run()
 7 SYSTEMPATH/Commands/Database/Seed.php(79): CodeIgniter\Database\Seeder->call('App\\Database\\Seeds\\MouvementSeeder')
 8 SYSTEMPATH/CLI/Commands.php(72): CodeIgniter\Commands\Database\Seed->run([])
 9 SYSTEMPATH/CLI/Console.php(47): CodeIgniter\CLI\Commands->run('db:seed', [...])
10 SYSTEMPATH/Boot.php(444): CodeIgniter\CLI\Console->run()
11 SYSTEMPATH/Boot.php(166): CodeIgniter\Boot::runCommand(Object(CodeIgniter\CLI\Console))
12 ROOTPATH/spark(87): CodeIgniter\Boot::bootSpark(Object(Config\Paths))
WARNING - 2026-08-30 04:00:49 --> [DEPRECATED] Since fakerphp/faker 1.14: Accessing property "address" is deprecated, use "address()" instead. in VENDORPATH/symfony/deprecation-contracts/function.php on line 25.
 1 VENDORPATH/symfony/deprecation-contracts/function.php(25): trigger_error('Since fakerphp/faker 1.14: Accessing property "address" is deprecated, use "address()" instead.', 16384)
 2 VENDORPATH/fakerphp/faker/src/Faker/Generator.php(962): trigger_deprecation('fakerphp/faker', '1.14', 'Accessing property "%s" is deprecated, use "%s()" instead.', 'address', 'address')
 3 APPPATH/Database/Seeds/ClientSeeder.php(27): Faker\Generator->__get('address')
 4 SYSTEMPATH/Database/Seeder.php(155): App\Database\Seeds\ClientSeeder->run()
 5 APPPATH/Database/Seeds/MouvementSeeder.php(25): CodeIgniter\Database\Seeder->call('App\\Database\\Seeds\\ClientSeeder')
 6 SYSTEMPATH/Database/Seeder.php(155): App\Database\Seeds\MouvementSeeder->run()
 7 SYSTEMPATH/Commands/Database/Seed.php(79): CodeIgniter\Database\Seeder->call('App\\Database\\Seeds\\MouvementSeeder')
 8 SYSTEMPATH/CLI/Commands.php(72): CodeIgniter\Commands\Database\Seed->run([])
 9 SYSTEMPATH/CLI/Console.php(47): CodeIgniter\CLI\Commands->run('db:seed', [...])
10 SYSTEMPATH/Boot.php(444): CodeIgniter\CLI\Console->run()
11 SYSTEMPATH/Boot.php(166): CodeIgniter\Boot::runCommand(Object(CodeIgniter\CLI\Console))
12 ROOTPATH/spark(87): CodeIgniter\Boot::bootSpark(Object(Config\Paths))
WARNING - 2026-08-30 04:00:49 --> [DEPRECATED] Since fakerphp/faker 1.14: Accessing property "company" is deprecated, use "company()" instead. in VENDORPATH/symfony/deprecation-contracts/function.php on line 25.
 1 VENDORPATH/symfony/deprecation-contracts/function.php(25): trigger_error('Since fakerphp/faker 1.14: Accessing property "company" is deprecated, use "company()" instead.', 16384)
 2 VENDORPATH/fakerphp/faker/src/Faker/Generator.php(962): trigger_deprecation('fakerphp/faker', '1.14', 'Accessing property "%s" is deprecated, use "%s()" instead.', 'company', 'company')
 3 APPPATH/Database/Seeds/ClientSeeder.php(18): Faker\Generator->__get('company')
 4 SYSTEMPATH/Database/Seeder.php(155): App\Database\Seeds\ClientSeeder->run()
 5 APPPATH/Database/Seeds/MouvementSeeder.php(25): CodeIgniter\Database\Seeder->call('App\\Database\\Seeds\\ClientSeeder')
 6 SYSTEMPATH/Database/Seeder.php(155): App\Database\Seeds\MouvementSeeder->run()
 7 SYSTEMPATH/Commands/Database/Seed.php(79): CodeIgniter\Database\Seeder->call('App\\Database\\Seeds\\MouvementSeeder')
 8 SYSTEMPATH/CLI/Commands.php(72): CodeIgniter\Commands\Database\Seed->run([])
 9 SYSTEMPATH/CLI/Console.php(47): CodeIgniter\CLI\Commands->run('db:seed', [...])
10 SYSTEMPATH/Boot.php(444): CodeIgniter\CLI\Console->run()
11 SYSTEMPATH/Boot.php(166): CodeIgniter\Boot::runCommand(Object(CodeIgniter\CLI\Console))
12 ROOTPATH/spark(87): CodeIgniter\Boot::bootSpark(Object(Config\Paths))
WARNING - 2026-08-30 04:00:49 --> [DEPRECATED] Since fakerphp/faker 1.14: Accessing property "name" is deprecated, use "name()" instead. in VENDORPATH/symfony/deprecation-contracts/function.php on line 25.
 1 VENDORPATH/symfony/deprecation-contracts/function.php(25): trigger_error('Since fakerphp/faker 1.14: Accessing property "name" is deprecated, use "name()" instead.', 16384)
 2 VENDORPATH/fakerphp/faker/src/Faker/Generator.php(962): trigger_deprecation('fakerphp/faker', '1.14', 'Accessing property "%s" is deprecated, use "%s()" instead.', 'name', 'name')
 3 APPPATH/Database/Seeds/ClientSeeder.php(21): Faker\Generator->__get('name')
 4 SYSTEMPATH/Database/Seeder.php(155): App\Database\Seeds\ClientSeeder->run()
 5 APPPATH/Database/Seeds/MouvementSeeder.php(25): CodeIgniter\Database\Seeder->call('App\\Database\\Seeds\\ClientSeeder')
 6 SYSTEMPATH/Database/Seeder.php(155): App\Database\Seeds\MouvementSeeder->run()
 7 SYSTEMPATH/Commands/Database/Seed.php(79): CodeIgniter\Database\Seeder->call('App\\Database\\Seeds\\MouvementSeeder')
 8 SYSTEMPATH/CLI/Commands.php(72): CodeIgniter\Commands\Database\Seed->run([])
 9 SYSTEMPATH/CLI/Console.php(47): CodeIgniter\CLI\Commands->run('db:seed', [...])
10 SYSTEMPATH/Boot.php(444): CodeIgniter\CLI\Console->run()
11 SYSTEMPATH/Boot.php(166): CodeIgniter\Boot::runCommand(Object(CodeIgniter\CLI\Console))
12 ROOTPATH/spark(87): CodeIgniter\Boot::bootSpark(Object(Config\Paths))
WARNING - 2026-08-30 04:00:49 --> [DEPRECATED] Since fakerphp/faker 1.14: Accessing property "phoneNumber" is deprecated, use "phoneNumber()" instead. in VENDORPATH/symfony/deprecation-contracts/function.php on line 25.
 1 VENDORPATH/symfony/deprecation-contracts/function.php(25): trigger_error('Since fakerphp/faker 1.14: Accessing property "phoneNumber" is deprecated, use "phoneNumber()" instead.', 16384)
 2 VENDORPATH/fakerphp/faker/src/Faker/Generator.php(962): trigger_deprecation('fakerphp/faker', '1.14', 'Accessing property "%s" is deprecated, use "%s()" instead.', 'phoneNumber', 'phoneNumber')
 3 APPPATH/Database/Seeds/ClientSeeder.php(26): Faker\Generator->__get('phoneNumber')
 4 SYSTEMPATH/Database/Seeder.php(155): App\Database\Seeds\ClientSeeder->run()
 5 APPPATH/Database/Seeds/MouvementSeeder.php(25): CodeIgniter\Database\Seeder->call('App\\Database\\Seeds\\ClientSeeder')
 6 SYSTEMPATH/Database/Seeder.php(155): App\Database\Seeds\MouvementSeeder->run()
 7 SYSTEMPATH/Commands/Database/Seed.php(79): CodeIgniter\Database\Seeder->call('App\\Database\\Seeds\\MouvementSeeder')
 8 SYSTEMPATH/CLI/Commands.php(72): CodeIgniter\Commands\Database\Seed->run([])
 9 SYSTEMPATH/CLI/Console.php(47): CodeIgniter\CLI\Commands->run('db:seed', [...])
10 SYSTEMPATH/Boot.php(444): CodeIgniter\CLI\Console->run()
11 SYSTEMPATH/Boot.php(166): CodeIgniter\Boot::runCommand(Object(CodeIgniter\CLI\Console))
12 ROOTPATH/spark(87): CodeIgniter\Boot::bootSpark(Object(Config\Paths))
WARNING - 2026-08-30 04:00:49 --> [DEPRECATED] Since fakerphp/faker 1.14: Accessing property "address" is deprecated, use "address()" instead. in VENDORPATH/symfony/deprecation-contracts/function.php on line 25.
 1 VENDORPATH/symfony/deprecation-contracts/function.php(25): trigger_error('Since fakerphp/faker 1.14: Accessing property "address" is deprecated, use "address()" instead.', 16384)
 2 VENDORPATH/fakerphp/faker/src/Faker/Generator.php(962): trigger_deprecation('fakerphp/faker', '1.14', 'Accessing property "%s" is deprecated, use "%s()" instead.', 'address', 'address')
 3 APPPATH/Database/Seeds/ClientSeeder.php(27): Faker\Generator->__get('address')
 4 SYSTEMPATH/Database/Seeder.php(155): App\Database\Seeds\ClientSeeder->run()
 5 APPPATH/Database/Seeds/MouvementSeeder.php(25): CodeIgniter\Database\Seeder->call('App\\Database\\Seeds\\ClientSeeder')
 6 SYSTEMPATH/Database/Seeder.php(155): App\Database\Seeds\MouvementSeeder->run()
 7 SYSTEMPATH/Commands/Database/Seed.php(79): CodeIgniter\Database\Seeder->call('App\\Database\\Seeds\\MouvementSeeder')
 8 SYSTEMPATH/CLI/Commands.php(72): CodeIgniter\Commands\Database\Seed->run([])
 9 SYSTEMPATH/CLI/Console.php(47): CodeIgniter\CLI\Commands->run('db:seed', [...])
10 SYSTEMPATH/Boot.php(444): CodeIgniter\CLI\Console->run()
11 SYSTEMPATH/Boot.php(166): CodeIgniter\Boot::runCommand(Object(CodeIgniter\CLI\Console))
12 ROOTPATH/spark(87): CodeIgniter\Boot::bootSpark(Object(Config\Paths))
WARNING - 2026-08-30 04:00:49 --> [DEPRECATED] Since fakerphp/faker 1.14: Accessing property "company" is deprecated, use "company()" instead. in VENDORPATH/symfony/deprecation-contracts/function.php on line 25.
 1 VENDORPATH/symfony/deprecation-contracts/function.php(25): trigger_error('Since fakerphp/faker 1.14: Accessing property "company" is deprecated, use "company()" instead.', 16384)
 2 VENDORPATH/fakerphp/faker/src/Faker/Generator.php(962): trigger_deprecation('fakerphp/faker', '1.14', 'Accessing property "%s" is deprecated, use "%s()" instead.', 'company', 'company')
 3 APPPATH/Database/Seeds/ClientSeeder.php(18): Faker\Generator->__get('company')
 4 SYSTEMPATH/Database/Seeder.php(155): App\Database\Seeds\ClientSeeder->run()
 5 APPPATH/Database/Seeds/MouvementSeeder.php(25): CodeIgniter\Database\Seeder->call('App\\Database\\Seeds\\ClientSeeder')
 6 SYSTEMPATH/Database/Seeder.php(155): App\Database\Seeds\MouvementSeeder->run()
 7 SYSTEMPATH/Commands/Database/Seed.php(79): CodeIgniter\Database\Seeder->call('App\\Database\\Seeds\\MouvementSeeder')
 8 SYSTEMPATH/CLI/Commands.php(72): CodeIgniter\Commands\Database\Seed->run([])
 9 SYSTEMPATH/CLI/Console.php(47): CodeIgniter\CLI\Commands->run('db:seed', [...])
10 SYSTEMPATH/Boot.php(444): CodeIgniter\CLI\Console->run()
11 SYSTEMPATH/Boot.php(166): CodeIgniter\Boot::runCommand(Object(CodeIgniter\CLI\Console))
12 ROOTPATH/spark(87): CodeIgniter\Boot::bootSpark(Object(Config\Paths))
WARNING - 2026-08-30 04:00:49 --> [DEPRECATED] Since fakerphp/faker 1.14: Accessing property "phoneNumber" is deprecated, use "phoneNumber()" instead. in VENDORPATH/symfony/deprecation-contracts/function.php on line 25.
 1 VENDORPATH/symfony/deprecation-contracts/function.php(25): trigger_error('Since fakerphp/faker 1.14: Accessing property "phoneNumber" is deprecated, use "phoneNumber()" instead.', 16384)
 2 VENDORPATH/fakerphp/faker/src/Faker/Generator.php(962): trigger_deprecation('fakerphp/faker', '1.14', 'Accessing property "%s" is deprecated, use "%s()" instead.', 'phoneNumber', 'phoneNumber')
 3 APPPATH/Database/Seeds/ClientSeeder.php(26): Faker\Generator->__get('phoneNumber')
 4 SYSTEMPATH/Database/Seeder.php(155): App\Database\Seeds\ClientSeeder->run()
 5 APPPATH/Database/Seeds/MouvementSeeder.php(25): CodeIgniter\Database\Seeder->call('App\\Database\\Seeds\\ClientSeeder')
 6 SYSTEMPATH/Database/Seeder.php(155): App\Database\Seeds\MouvementSeeder->run()
 7 SYSTEMPATH/Commands/Database/Seed.php(79): CodeIgniter\Database\Seeder->call('App\\Database\\Seeds\\MouvementSeeder')
 8 SYSTEMPATH/CLI/Commands.php(72): CodeIgniter\Commands\Database\Seed->run([])
 9 SYSTEMPATH/CLI/Console.php(47): CodeIgniter\CLI\Commands->run('db:seed', [...])
10 SYSTEMPATH/Boot.php(444): CodeIgniter\CLI\Console->run()
11 SYSTEMPATH/Boot.php(166): CodeIgniter\Boot::runCommand(Object(CodeIgniter\CLI\Console))
12 ROOTPATH/spark(87): CodeIgniter\Boot::bootSpark(Object(Config\Paths))
WARNING - 2026-08-30 04:00:49 --> [DEPRECATED] Since fakerphp/faker 1.14: Accessing property "address" is deprecated, use "address()" instead. in VENDORPATH/symfony/deprecation-contracts/function.php on line 25.
 1 VENDORPATH/symfony/deprecation-contracts/function.php(25): trigger_error('Since fakerphp/faker 1.14: Accessing property "address" is deprecated, use "address()" instead.', 16384)
 2 VENDORPATH/fakerphp/faker/src/Faker/Generator.php(962): trigger_deprecation('fakerphp/faker', '1.14', 'Accessing property "%s" is deprecated, use "%s()" instead.', 'address', 'address')
 3 APPPATH/Database/Seeds/ClientSeeder.php(27): Faker\Generator->__get('address')
 4 SYSTEMPATH/Database/Seeder.php(155): App\Database\Seeds\ClientSeeder->run()
 5 APPPATH/Database/Seeds/MouvementSeeder.php(25): CodeIgniter\Database\Seeder->call('App\\Database\\Seeds\\ClientSeeder')
 6 SYSTEMPATH/Database/Seeder.php(155): App\Database\Seeds\MouvementSeeder->run()
 7 SYSTEMPATH/Commands/Database/Seed.php(79): CodeIgniter\Database\Seeder->call('App\\Database\\Seeds\\MouvementSeeder')
 8 SYSTEMPATH/CLI/Commands.php(72): CodeIgniter\Commands\Database\Seed->run([])
 9 SYSTEMPATH/CLI/Console.php(47): CodeIgniter\CLI\Commands->run('db:seed', [...])
10 SYSTEMPATH/Boot.php(444): CodeIgniter\CLI\Console->run()
11 SYSTEMPATH/Boot.php(166): CodeIgniter\Boot::runCommand(Object(CodeIgniter\CLI\Console))
12 ROOTPATH/spark(87): CodeIgniter\Boot::bootSpark(Object(Config\Paths))
WARNING - 2026-08-30 04:00:49 --> [DEPRECATED] Since fakerphp/faker 1.14: Accessing property "company" is deprecated, use "company()" instead. in VENDORPATH/symfony/deprecation-contracts/function.php on line 25.
 1 VENDORPATH/symfony/deprecation-contracts/function.php(25): trigger_error('Since fakerphp/faker 1.14: Accessing property "company" is deprecated, use "company()" instead.', 16384)
 2 VENDORPATH/fakerphp/faker/src/Faker/Generator.php(962): trigger_deprecation('fakerphp/faker', '1.14', 'Accessing property "%s" is deprecated, use "%s()" instead.', 'company', 'company')
 3 APPPATH/Database/Seeds/ClientSeeder.php(18): Faker\Generator->__get('company')
 4 SYSTEMPATH/Database/Seeder.php(155): App\Database\Seeds\ClientSeeder->run()
 5 APPPATH/Database/Seeds/MouvementSeeder.php(25): CodeIgniter\Database\Seeder->call('App\\Database\\Seeds\\ClientSeeder')
 6 SYSTEMPATH/Database/Seeder.php(155): App\Database\Seeds\MouvementSeeder->run()
 7 SYSTEMPATH/Commands/Database/Seed.php(79): CodeIgniter\Database\Seeder->call('App\\Database\\Seeds\\MouvementSeeder')
 8 SYSTEMPATH/CLI/Commands.php(72): CodeIgniter\Commands\Database\Seed->run([])
 9 SYSTEMPATH/CLI/Console.php(47): CodeIgniter\CLI\Commands->run('db:seed', [...])
10 SYSTEMPATH/Boot.php(444): CodeIgniter\CLI\Console->run()
11 SYSTEMPATH/Boot.php(166): CodeIgniter\Boot::runCommand(Object(CodeIgniter\CLI\Console))
12 ROOTPATH/spark(87): CodeIgniter\Boot::bootSpark(Object(Config\Paths))
WARNING - 2026-08-30 04:00:49 --> [DEPRECATED] Since fakerphp/faker 1.14: Accessing property "phoneNumber" is deprecated, use "phoneNumber()" instead. in VENDORPATH/symfony/deprecation-contracts/function.php on line 25.
 1 VENDORPATH/symfony/deprecation-contracts/function.php(25): trigger_error('Since fakerphp/faker 1.14: Accessing property "phoneNumber" is deprecated, use "phoneNumber()" instead.', 16384)
 2 VENDORPATH/fakerphp/faker/src/Faker/Generator.php(962): trigger_deprecation('fakerphp/faker', '1.14', 'Accessing property "%s" is deprecated, use "%s()" instead.', 'phoneNumber', 'phoneNumber')
 3 APPPATH/Database/Seeds/ClientSeeder.php(26): Faker\Generator->__get('phoneNumber')
 4 SYSTEMPATH/Database/Seeder.php(155): App\Database\Seeds\ClientSeeder->run()
 5 APPPATH/Database/Seeds/MouvementSeeder.php(25): CodeIgniter\Database\Seeder->call('App\\Database\\Seeds\\ClientSeeder')
 6 SYSTEMPATH/Database/Seeder.php(155): App\Database\Seeds\MouvementSeeder->run()
 7 SYSTEMPATH/Commands/Database/Seed.php(79): CodeIgniter\Database\Seeder->call('App\\Database\\Seeds\\MouvementSeeder')
 8 SYSTEMPATH/CLI/Commands.php(72): CodeIgniter\Commands\Database\Seed->run([])
 9 SYSTEMPATH/CLI/Console.php(47): CodeIgniter\CLI\Commands->run('db:seed', [...])
10 SYSTEMPATH/Boot.php(444): CodeIgniter\CLI\Console->run()
11 SYSTEMPATH/Boot.php(166): CodeIgniter\Boot::runCommand(Object(CodeIgniter\CLI\Console))
12 ROOTPATH/spark(87): CodeIgniter\Boot::bootSpark(Object(Config\Paths))
WARNING - 2026-08-30 04:00:49 --> [DEPRECATED] Since fakerphp/faker 1.14: Accessing property "address" is deprecated, use "address()" instead. in VENDORPATH/symfony/deprecation-contracts/function.php on line 25.
 1 VENDORPATH/symfony/deprecation-contracts/function.php(25): trigger_error('Since fakerphp/faker 1.14: Accessing property "address" is deprecated, use "address()" instead.', 16384)
 2 VENDORPATH/fakerphp/faker/src/Faker/Generator.php(962): trigger_deprecation('fakerphp/faker', '1.14', 'Accessing property "%s" is deprecated, use "%s()" instead.', 'address', 'address')
 3 APPPATH/Database/Seeds/ClientSeeder.php(27): Faker\Generator->__get('address')
 4 SYSTEMPATH/Database/Seeder.php(155): App\Database\Seeds\ClientSeeder->run()
 5 APPPATH/Database/Seeds/MouvementSeeder.php(25): CodeIgniter\Database\Seeder->call('App\\Database\\Seeds\\ClientSeeder')
 6 SYSTEMPATH/Database/Seeder.php(155): App\Database\Seeds\MouvementSeeder->run()
 7 SYSTEMPATH/Commands/Database/Seed.php(79): CodeIgniter\Database\Seeder->call('App\\Database\\Seeds\\MouvementSeeder')
 8 SYSTEMPATH/CLI/Commands.php(72): CodeIgniter\Commands\Database\Seed->run([])
 9 SYSTEMPATH/CLI/Console.php(47): CodeIgniter\CLI\Commands->run('db:seed', [...])
10 SYSTEMPATH/Boot.php(444): CodeIgniter\CLI\Console->run()
11 SYSTEMPATH/Boot.php(166): CodeIgniter\Boot::runCommand(Object(CodeIgniter\CLI\Console))
12 ROOTPATH/spark(87): CodeIgniter\Boot::bootSpark(Object(Config\Paths))
WARNING - 2026-08-30 04:00:49 --> [DEPRECATED] Since fakerphp/faker 1.14: Accessing property "company" is deprecated, use "company()" instead. in VENDORPATH/symfony/deprecation-contracts/function.php on line 25.
 1 VENDORPATH/symfony/deprecation-contracts/function.php(25): trigger_error('Since fakerphp/faker 1.14: Accessing property "company" is deprecated, use "company()" instead.', 16384)
 2 VENDORPATH/fakerphp/faker/src/Faker/Generator.php(962): trigger_deprecation('fakerphp/faker', '1.14', 'Accessing property "%s" is deprecated, use "%s()" instead.', 'company', 'company')
 3 APPPATH/Database/Seeds/ClientSeeder.php(18): Faker\Generator->__get('company')
 4 SYSTEMPATH/Database/Seeder.php(155): App\Database\Seeds\ClientSeeder->run()
 5 APPPATH/Database/Seeds/MouvementSeeder.php(25): CodeIgniter\Database\Seeder->call('App\\Database\\Seeds\\ClientSeeder')
 6 SYSTEMPATH/Database/Seeder.php(155): App\Database\Seeds\MouvementSeeder->run()
 7 SYSTEMPATH/Commands/Database/Seed.php(79): CodeIgniter\Database\Seeder->call('App\\Database\\Seeds\\MouvementSeeder')
 8 SYSTEMPATH/CLI/Commands.php(72): CodeIgniter\Commands\Database\Seed->run([])
 9 SYSTEMPATH/CLI/Console.php(47): CodeIgniter\CLI\Commands->run('db:seed', [...])
10 SYSTEMPATH/Boot.php(444): CodeIgniter\CLI\Console->run()
11 SYSTEMPATH/Boot.php(166): CodeIgniter\Boot::runCommand(Object(CodeIgniter\CLI\Console))
12 ROOTPATH/spark(87): CodeIgniter\Boot::bootSpark(Object(Config\Paths))
WARNING - 2026-08-30 04:00:49 --> [DEPRECATED] Since fakerphp/faker 1.14: Accessing property "name" is deprecated, use "name()" instead. in VENDORPATH/symfony/deprecation-contracts/function.php on line 25.
 1 VENDORPATH/symfony/deprecation-contracts/function.php(25): trigger_error('Since fakerphp/faker 1.14: Accessing property "name" is deprecated, use "name()" instead.', 16384)
 2 VENDORPATH/fakerphp/faker/src/Faker/Generator.php(962): trigger_deprecation('fakerphp/faker', '1.14', 'Accessing property "%s" is deprecated, use "%s()" instead.', 'name', 'name')
 3 APPPATH/Database/Seeds/ClientSeeder.php(21): Faker\Generator->__get('name')
 4 SYSTEMPATH/Database/Seeder.php(155): App\Database\Seeds\ClientSeeder->run()
 5 APPPATH/Database/Seeds/MouvementSeeder.php(25): CodeIgniter\Database\Seeder->call('App\\Database\\Seeds\\ClientSeeder')
 6 SYSTEMPATH/Database/Seeder.php(155): App\Database\Seeds\MouvementSeeder->run()
 7 SYSTEMPATH/Commands/Database/Seed.php(79): CodeIgniter\Database\Seeder->call('App\\Database\\Seeds\\MouvementSeeder')
 8 SYSTEMPATH/CLI/Commands.php(72): CodeIgniter\Commands\Database\Seed->run([])
 9 SYSTEMPATH/CLI/Console.php(47): CodeIgniter\CLI\Commands->run('db:seed', [...])
10 SYSTEMPATH/Boot.php(444): CodeIgniter\CLI\Console->run()
11 SYSTEMPATH/Boot.php(166): CodeIgniter\Boot::runCommand(Object(CodeIgniter\CLI\Console))
12 ROOTPATH/spark(87): CodeIgniter\Boot::bootSpark(Object(Config\Paths))
WARNING - 2026-08-30 04:00:49 --> [DEPRECATED] Since fakerphp/faker 1.14: Accessing property "phoneNumber" is deprecated, use "phoneNumber()" instead. in VENDORPATH/symfony/deprecation-contracts/function.php on line 25.
 1 VENDORPATH/symfony/deprecation-contracts/function.php(25): trigger_error('Since fakerphp/faker 1.14: Accessing property "phoneNumber" is deprecated, use "phoneNumber()" instead.', 16384)
 2 VENDORPATH/fakerphp/faker/src/Faker/Generator.php(962): trigger_deprecation('fakerphp/faker', '1.14', 'Accessing property "%s" is deprecated, use "%s()" instead.', 'phoneNumber', 'phoneNumber')
 3 APPPATH/Database/Seeds/ClientSeeder.php(26): Faker\Generator->__get('phoneNumber')
 4 SYSTEMPATH/Database/Seeder.php(155): App\Database\Seeds\ClientSeeder->run()
 5 APPPATH/Database/Seeds/MouvementSeeder.php(25): CodeIgniter\Database\Seeder->call('App\\Database\\Seeds\\ClientSeeder')
 6 SYSTEMPATH/Database/Seeder.php(155): App\Database\Seeds\MouvementSeeder->run()
 7 SYSTEMPATH/Commands/Database/Seed.php(79): CodeIgniter\Database\Seeder->call('App\\Database\\Seeds\\MouvementSeeder')
 8 SYSTEMPATH/CLI/Commands.php(72): CodeIgniter\Commands\Database\Seed->run([])
 9 SYSTEMPATH/CLI/Console.php(47): CodeIgniter\CLI\Commands->run('db:seed', [...])
10 SYSTEMPATH/Boot.php(444): CodeIgniter\CLI\Console->run()
11 SYSTEMPATH/Boot.php(166): CodeIgniter\Boot::runCommand(Object(CodeIgniter\CLI\Console))
12 ROOTPATH/spark(87): CodeIgniter\Boot::bootSpark(Object(Config\Paths))
WARNING - 2026-08-30 04:00:49 --> [DEPRECATED] Since fakerphp/faker 1.14: Accessing property "address" is deprecated, use "address()" instead. in VENDORPATH/symfony/deprecation-contracts/function.php on line 25.
 1 VENDORPATH/symfony/deprecation-contracts/function.php(25): trigger_error('Since fakerphp/faker 1.14: Accessing property "address" is deprecated, use "address()" instead.', 16384)
 2 VENDORPATH/fakerphp/faker/src/Faker/Generator.php(962): trigger_deprecation('fakerphp/faker', '1.14', 'Accessing property "%s" is deprecated, use "%s()" instead.', 'address', 'address')
 3 APPPATH/Database/Seeds/ClientSeeder.php(27): Faker\Generator->__get('address')
 4 SYSTEMPATH/Database/Seeder.php(155): App\Database\Seeds\ClientSeeder->run()
 5 APPPATH/Database/Seeds/MouvementSeeder.php(25): CodeIgniter\Database\Seeder->call('App\\Database\\Seeds\\ClientSeeder')
 6 SYSTEMPATH/Database/Seeder.php(155): App\Database\Seeds\MouvementSeeder->run()
 7 SYSTEMPATH/Commands/Database/Seed.php(79): CodeIgniter\Database\Seeder->call('App\\Database\\Seeds\\MouvementSeeder')
 8 SYSTEMPATH/CLI/Commands.php(72): CodeIgniter\Commands\Database\Seed->run([])
 9 SYSTEMPATH/CLI/Console.php(47): CodeIgniter\CLI\Commands->run('db:seed', [...])
10 SYSTEMPATH/Boot.php(444): CodeIgniter\CLI\Console->run()
11 SYSTEMPATH/Boot.php(166): CodeIgniter\Boot::runCommand(Object(CodeIgniter\CLI\Console))
12 ROOTPATH/spark(87): CodeIgniter\Boot::bootSpark(Object(Config\Paths))
WARNING - 2026-08-30 04:00:49 --> [DEPRECATED] Since fakerphp/faker 1.14: Accessing property "company" is deprecated, use "company()" instead. in VENDORPATH/symfony/deprecation-contracts/function.php on line 25.
 1 VENDORPATH/symfony/deprecation-contracts/function.php(25): trigger_error('Since fakerphp/faker 1.14: Accessing property "company" is deprecated, use "company()" instead.', 16384)
 2 VENDORPATH/fakerphp/faker/src/Faker/Generator.php(962): trigger_deprecation('fakerphp/faker', '1.14', 'Accessing property "%s" is deprecated, use "%s()" instead.', 'company', 'company')
 3 APPPATH/Database/Seeds/ClientSeeder.php(18): Faker\Generator->__get('company')
 4 SYSTEMPATH/Database/Seeder.php(155): App\Database\Seeds\ClientSeeder->run()
 5 APPPATH/Database/Seeds/MouvementSeeder.php(25): CodeIgniter\Database\Seeder->call('App\\Database\\Seeds\\ClientSeeder')
 6 SYSTEMPATH/Database/Seeder.php(155): App\Database\Seeds\MouvementSeeder->run()
 7 SYSTEMPATH/Commands/Database/Seed.php(79): CodeIgniter\Database\Seeder->call('App\\Database\\Seeds\\MouvementSeeder')
 8 SYSTEMPATH/CLI/Commands.php(72): CodeIgniter\Commands\Database\Seed->run([])
 9 SYSTEMPATH/CLI/Console.php(47): CodeIgniter\CLI\Commands->run('db:seed', [...])
10 SYSTEMPATH/Boot.php(444): CodeIgniter\CLI\Console->run()
11 SYSTEMPATH/Boot.php(166): CodeIgniter\Boot::runCommand(Object(CodeIgniter\CLI\Console))
12 ROOTPATH/spark(87): CodeIgniter\Boot::bootSpark(Object(Config\Paths))
WARNING - 2026-08-30 04:00:49 --> [DEPRECATED] Since fakerphp/faker 1.14: Accessing property "phoneNumber" is deprecated, use "phoneNumber()" instead. in VENDORPATH/symfony/deprecation-contracts/function.php on line 25.
 1 VENDORPATH/symfony/deprecation-contracts/function.php(25): trigger_error('Since fakerphp/faker 1.14: Accessing property "phoneNumber" is deprecated, use "phoneNumber()" instead.', 16384)
 2 VENDORPATH/fakerphp/faker/src/Faker/Generator.php(962): trigger_deprecation('fakerphp/faker', '1.14', 'Accessing property "%s" is deprecated, use "%s()" instead.', 'phoneNumber', 'phoneNumber')
 3 APPPATH/Database/Seeds/ClientSeeder.php(26): Faker\Generator->__get('phoneNumber')
 4 SYSTEMPATH/Database/Seeder.php(155): App\Database\Seeds\ClientSeeder->run()
 5 APPPATH/Database/Seeds/MouvementSeeder.php(25): CodeIgniter\Database\Seeder->call('App\\Database\\Seeds\\ClientSeeder')
 6 SYSTEMPATH/Database/Seeder.php(155): App\Database\Seeds\MouvementSeeder->run()
 7 SYSTEMPATH/Commands/Database/Seed.php(79): CodeIgniter\Database\Seeder->call('App\\Database\\Seeds\\MouvementSeeder')
 8 SYSTEMPATH/CLI/Commands.php(72): CodeIgniter\Commands\Database\Seed->run([])
 9 SYSTEMPATH/CLI/Console.php(47): CodeIgniter\CLI\Commands->run('db:seed', [...])
10 SYSTEMPATH/Boot.php(444): CodeIgniter\CLI\Console->run()
11 SYSTEMPATH/Boot.php(166): CodeIgniter\Boot::runCommand(Object(CodeIgniter\CLI\Console))
12 ROOTPATH/spark(87): CodeIgniter\Boot::bootSpark(Object(Config\Paths))
WARNING - 2026-08-30 04:00:49 --> [DEPRECATED] Since fakerphp/faker 1.14: Accessing property "address" is deprecated, use "address()" instead. in VENDORPATH/symfony/deprecation-contracts/function.php on line 25.
 1 VENDORPATH/symfony/deprecation-contracts/function.php(25): trigger_error('Since fakerphp/faker 1.14: Accessing property "address" is deprecated, use "address()" instead.', 16384)
 2 VENDORPATH/fakerphp/faker/src/Faker/Generator.php(962): trigger_deprecation('fakerphp/faker', '1.14', 'Accessing property "%s" is deprecated, use "%s()" instead.', 'address', 'address')
 3 APPPATH/Database/Seeds/ClientSeeder.php(27): Faker\Generator->__get('address')
 4 SYSTEMPATH/Database/Seeder.php(155): App\Database\Seeds\ClientSeeder->run()
 5 APPPATH/Database/Seeds/MouvementSeeder.php(25): CodeIgniter\Database\Seeder->call('App\\Database\\Seeds\\ClientSeeder')
 6 SYSTEMPATH/Database/Seeder.php(155): App\Database\Seeds\MouvementSeeder->run()
 7 SYSTEMPATH/Commands/Database/Seed.php(79): CodeIgniter\Database\Seeder->call('App\\Database\\Seeds\\MouvementSeeder')
 8 SYSTEMPATH/CLI/Commands.php(72): CodeIgniter\Commands\Database\Seed->run([])
 9 SYSTEMPATH/CLI/Console.php(47): CodeIgniter\CLI\Commands->run('db:seed', [...])
10 SYSTEMPATH/Boot.php(444): CodeIgniter\CLI\Console->run()
11 SYSTEMPATH/Boot.php(166): CodeIgniter\Boot::runCommand(Object(CodeIgniter\CLI\Console))
12 ROOTPATH/spark(87): CodeIgniter\Boot::bootSpark(Object(Config\Paths))
WARNING - 2026-08-30 04:00:49 --> [DEPRECATED] Since fakerphp/faker 1.14: Accessing property "company" is deprecated, use "company()" instead. in VENDORPATH/symfony/deprecation-contracts/function.php on line 25.
 1 VENDORPATH/symfony/deprecation-contracts/function.php(25): trigger_error('Since fakerphp/faker 1.14: Accessing property "company" is deprecated, use "company()" instead.', 16384)
 2 VENDORPATH/fakerphp/faker/src/Faker/Generator.php(962): trigger_deprecation('fakerphp/faker', '1.14', 'Accessing property "%s" is deprecated, use "%s()" instead.', 'company', 'company')
 3 APPPATH/Database/Seeds/ClientSeeder.php(18): Faker\Generator->__get('company')
 4 SYSTEMPATH/Database/Seeder.php(155): App\Database\Seeds\ClientSeeder->run()
 5 APPPATH/Database/Seeds/MouvementSeeder.php(25): CodeIgniter\Database\Seeder->call('App\\Database\\Seeds\\ClientSeeder')
 6 SYSTEMPATH/Database/Seeder.php(155): App\Database\Seeds\MouvementSeeder->run()
 7 SYSTEMPATH/Commands/Database/Seed.php(79): CodeIgniter\Database\Seeder->call('App\\Database\\Seeds\\MouvementSeeder')
 8 SYSTEMPATH/CLI/Commands.php(72): CodeIgniter\Commands\Database\Seed->run([])
 9 SYSTEMPATH/CLI/Console.php(47): CodeIgniter\CLI\Commands->run('db:seed', [...])
10 SYSTEMPATH/Boot.php(444): CodeIgniter\CLI\Console->run()
11 SYSTEMPATH/Boot.php(166): CodeIgniter\Boot::runCommand(Object(CodeIgniter\CLI\Console))
12 ROOTPATH/spark(87): CodeIgniter\Boot::bootSpark(Object(Config\Paths))
WARNING - 2026-08-30 04:00:49 --> [DEPRECATED] Since fakerphp/faker 1.14: Accessing property "phoneNumber" is deprecated, use "phoneNumber()" instead. in VENDORPATH/symfony/deprecation-contracts/function.php on line 25.
 1 VENDORPATH/symfony/deprecation-contracts/function.php(25): trigger_error('Since fakerphp/faker 1.14: Accessing property "phoneNumber" is deprecated, use "phoneNumber()" instead.', 16384)
 2 VENDORPATH/fakerphp/faker/src/Faker/Generator.php(962): trigger_deprecation('fakerphp/faker', '1.14', 'Accessing property "%s" is deprecated, use "%s()" instead.', 'phoneNumber', 'phoneNumber')
 3 APPPATH/Database/Seeds/ClientSeeder.php(26): Faker\Generator->__get('phoneNumber')
 4 SYSTEMPATH/Database/Seeder.php(155): App\Database\Seeds\ClientSeeder->run()
 5 APPPATH/Database/Seeds/MouvementSeeder.php(25): CodeIgniter\Database\Seeder->call('App\\Database\\Seeds\\ClientSeeder')
 6 SYSTEMPATH/Database/Seeder.php(155): App\Database\Seeds\MouvementSeeder->run()
 7 SYSTEMPATH/Commands/Database/Seed.php(79): CodeIgniter\Database\Seeder->call('App\\Database\\Seeds\\MouvementSeeder')
 8 SYSTEMPATH/CLI/Commands.php(72): CodeIgniter\Commands\Database\Seed->run([])
 9 SYSTEMPATH/CLI/Console.php(47): CodeIgniter\CLI\Commands->run('db:seed', [...])
10 SYSTEMPATH/Boot.php(444): CodeIgniter\CLI\Console->run()
11 SYSTEMPATH/Boot.php(166): CodeIgniter\Boot::runCommand(Object(CodeIgniter\CLI\Console))
12 ROOTPATH/spark(87): CodeIgniter\Boot::bootSpark(Object(Config\Paths))
WARNING - 2026-08-30 04:00:49 --> [DEPRECATED] Since fakerphp/faker 1.14: Accessing property "address" is deprecated, use "address()" instead. in VENDORPATH/symfony/deprecation-contracts/function.php on line 25.
 1 VENDORPATH/symfony/deprecation-contracts/function.php(25): trigger_error('Since fakerphp/faker 1.14: Accessing property "address" is deprecated, use "address()" instead.', 16384)
 2 VENDORPATH/fakerphp/faker/src/Faker/Generator.php(962): trigger_deprecation('fakerphp/faker', '1.14', 'Accessing property "%s" is deprecated, use "%s()" instead.', 'address', 'address')
 3 APPPATH/Database/Seeds/ClientSeeder.php(27): Faker\Generator->__get('address')
 4 SYSTEMPATH/Database/Seeder.php(155): App\Database\Seeds\ClientSeeder->run()
 5 APPPATH/Database/Seeds/MouvementSeeder.php(25): CodeIgniter\Database\Seeder->call('App\\Database\\Seeds\\ClientSeeder')
 6 SYSTEMPATH/Database/Seeder.php(155): App\Database\Seeds\MouvementSeeder->run()
 7 SYSTEMPATH/Commands/Database/Seed.php(79): CodeIgniter\Database\Seeder->call('App\\Database\\Seeds\\MouvementSeeder')
 8 SYSTEMPATH/CLI/Commands.php(72): CodeIgniter\Commands\Database\Seed->run([])
 9 SYSTEMPATH/CLI/Console.php(47): CodeIgniter\CLI\Commands->run('db:seed', [...])
10 SYSTEMPATH/Boot.php(444): CodeIgniter\CLI\Console->run()
11 SYSTEMPATH/Boot.php(166): CodeIgniter\Boot::runCommand(Object(CodeIgniter\CLI\Console))
12 ROOTPATH/spark(87): CodeIgniter\Boot::bootSpark(Object(Config\Paths))
WARNING - 2026-08-30 04:00:49 --> [DEPRECATED] Since fakerphp/faker 1.14: Accessing property "company" is deprecated, use "company()" instead. in VENDORPATH/symfony/deprecation-contracts/function.php on line 25.
 1 VENDORPATH/symfony/deprecation-contracts/function.php(25): trigger_error('Since fakerphp/faker 1.14: Accessing property "company" is deprecated, use "company()" instead.', 16384)
 2 VENDORPATH/fakerphp/faker/src/Faker/Generator.php(962): trigger_deprecation('fakerphp/faker', '1.14', 'Accessing property "%s" is deprecated, use "%s()" instead.', 'company', 'company')
 3 APPPATH/Database/Seeds/ClientSeeder.php(18): Faker\Generator->__get('company')
 4 SYSTEMPATH/Database/Seeder.php(155): App\Database\Seeds\ClientSeeder->run()
 5 APPPATH/Database/Seeds/MouvementSeeder.php(25): CodeIgniter\Database\Seeder->call('App\\Database\\Seeds\\ClientSeeder')
 6 SYSTEMPATH/Database/Seeder.php(155): App\Database\Seeds\MouvementSeeder->run()
 7 SYSTEMPATH/Commands/Database/Seed.php(79): CodeIgniter\Database\Seeder->call('App\\Database\\Seeds\\MouvementSeeder')
 8 SYSTEMPATH/CLI/Commands.php(72): CodeIgniter\Commands\Database\Seed->run([])
 9 SYSTEMPATH/CLI/Console.php(47): CodeIgniter\CLI\Commands->run('db:seed', [...])
10 SYSTEMPATH/Boot.php(444): CodeIgniter\CLI\Console->run()
11 SYSTEMPATH/Boot.php(166): CodeIgniter\Boot::runCommand(Object(CodeIgniter\CLI\Console))
12 ROOTPATH/spark(87): CodeIgniter\Boot::bootSpark(Object(Config\Paths))
WARNING - 2026-08-30 04:00:49 --> [DEPRECATED] Since fakerphp/faker 1.14: Accessing property "name" is deprecated, use "name()" instead. in VENDORPATH/symfony/deprecation-contracts/function.php on line 25.
 1 VENDORPATH/symfony/deprecation-contracts/function.php(25): trigger_error('Since fakerphp/faker 1.14: Accessing property "name" is deprecated, use "name()" instead.', 16384)
 2 VENDORPATH/fakerphp/faker/src/Faker/Generator.php(962): trigger_deprecation('fakerphp/faker', '1.14', 'Accessing property "%s" is deprecated, use "%s()" instead.', 'name', 'name')
 3 APPPATH/Database/Seeds/ClientSeeder.php(21): Faker\Generator->__get('name')
 4 SYSTEMPATH/Database/Seeder.php(155): App\Database\Seeds\ClientSeeder->run()
 5 APPPATH/Database/Seeds/MouvementSeeder.php(25): CodeIgniter\Database\Seeder->call('App\\Database\\Seeds\\ClientSeeder')
 6 SYSTEMPATH/Database/Seeder.php(155): App\Database\Seeds\MouvementSeeder->run()
 7 SYSTEMPATH/Commands/Database/Seed.php(79): CodeIgniter\Database\Seeder->call('App\\Database\\Seeds\\MouvementSeeder')
 8 SYSTEMPATH/CLI/Commands.php(72): CodeIgniter\Commands\Database\Seed->run([])
 9 SYSTEMPATH/CLI/Console.php(47): CodeIgniter\CLI\Commands->run('db:seed', [...])
10 SYSTEMPATH/Boot.php(444): CodeIgniter\CLI\Console->run()
11 SYSTEMPATH/Boot.php(166): CodeIgniter\Boot::runCommand(Object(CodeIgniter\CLI\Console))
12 ROOTPATH/spark(87): CodeIgniter\Boot::bootSpark(Object(Config\Paths))
WARNING - 2026-08-30 04:00:49 --> [DEPRECATED] Since fakerphp/faker 1.14: Accessing property "phoneNumber" is deprecated, use "phoneNumber()" instead. in VENDORPATH/symfony/deprecation-contracts/function.php on line 25.
 1 VENDORPATH/symfony/deprecation-contracts/function.php(25): trigger_error('Since fakerphp/faker 1.14: Accessing property "phoneNumber" is deprecated, use "phoneNumber()" instead.', 16384)
 2 VENDORPATH/fakerphp/faker/src/Faker/Generator.php(962): trigger_deprecation('fakerphp/faker', '1.14', 'Accessing property "%s" is deprecated, use "%s()" instead.', 'phoneNumber', 'phoneNumber')
 3 APPPATH/Database/Seeds/ClientSeeder.php(26): Faker\Generator->__get('phoneNumber')
 4 SYSTEMPATH/Database/Seeder.php(155): App\Database\Seeds\ClientSeeder->run()
 5 APPPATH/Database/Seeds/MouvementSeeder.php(25): CodeIgniter\Database\Seeder->call('App\\Database\\Seeds\\ClientSeeder')
 6 SYSTEMPATH/Database/Seeder.php(155): App\Database\Seeds\MouvementSeeder->run()
 7 SYSTEMPATH/Commands/Database/Seed.php(79): CodeIgniter\Database\Seeder->call('App\\Database\\Seeds\\MouvementSeeder')
 8 SYSTEMPATH/CLI/Commands.php(72): CodeIgniter\Commands\Database\Seed->run([])
 9 SYSTEMPATH/CLI/Console.php(47): CodeIgniter\CLI\Commands->run('db:seed', [...])
10 SYSTEMPATH/Boot.php(444): CodeIgniter\CLI\Console->run()
11 SYSTEMPATH/Boot.php(166): CodeIgniter\Boot::runCommand(Object(CodeIgniter\CLI\Console))
12 ROOTPATH/spark(87): CodeIgniter\Boot::bootSpark(Object(Config\Paths))
WARNING - 2026-08-30 04:00:49 --> [DEPRECATED] Since fakerphp/faker 1.14: Accessing property "address" is deprecated, use "address()" instead. in VENDORPATH/symfony/deprecation-contracts/function.php on line 25.
 1 VENDORPATH/symfony/deprecation-contracts/function.php(25): trigger_error('Since fakerphp/faker 1.14: Accessing property "address" is deprecated, use "address()" instead.', 16384)
 2 VENDORPATH/fakerphp/faker/src/Faker/Generator.php(962): trigger_deprecation('fakerphp/faker', '1.14', 'Accessing property "%s" is deprecated, use "%s()" instead.', 'address', 'address')
 3 APPPATH/Database/Seeds/ClientSeeder.php(27): Faker\Generator->__get('address')
 4 SYSTEMPATH/Database/Seeder.php(155): App\Database\Seeds\ClientSeeder->run()
 5 APPPATH/Database/Seeds/MouvementSeeder.php(25): CodeIgniter\Database\Seeder->call('App\\Database\\Seeds\\ClientSeeder')
 6 SYSTEMPATH/Database/Seeder.php(155): App\Database\Seeds\MouvementSeeder->run()
 7 SYSTEMPATH/Commands/Database/Seed.php(79): CodeIgniter\Database\Seeder->call('App\\Database\\Seeds\\MouvementSeeder')
 8 SYSTEMPATH/CLI/Commands.php(72): CodeIgniter\Commands\Database\Seed->run([])
 9 SYSTEMPATH/CLI/Console.php(47): CodeIgniter\CLI\Commands->run('db:seed', [...])
10 SYSTEMPATH/Boot.php(444): CodeIgniter\CLI\Console->run()
11 SYSTEMPATH/Boot.php(166): CodeIgniter\Boot::runCommand(Object(CodeIgniter\CLI\Console))
12 ROOTPATH/spark(87): CodeIgniter\Boot::bootSpark(Object(Config\Paths))
WARNING - 2026-08-30 04:00:49 --> [DEPRECATED] Since fakerphp/faker 1.14: Accessing property "company" is deprecated, use "company()" instead. in VENDORPATH/symfony/deprecation-contracts/function.php on line 25.
 1 VENDORPATH/symfony/deprecation-contracts/function.php(25): trigger_error('Since fakerphp/faker 1.14: Accessing property "company" is deprecated, use "company()" instead.', 16384)
 2 VENDORPATH/fakerphp/faker/src/Faker/Generator.php(962): trigger_deprecation('fakerphp/faker', '1.14', 'Accessing property "%s" is deprecated, use "%s()" instead.', 'company', 'company')
 3 APPPATH/Database/Seeds/ClientSeeder.php(18): Faker\Generator->__get('company')
 4 SYSTEMPATH/Database/Seeder.php(155): App\Database\Seeds\ClientSeeder->run()
 5 APPPATH/Database/Seeds/MouvementSeeder.php(25): CodeIgniter\Database\Seeder->call('App\\Database\\Seeds\\ClientSeeder')
 6 SYSTEMPATH/Database/Seeder.php(155): App\Database\Seeds\MouvementSeeder->run()
 7 SYSTEMPATH/Commands/Database/Seed.php(79): CodeIgniter\Database\Seeder->call('App\\Database\\Seeds\\MouvementSeeder')
 8 SYSTEMPATH/CLI/Commands.php(72): CodeIgniter\Commands\Database\Seed->run([])
 9 SYSTEMPATH/CLI/Console.php(47): CodeIgniter\CLI\Commands->run('db:seed', [...])
10 SYSTEMPATH/Boot.php(444): CodeIgniter\CLI\Console->run()
11 SYSTEMPATH/Boot.php(166): CodeIgniter\Boot::runCommand(Object(CodeIgniter\CLI\Console))
12 ROOTPATH/spark(87): CodeIgniter\Boot::bootSpark(Object(Config\Paths))
WARNING - 2026-08-30 04:00:49 --> [DEPRECATED] Since fakerphp/faker 1.14: Accessing property "phoneNumber" is deprecated, use "phoneNumber()" instead. in VENDORPATH/symfony/deprecation-contracts/function.php on line 25.
 1 VENDORPATH/symfony/deprecation-contracts/function.php(25): trigger_error('Since fakerphp/faker 1.14: Accessing property "phoneNumber" is deprecated, use "phoneNumber()" instead.', 16384)
 2 VENDORPATH/fakerphp/faker/src/Faker/Generator.php(962): trigger_deprecation('fakerphp/faker', '1.14', 'Accessing property "%s" is deprecated, use "%s()" instead.', 'phoneNumber', 'phoneNumber')
 3 APPPATH/Database/Seeds/ClientSeeder.php(26): Faker\Generator->__get('phoneNumber')
 4 SYSTEMPATH/Database/Seeder.php(155): App\Database\Seeds\ClientSeeder->run()
 5 APPPATH/Database/Seeds/MouvementSeeder.php(25): CodeIgniter\Database\Seeder->call('App\\Database\\Seeds\\ClientSeeder')
 6 SYSTEMPATH/Database/Seeder.php(155): App\Database\Seeds\MouvementSeeder->run()
 7 SYSTEMPATH/Commands/Database/Seed.php(79): CodeIgniter\Database\Seeder->call('App\\Database\\Seeds\\MouvementSeeder')
 8 SYSTEMPATH/CLI/Commands.php(72): CodeIgniter\Commands\Database\Seed->run([])
 9 SYSTEMPATH/CLI/Console.php(47): CodeIgniter\CLI\Commands->run('db:seed', [...])
10 SYSTEMPATH/Boot.php(444): CodeIgniter\CLI\Console->run()
11 SYSTEMPATH/Boot.php(166): CodeIgniter\Boot::runCommand(Object(CodeIgniter\CLI\Console))
12 ROOTPATH/spark(87): CodeIgniter\Boot::bootSpark(Object(Config\Paths))
WARNING - 2026-08-30 04:00:49 --> [DEPRECATED] Since fakerphp/faker 1.14: Accessing property "address" is deprecated, use "address()" instead. in VENDORPATH/symfony/deprecation-contracts/function.php on line 25.
 1 VENDORPATH/symfony/deprecation-contracts/function.php(25): trigger_error('Since fakerphp/faker 1.14: Accessing property "address" is deprecated, use "address()" instead.', 16384)
 2 VENDORPATH/fakerphp/faker/src/Faker/Generator.php(962): trigger_deprecation('fakerphp/faker', '1.14', 'Accessing property "%s" is deprecated, use "%s()" instead.', 'address', 'address')
 3 APPPATH/Database/Seeds/ClientSeeder.php(27): Faker\Generator->__get('address')
 4 SYSTEMPATH/Database/Seeder.php(155): App\Database\Seeds\ClientSeeder->run()
 5 APPPATH/Database/Seeds/MouvementSeeder.php(25): CodeIgniter\Database\Seeder->call('App\\Database\\Seeds\\ClientSeeder')
 6 SYSTEMPATH/Database/Seeder.php(155): App\Database\Seeds\MouvementSeeder->run()
 7 SYSTEMPATH/Commands/Database/Seed.php(79): CodeIgniter\Database\Seeder->call('App\\Database\\Seeds\\MouvementSeeder')
 8 SYSTEMPATH/CLI/Commands.php(72): CodeIgniter\Commands\Database\Seed->run([])
 9 SYSTEMPATH/CLI/Console.php(47): CodeIgniter\CLI\Commands->run('db:seed', [...])
10 SYSTEMPATH/Boot.php(444): CodeIgniter\CLI\Console->run()
11 SYSTEMPATH/Boot.php(166): CodeIgniter\Boot::runCommand(Object(CodeIgniter\CLI\Console))
12 ROOTPATH/spark(87): CodeIgniter\Boot::bootSpark(Object(Config\Paths))
WARNING - 2026-08-30 04:00:49 --> [DEPRECATED] Since fakerphp/faker 1.14: Accessing property "company" is deprecated, use "company()" instead. in VENDORPATH/symfony/deprecation-contracts/function.php on line 25.
 1 VENDORPATH/symfony/deprecation-contracts/function.php(25): trigger_error('Since fakerphp/faker 1.14: Accessing property "company" is deprecated, use "company()" instead.', 16384)
 2 VENDORPATH/fakerphp/faker/src/Faker/Generator.php(962): trigger_deprecation('fakerphp/faker', '1.14', 'Accessing property "%s" is deprecated, use "%s()" instead.', 'company', 'company')
 3 APPPATH/Database/Seeds/ClientSeeder.php(18): Faker\Generator->__get('company')
 4 SYSTEMPATH/Database/Seeder.php(155): App\Database\Seeds\ClientSeeder->run()
 5 APPPATH/Database/Seeds/MouvementSeeder.php(25): CodeIgniter\Database\Seeder->call('App\\Database\\Seeds\\ClientSeeder')
 6 SYSTEMPATH/Database/Seeder.php(155): App\Database\Seeds\MouvementSeeder->run()
 7 SYSTEMPATH/Commands/Database/Seed.php(79): CodeIgniter\Database\Seeder->call('App\\Database\\Seeds\\MouvementSeeder')
 8 SYSTEMPATH/CLI/Commands.php(72): CodeIgniter\Commands\Database\Seed->run([])
 9 SYSTEMPATH/CLI/Console.php(47): CodeIgniter\CLI\Commands->run('db:seed', [...])
10 SYSTEMPATH/Boot.php(444): CodeIgniter\CLI\Console->run()
11 SYSTEMPATH/Boot.php(166): CodeIgniter\Boot::runCommand(Object(CodeIgniter\CLI\Console))
12 ROOTPATH/spark(87): CodeIgniter\Boot::bootSpark(Object(Config\Paths))
WARNING - 2026-08-30 04:00:49 --> [DEPRECATED] Since fakerphp/faker 1.14: Accessing property "phoneNumber" is deprecated, use "phoneNumber()" instead. in VENDORPATH/symfony/deprecation-contracts/function.php on line 25.
 1 VENDORPATH/symfony/deprecation-contracts/function.php(25): trigger_error('Since fakerphp/faker 1.14: Accessing property "phoneNumber" is deprecated, use "phoneNumber()" instead.', 16384)
 2 VENDORPATH/fakerphp/faker/src/Faker/Generator.php(962): trigger_deprecation('fakerphp/faker', '1.14', 'Accessing property "%s" is deprecated, use "%s()" instead.', 'phoneNumber', 'phoneNumber')
 3 APPPATH/Database/Seeds/ClientSeeder.php(26): Faker\Generator->__get('phoneNumber')
 4 SYSTEMPATH/Database/Seeder.php(155): App\Database\Seeds\ClientSeeder->run()
 5 APPPATH/Database/Seeds/MouvementSeeder.php(25): CodeIgniter\Database\Seeder->call('App\\Database\\Seeds\\ClientSeeder')
 6 SYSTEMPATH/Database/Seeder.php(155): App\Database\Seeds\MouvementSeeder->run()
 7 SYSTEMPATH/Commands/Database/Seed.php(79): CodeIgniter\Database\Seeder->call('App\\Database\\Seeds\\MouvementSeeder')
 8 SYSTEMPATH/CLI/Commands.php(72): CodeIgniter\Commands\Database\Seed->run([])
 9 SYSTEMPATH/CLI/Console.php(47): CodeIgniter\CLI\Commands->run('db:seed', [...])
10 SYSTEMPATH/Boot.php(444): CodeIgniter\CLI\Console->run()
11 SYSTEMPATH/Boot.php(166): CodeIgniter\Boot::runCommand(Object(CodeIgniter\CLI\Console))
12 ROOTPATH/spark(87): CodeIgniter\Boot::bootSpark(Object(Config\Paths))
WARNING - 2026-08-30 04:00:49 --> [DEPRECATED] Since fakerphp/faker 1.14: Accessing property "address" is deprecated, use "address()" instead. in VENDORPATH/symfony/deprecation-contracts/function.php on line 25.
 1 VENDORPATH/symfony/deprecation-contracts/function.php(25): trigger_error('Since fakerphp/faker 1.14: Accessing property "address" is deprecated, use "address()" instead.', 16384)
 2 VENDORPATH/fakerphp/faker/src/Faker/Generator.php(962): trigger_deprecation('fakerphp/faker', '1.14', 'Accessing property "%s" is deprecated, use "%s()" instead.', 'address', 'address')
 3 APPPATH/Database/Seeds/ClientSeeder.php(27): Faker\Generator->__get('address')
 4 SYSTEMPATH/Database/Seeder.php(155): App\Database\Seeds\ClientSeeder->run()
 5 APPPATH/Database/Seeds/MouvementSeeder.php(25): CodeIgniter\Database\Seeder->call('App\\Database\\Seeds\\ClientSeeder')
 6 SYSTEMPATH/Database/Seeder.php(155): App\Database\Seeds\MouvementSeeder->run()
 7 SYSTEMPATH/Commands/Database/Seed.php(79): CodeIgniter\Database\Seeder->call('App\\Database\\Seeds\\MouvementSeeder')
 8 SYSTEMPATH/CLI/Commands.php(72): CodeIgniter\Commands\Database\Seed->run([])
 9 SYSTEMPATH/CLI/Console.php(47): CodeIgniter\CLI\Commands->run('db:seed', [...])
10 SYSTEMPATH/Boot.php(444): CodeIgniter\CLI\Console->run()
11 SYSTEMPATH/Boot.php(166): CodeIgniter\Boot::runCommand(Object(CodeIgniter\CLI\Console))
12 ROOTPATH/spark(87): CodeIgniter\Boot::bootSpark(Object(Config\Paths))
WARNING - 2026-08-30 04:00:49 --> [DEPRECATED] Since fakerphp/faker 1.14: Accessing property "company" is deprecated, use "company()" instead. in VENDORPATH/symfony/deprecation-contracts/function.php on line 25.
 1 VENDORPATH/symfony/deprecation-contracts/function.php(25): trigger_error('Since fakerphp/faker 1.14: Accessing property "company" is deprecated, use "company()" instead.', 16384)
 2 VENDORPATH/fakerphp/faker/src/Faker/Generator.php(962): trigger_deprecation('fakerphp/faker', '1.14', 'Accessing property "%s" is deprecated, use "%s()" instead.', 'company', 'company')
 3 APPPATH/Database/Seeds/ClientSeeder.php(18): Faker\Generator->__get('company')
 4 SYSTEMPATH/Database/Seeder.php(155): App\Database\Seeds\ClientSeeder->run()
 5 APPPATH/Database/Seeds/MouvementSeeder.php(25): CodeIgniter\Database\Seeder->call('App\\Database\\Seeds\\ClientSeeder')
 6 SYSTEMPATH/Database/Seeder.php(155): App\Database\Seeds\MouvementSeeder->run()
 7 SYSTEMPATH/Commands/Database/Seed.php(79): CodeIgniter\Database\Seeder->call('App\\Database\\Seeds\\MouvementSeeder')
 8 SYSTEMPATH/CLI/Commands.php(72): CodeIgniter\Commands\Database\Seed->run([])
 9 SYSTEMPATH/CLI/Console.php(47): CodeIgniter\CLI\Commands->run('db:seed', [...])
10 SYSTEMPATH/Boot.php(444): CodeIgniter\CLI\Console->run()
11 SYSTEMPATH/Boot.php(166): CodeIgniter\Boot::runCommand(Object(CodeIgniter\CLI\Console))
12 ROOTPATH/spark(87): CodeIgniter\Boot::bootSpark(Object(Config\Paths))
WARNING - 2026-08-30 04:00:49 --> [DEPRECATED] Since fakerphp/faker 1.14: Accessing property "name" is deprecated, use "name()" instead. in VENDORPATH/symfony/deprecation-contracts/function.php on line 25.
 1 VENDORPATH/symfony/deprecation-contracts/function.php(25): trigger_error('Since fakerphp/faker 1.14: Accessing property "name" is deprecated, use "name()" instead.', 16384)
 2 VENDORPATH/fakerphp/faker/src/Faker/Generator.php(962): trigger_deprecation('fakerphp/faker', '1.14', 'Accessing property "%s" is deprecated, use "%s()" instead.', 'name', 'name')
 3 APPPATH/Database/Seeds/ClientSeeder.php(21): Faker\Generator->__get('name')
 4 SYSTEMPATH/Database/Seeder.php(155): App\Database\Seeds\ClientSeeder->run()
 5 APPPATH/Database/Seeds/MouvementSeeder.php(25): CodeIgniter\Database\Seeder->call('App\\Database\\Seeds\\ClientSeeder')
 6 SYSTEMPATH/Database/Seeder.php(155): App\Database\Seeds\MouvementSeeder->run()
 7 SYSTEMPATH/Commands/Database/Seed.php(79): CodeIgniter\Database\Seeder->call('App\\Database\\Seeds\\MouvementSeeder')
 8 SYSTEMPATH/CLI/Commands.php(72): CodeIgniter\Commands\Database\Seed->run([])
 9 SYSTEMPATH/CLI/Console.php(47): CodeIgniter\CLI\Commands->run('db:seed', [...])
10 SYSTEMPATH/Boot.php(444): CodeIgniter\CLI\Console->run()
11 SYSTEMPATH/Boot.php(166): CodeIgniter\Boot::runCommand(Object(CodeIgniter\CLI\Console))
12 ROOTPATH/spark(87): CodeIgniter\Boot::bootSpark(Object(Config\Paths))
WARNING - 2026-08-30 04:00:49 --> [DEPRECATED] Since fakerphp/faker 1.14: Accessing property "phoneNumber" is deprecated, use "phoneNumber()" instead. in VENDORPATH/symfony/deprecation-contracts/function.php on line 25.
 1 VENDORPATH/symfony/deprecation-contracts/function.php(25): trigger_error('Since fakerphp/faker 1.14: Accessing property "phoneNumber" is deprecated, use "phoneNumber()" instead.', 16384)
 2 VENDORPATH/fakerphp/faker/src/Faker/Generator.php(962): trigger_deprecation('fakerphp/faker', '1.14', 'Accessing property "%s" is deprecated, use "%s()" instead.', 'phoneNumber', 'phoneNumber')
 3 APPPATH/Database/Seeds/ClientSeeder.php(26): Faker\Generator->__get('phoneNumber')
 4 SYSTEMPATH/Database/Seeder.php(155): App\Database\Seeds\ClientSeeder->run()
 5 APPPATH/Database/Seeds/MouvementSeeder.php(25): CodeIgniter\Database\Seeder->call('App\\Database\\Seeds\\ClientSeeder')
 6 SYSTEMPATH/Database/Seeder.php(155): App\Database\Seeds\MouvementSeeder->run()
 7 SYSTEMPATH/Commands/Database/Seed.php(79): CodeIgniter\Database\Seeder->call('App\\Database\\Seeds\\MouvementSeeder')
 8 SYSTEMPATH/CLI/Commands.php(72): CodeIgniter\Commands\Database\Seed->run([])
 9 SYSTEMPATH/CLI/Console.php(47): CodeIgniter\CLI\Commands->run('db:seed', [...])
10 SYSTEMPATH/Boot.php(444): CodeIgniter\CLI\Console->run()
11 SYSTEMPATH/Boot.php(166): CodeIgniter\Boot::runCommand(Object(CodeIgniter\CLI\Console))
12 ROOTPATH/spark(87): CodeIgniter\Boot::bootSpark(Object(Config\Paths))
WARNING - 2026-08-30 04:00:49 --> [DEPRECATED] Since fakerphp/faker 1.14: Accessing property "address" is deprecated, use "address()" instead. in VENDORPATH/symfony/deprecation-contracts/function.php on line 25.
 1 VENDORPATH/symfony/deprecation-contracts/function.php(25): trigger_error('Since fakerphp/faker 1.14: Accessing property "address" is deprecated, use "address()" instead.', 16384)
 2 VENDORPATH/fakerphp/faker/src/Faker/Generator.php(962): trigger_deprecation('fakerphp/faker', '1.14', 'Accessing property "%s" is deprecated, use "%s()" instead.', 'address', 'address')
 3 APPPATH/Database/Seeds/ClientSeeder.php(27): Faker\Generator->__get('address')
 4 SYSTEMPATH/Database/Seeder.php(155): App\Database\Seeds\ClientSeeder->run()
 5 APPPATH/Database/Seeds/MouvementSeeder.php(25): CodeIgniter\Database\Seeder->call('App\\Database\\Seeds\\ClientSeeder')
 6 SYSTEMPATH/Database/Seeder.php(155): App\Database\Seeds\MouvementSeeder->run()
 7 SYSTEMPATH/Commands/Database/Seed.php(79): CodeIgniter\Database\Seeder->call('App\\Database\\Seeds\\MouvementSeeder')
 8 SYSTEMPATH/CLI/Commands.php(72): CodeIgniter\Commands\Database\Seed->run([])
 9 SYSTEMPATH/CLI/Console.php(47): CodeIgniter\CLI\Commands->run('db:seed', [...])
10 SYSTEMPATH/Boot.php(444): CodeIgniter\CLI\Console->run()
11 SYSTEMPATH/Boot.php(166): CodeIgniter\Boot::runCommand(Object(CodeIgniter\CLI\Console))
12 ROOTPATH/spark(87): CodeIgniter\Boot::bootSpark(Object(Config\Paths))
WARNING - 2026-08-30 04:00:49 --> [DEPRECATED] Since fakerphp/faker 1.14: Accessing property "company" is deprecated, use "company()" instead. in VENDORPATH/symfony/deprecation-contracts/function.php on line 25.
 1 VENDORPATH/symfony/deprecation-contracts/function.php(25): trigger_error('Since fakerphp/faker 1.14: Accessing property "company" is deprecated, use "company()" instead.', 16384)
 2 VENDORPATH/fakerphp/faker/src/Faker/Generator.php(962): trigger_deprecation('fakerphp/faker', '1.14', 'Accessing property "%s" is deprecated, use "%s()" instead.', 'company', 'company')
 3 APPPATH/Database/Seeds/ClientSeeder.php(18): Faker\Generator->__get('company')
 4 SYSTEMPATH/Database/Seeder.php(155): App\Database\Seeds\ClientSeeder->run()
 5 APPPATH/Database/Seeds/MouvementSeeder.php(25): CodeIgniter\Database\Seeder->call('App\\Database\\Seeds\\ClientSeeder')
 6 SYSTEMPATH/Database/Seeder.php(155): App\Database\Seeds\MouvementSeeder->run()
 7 SYSTEMPATH/Commands/Database/Seed.php(79): CodeIgniter\Database\Seeder->call('App\\Database\\Seeds\\MouvementSeeder')
 8 SYSTEMPATH/CLI/Commands.php(72): CodeIgniter\Commands\Database\Seed->run([])
 9 SYSTEMPATH/CLI/Console.php(47): CodeIgniter\CLI\Commands->run('db:seed', [...])
10 SYSTEMPATH/Boot.php(444): CodeIgniter\CLI\Console->run()
11 SYSTEMPATH/Boot.php(166): CodeIgniter\Boot::runCommand(Object(CodeIgniter\CLI\Console))
12 ROOTPATH/spark(87): CodeIgniter\Boot::bootSpark(Object(Config\Paths))
WARNING - 2026-08-30 04:00:49 --> [DEPRECATED] Since fakerphp/faker 1.14: Accessing property "phoneNumber" is deprecated, use "phoneNumber()" instead. in VENDORPATH/symfony/deprecation-contracts/function.php on line 25.
 1 VENDORPATH/symfony/deprecation-contracts/function.php(25): trigger_error('Since fakerphp/faker 1.14: Accessing property "phoneNumber" is deprecated, use "phoneNumber()" instead.', 16384)
 2 VENDORPATH/fakerphp/faker/src/Faker/Generator.php(962): trigger_deprecation('fakerphp/faker', '1.14', 'Accessing property "%s" is deprecated, use "%s()" instead.', 'phoneNumber', 'phoneNumber')
 3 APPPATH/Database/Seeds/ClientSeeder.php(26): Faker\Generator->__get('phoneNumber')
 4 SYSTEMPATH/Database/Seeder.php(155): App\Database\Seeds\ClientSeeder->run()
 5 APPPATH/Database/Seeds/MouvementSeeder.php(25): CodeIgniter\Database\Seeder->call('App\\Database\\Seeds\\ClientSeeder')
 6 SYSTEMPATH/Database/Seeder.php(155): App\Database\Seeds\MouvementSeeder->run()
 7 SYSTEMPATH/Commands/Database/Seed.php(79): CodeIgniter\Database\Seeder->call('App\\Database\\Seeds\\MouvementSeeder')
 8 SYSTEMPATH/CLI/Commands.php(72): CodeIgniter\Commands\Database\Seed->run([])
 9 SYSTEMPATH/CLI/Console.php(47): CodeIgniter\CLI\Commands->run('db:seed', [...])
10 SYSTEMPATH/Boot.php(444): CodeIgniter\CLI\Console->run()
11 SYSTEMPATH/Boot.php(166): CodeIgniter\Boot::runCommand(Object(CodeIgniter\CLI\Console))
12 ROOTPATH/spark(87): CodeIgniter\Boot::bootSpark(Object(Config\Paths))
WARNING - 2026-08-30 04:00:49 --> [DEPRECATED] Since fakerphp/faker 1.14: Accessing property "address" is deprecated, use "address()" instead. in VENDORPATH/symfony/deprecation-contracts/function.php on line 25.
 1 VENDORPATH/symfony/deprecation-contracts/function.php(25): trigger_error('Since fakerphp/faker 1.14: Accessing property "address" is deprecated, use "address()" instead.', 16384)
 2 VENDORPATH/fakerphp/faker/src/Faker/Generator.php(962): trigger_deprecation('fakerphp/faker', '1.14', 'Accessing property "%s" is deprecated, use "%s()" instead.', 'address', 'address')
 3 APPPATH/Database/Seeds/ClientSeeder.php(27): Faker\Generator->__get('address')
 4 SYSTEMPATH/Database/Seeder.php(155): App\Database\Seeds\ClientSeeder->run()
 5 APPPATH/Database/Seeds/MouvementSeeder.php(25): CodeIgniter\Database\Seeder->call('App\\Database\\Seeds\\ClientSeeder')
 6 SYSTEMPATH/Database/Seeder.php(155): App\Database\Seeds\MouvementSeeder->run()
 7 SYSTEMPATH/Commands/Database/Seed.php(79): CodeIgniter\Database\Seeder->call('App\\Database\\Seeds\\MouvementSeeder')
 8 SYSTEMPATH/CLI/Commands.php(72): CodeIgniter\Commands\Database\Seed->run([])
 9 SYSTEMPATH/CLI/Console.php(47): CodeIgniter\CLI\Commands->run('db:seed', [...])
10 SYSTEMPATH/Boot.php(444): CodeIgniter\CLI\Console->run()
11 SYSTEMPATH/Boot.php(166): CodeIgniter\Boot::runCommand(Object(CodeIgniter\CLI\Console))
12 ROOTPATH/spark(87): CodeIgniter\Boot::bootSpark(Object(Config\Paths))
WARNING - 2026-08-30 04:00:49 --> [DEPRECATED] Since fakerphp/faker 1.14: Accessing property "company" is deprecated, use "company()" instead. in VENDORPATH/symfony/deprecation-contracts/function.php on line 25.
 1 VENDORPATH/symfony/deprecation-contracts/function.php(25): trigger_error('Since fakerphp/faker 1.14: Accessing property "company" is deprecated, use "company()" instead.', 16384)
 2 VENDORPATH/fakerphp/faker/src/Faker/Generator.php(962): trigger_deprecation('fakerphp/faker', '1.14', 'Accessing property "%s" is deprecated, use "%s()" instead.', 'company', 'company')
 3 APPPATH/Database/Seeds/ClientSeeder.php(18): Faker\Generator->__get('company')
 4 SYSTEMPATH/Database/Seeder.php(155): App\Database\Seeds\ClientSeeder->run()
 5 APPPATH/Database/Seeds/MouvementSeeder.php(25): CodeIgniter\Database\Seeder->call('App\\Database\\Seeds\\ClientSeeder')
 6 SYSTEMPATH/Database/Seeder.php(155): App\Database\Seeds\MouvementSeeder->run()
 7 SYSTEMPATH/Commands/Database/Seed.php(79): CodeIgniter\Database\Seeder->call('App\\Database\\Seeds\\MouvementSeeder')
 8 SYSTEMPATH/CLI/Commands.php(72): CodeIgniter\Commands\Database\Seed->run([])
 9 SYSTEMPATH/CLI/Console.php(47): CodeIgniter\CLI\Commands->run('db:seed', [...])
10 SYSTEMPATH/Boot.php(444): CodeIgniter\CLI\Console->run()
11 SYSTEMPATH/Boot.php(166): CodeIgniter\Boot::runCommand(Object(CodeIgniter\CLI\Console))
12 ROOTPATH/spark(87): CodeIgniter\Boot::bootSpark(Object(Config\Paths))
WARNING - 2026-08-30 04:00:49 --> [DEPRECATED] Since fakerphp/faker 1.14: Accessing property "phoneNumber" is deprecated, use "phoneNumber()" instead. in VENDORPATH/symfony/deprecation-contracts/function.php on line 25.
 1 VENDORPATH/symfony/deprecation-contracts/function.php(25): trigger_error('Since fakerphp/faker 1.14: Accessing property "phoneNumber" is deprecated, use "phoneNumber()" instead.', 16384)
 2 VENDORPATH/fakerphp/faker/src/Faker/Generator.php(962): trigger_deprecation('fakerphp/faker', '1.14', 'Accessing property "%s" is deprecated, use "%s()" instead.', 'phoneNumber', 'phoneNumber')
 3 APPPATH/Database/Seeds/ClientSeeder.php(26): Faker\Generator->__get('phoneNumber')
 4 SYSTEMPATH/Database/Seeder.php(155): App\Database\Seeds\ClientSeeder->run()
 5 APPPATH/Database/Seeds/MouvementSeeder.php(25): CodeIgniter\Database\Seeder->call('App\\Database\\Seeds\\ClientSeeder')
 6 SYSTEMPATH/Database/Seeder.php(155): App\Database\Seeds\MouvementSeeder->run()
 7 SYSTEMPATH/Commands/Database/Seed.php(79): CodeIgniter\Database\Seeder->call('App\\Database\\Seeds\\MouvementSeeder')
 8 SYSTEMPATH/CLI/Commands.php(72): CodeIgniter\Commands\Database\Seed->run([])
 9 SYSTEMPATH/CLI/Console.php(47): CodeIgniter\CLI\Commands->run('db:seed', [...])
10 SYSTEMPATH/Boot.php(444): CodeIgniter\CLI\Console->run()
11 SYSTEMPATH/Boot.php(166): CodeIgniter\Boot::runCommand(Object(CodeIgniter\CLI\Console))
12 ROOTPATH/spark(87): CodeIgniter\Boot::bootSpark(Object(Config\Paths))
WARNING - 2026-08-30 04:00:49 --> [DEPRECATED] Since fakerphp/faker 1.14: Accessing property "address" is deprecated, use "address()" instead. in VENDORPATH/symfony/deprecation-contracts/function.php on line 25.
 1 VENDORPATH/symfony/deprecation-contracts/function.php(25): trigger_error('Since fakerphp/faker 1.14: Accessing property "address" is deprecated, use "address()" instead.', 16384)
 2 VENDORPATH/fakerphp/faker/src/Faker/Generator.php(962): trigger_deprecation('fakerphp/faker', '1.14', 'Accessing property "%s" is deprecated, use "%s()" instead.', 'address', 'address')
 3 APPPATH/Database/Seeds/ClientSeeder.php(27): Faker\Generator->__get('address')
 4 SYSTEMPATH/Database/Seeder.php(155): App\Database\Seeds\ClientSeeder->run()
 5 APPPATH/Database/Seeds/MouvementSeeder.php(25): CodeIgniter\Database\Seeder->call('App\\Database\\Seeds\\ClientSeeder')
 6 SYSTEMPATH/Database/Seeder.php(155): App\Database\Seeds\MouvementSeeder->run()
 7 SYSTEMPATH/Commands/Database/Seed.php(79): CodeIgniter\Database\Seeder->call('App\\Database\\Seeds\\MouvementSeeder')
 8 SYSTEMPATH/CLI/Commands.php(72): CodeIgniter\Commands\Database\Seed->run([])
 9 SYSTEMPATH/CLI/Console.php(47): CodeIgniter\CLI\Commands->run('db:seed', [...])
10 SYSTEMPATH/Boot.php(444): CodeIgniter\CLI\Console->run()
11 SYSTEMPATH/Boot.php(166): CodeIgniter\Boot::runCommand(Object(CodeIgniter\CLI\Console))
12 ROOTPATH/spark(87): CodeIgniter\Boot::bootSpark(Object(Config\Paths))
WARNING - 2026-08-30 04:00:49 --> [DEPRECATED] Since fakerphp/faker 1.14: Accessing property "company" is deprecated, use "company()" instead. in VENDORPATH/symfony/deprecation-contracts/function.php on line 25.
 1 VENDORPATH/symfony/deprecation-contracts/function.php(25): trigger_error('Since fakerphp/faker 1.14: Accessing property "company" is deprecated, use "company()" instead.', 16384)
 2 VENDORPATH/fakerphp/faker/src/Faker/Generator.php(962): trigger_deprecation('fakerphp/faker', '1.14', 'Accessing property "%s" is deprecated, use "%s()" instead.', 'company', 'company')
 3 APPPATH/Database/Seeds/ClientSeeder.php(18): Faker\Generator->__get('company')
 4 SYSTEMPATH/Database/Seeder.php(155): App\Database\Seeds\ClientSeeder->run()
 5 APPPATH/Database/Seeds/MouvementSeeder.php(25): CodeIgniter\Database\Seeder->call('App\\Database\\Seeds\\ClientSeeder')
 6 SYSTEMPATH/Database/Seeder.php(155): App\Database\Seeds\MouvementSeeder->run()
 7 SYSTEMPATH/Commands/Database/Seed.php(79): CodeIgniter\Database\Seeder->call('App\\Database\\Seeds\\MouvementSeeder')
 8 SYSTEMPATH/CLI/Commands.php(72): CodeIgniter\Commands\Database\Seed->run([])
 9 SYSTEMPATH/CLI/Console.php(47): CodeIgniter\CLI\Commands->run('db:seed', [...])
10 SYSTEMPATH/Boot.php(444): CodeIgniter\CLI\Console->run()
11 SYSTEMPATH/Boot.php(166): CodeIgniter\Boot::runCommand(Object(CodeIgniter\CLI\Console))
12 ROOTPATH/spark(87): CodeIgniter\Boot::bootSpark(Object(Config\Paths))
WARNING - 2026-08-30 04:00:49 --> [DEPRECATED] Since fakerphp/faker 1.14: Accessing property "name" is deprecated, use "name()" instead. in VENDORPATH/symfony/deprecation-contracts/function.php on line 25.
 1 VENDORPATH/symfony/deprecation-contracts/function.php(25): trigger_error('Since fakerphp/faker 1.14: Accessing property "name" is deprecated, use "name()" instead.', 16384)
 2 VENDORPATH/fakerphp/faker/src/Faker/Generator.php(962): trigger_deprecation('fakerphp/faker', '1.14', 'Accessing property "%s" is deprecated, use "%s()" instead.', 'name', 'name')
 3 APPPATH/Database/Seeds/ClientSeeder.php(21): Faker\Generator->__get('name')
 4 SYSTEMPATH/Database/Seeder.php(155): App\Database\Seeds\ClientSeeder->run()
 5 APPPATH/Database/Seeds/MouvementSeeder.php(25): CodeIgniter\Database\Seeder->call('App\\Database\\Seeds\\ClientSeeder')
 6 SYSTEMPATH/Database/Seeder.php(155): App\Database\Seeds\MouvementSeeder->run()
 7 SYSTEMPATH/Commands/Database/Seed.php(79): CodeIgniter\Database\Seeder->call('App\\Database\\Seeds\\MouvementSeeder')
 8 SYSTEMPATH/CLI/Commands.php(72): CodeIgniter\Commands\Database\Seed->run([])
 9 SYSTEMPATH/CLI/Console.php(47): CodeIgniter\CLI\Commands->run('db:seed', [...])
10 SYSTEMPATH/Boot.php(444): CodeIgniter\CLI\Console->run()
11 SYSTEMPATH/Boot.php(166): CodeIgniter\Boot::runCommand(Object(CodeIgniter\CLI\Console))
12 ROOTPATH/spark(87): CodeIgniter\Boot::bootSpark(Object(Config\Paths))
WARNING - 2026-08-30 04:00:49 --> [DEPRECATED] Since fakerphp/faker 1.14: Accessing property "phoneNumber" is deprecated, use "phoneNumber()" instead. in VENDORPATH/symfony/deprecation-contracts/function.php on line 25.
 1 VENDORPATH/symfony/deprecation-contracts/function.php(25): trigger_error('Since fakerphp/faker 1.14: Accessing property "phoneNumber" is deprecated, use "phoneNumber()" instead.', 16384)
 2 VENDORPATH/fakerphp/faker/src/Faker/Generator.php(962): trigger_deprecation('fakerphp/faker', '1.14', 'Accessing property "%s" is deprecated, use "%s()" instead.', 'phoneNumber', 'phoneNumber')
 3 APPPATH/Database/Seeds/ClientSeeder.php(26): Faker\Generator->__get('phoneNumber')
 4 SYSTEMPATH/Database/Seeder.php(155): App\Database\Seeds\ClientSeeder->run()
 5 APPPATH/Database/Seeds/MouvementSeeder.php(25): CodeIgniter\Database\Seeder->call('App\\Database\\Seeds\\ClientSeeder')
 6 SYSTEMPATH/Database/Seeder.php(155): App\Database\Seeds\MouvementSeeder->run()
 7 SYSTEMPATH/Commands/Database/Seed.php(79): CodeIgniter\Database\Seeder->call('App\\Database\\Seeds\\MouvementSeeder')
 8 SYSTEMPATH/CLI/Commands.php(72): CodeIgniter\Commands\Database\Seed->run([])
 9 SYSTEMPATH/CLI/Console.php(47): CodeIgniter\CLI\Commands->run('db:seed', [...])
10 SYSTEMPATH/Boot.php(444): CodeIgniter\CLI\Console->run()
11 SYSTEMPATH/Boot.php(166): CodeIgniter\Boot::runCommand(Object(CodeIgniter\CLI\Console))
12 ROOTPATH/spark(87): CodeIgniter\Boot::bootSpark(Object(Config\Paths))
WARNING - 2026-08-30 04:00:49 --> [DEPRECATED] Since fakerphp/faker 1.14: Accessing property "address" is deprecated, use "address()" instead. in VENDORPATH/symfony/deprecation-contracts/function.php on line 25.
 1 VENDORPATH/symfony/deprecation-contracts/function.php(25): trigger_error('Since fakerphp/faker 1.14: Accessing property "address" is deprecated, use "address()" instead.', 16384)
 2 VENDORPATH/fakerphp/faker/src/Faker/Generator.php(962): trigger_deprecation('fakerphp/faker', '1.14', 'Accessing property "%s" is deprecated, use "%s()" instead.', 'address', 'address')
 3 APPPATH/Database/Seeds/ClientSeeder.php(27): Faker\Generator->__get('address')
 4 SYSTEMPATH/Database/Seeder.php(155): App\Database\Seeds\ClientSeeder->run()
 5 APPPATH/Database/Seeds/MouvementSeeder.php(25): CodeIgniter\Database\Seeder->call('App\\Database\\Seeds\\ClientSeeder')
 6 SYSTEMPATH/Database/Seeder.php(155): App\Database\Seeds\MouvementSeeder->run()
 7 SYSTEMPATH/Commands/Database/Seed.php(79): CodeIgniter\Database\Seeder->call('App\\Database\\Seeds\\MouvementSeeder')
 8 SYSTEMPATH/CLI/Commands.php(72): CodeIgniter\Commands\Database\Seed->run([])
 9 SYSTEMPATH/CLI/Console.php(47): CodeIgniter\CLI\Commands->run('db:seed', [...])
10 SYSTEMPATH/Boot.php(444): CodeIgniter\CLI\Console->run()
11 SYSTEMPATH/Boot.php(166): CodeIgniter\Boot::runCommand(Object(CodeIgniter\CLI\Console))
12 ROOTPATH/spark(87): CodeIgniter\Boot::bootSpark(Object(Config\Paths))
WARNING - 2026-08-30 04:00:49 --> [DEPRECATED] Since fakerphp/faker 1.14: Accessing property "company" is deprecated, use "company()" instead. in VENDORPATH/symfony/deprecation-contracts/function.php on line 25.
 1 VENDORPATH/symfony/deprecation-contracts/function.php(25): trigger_error('Since fakerphp/faker 1.14: Accessing property "company" is deprecated, use "company()" instead.', 16384)
 2 VENDORPATH/fakerphp/faker/src/Faker/Generator.php(962): trigger_deprecation('fakerphp/faker', '1.14', 'Accessing property "%s" is deprecated, use "%s()" instead.', 'company', 'company')
 3 APPPATH/Database/Seeds/ClientSeeder.php(18): Faker\Generator->__get('company')
 4 SYSTEMPATH/Database/Seeder.php(155): App\Database\Seeds\ClientSeeder->run()
 5 SYSTEMPATH/Commands/Database/Seed.php(79): CodeIgniter\Database\Seeder->call('App\\Database\\Seeds\\ClientSeeder')
 6 SYSTEMPATH/CLI/Commands.php(72): CodeIgniter\Commands\Database\Seed->run([])
 7 SYSTEMPATH/CLI/Console.php(47): CodeIgniter\CLI\Commands->run('db:seed', [...])
 8 SYSTEMPATH/Boot.php(444): CodeIgniter\CLI\Console->run()
 9 SYSTEMPATH/Boot.php(166): CodeIgniter\Boot::runCommand(Object(CodeIgniter\CLI\Console))
10 ROOTPATH/spark(87): CodeIgniter\Boot::bootSpark(Object(Config\Paths))
WARNING - 2026-08-30 04:00:49 --> [DEPRECATED] Since fakerphp/faker 1.14: Accessing property "name" is deprecated, use "name()" instead. in VENDORPATH/symfony/deprecation-contracts/function.php on line 25.
 1 VENDORPATH/symfony/deprecation-contracts/function.php(25): trigger_error('Since fakerphp/faker 1.14: Accessing property "name" is deprecated, use "name()" instead.', 16384)
 2 VENDORPATH/fakerphp/faker/src/Faker/Generator.php(962): trigger_deprecation('fakerphp/faker', '1.14', 'Accessing property "%s" is deprecated, use "%s()" instead.', 'name', 'name')
 3 APPPATH/Database/Seeds/ClientSeeder.php(21): Faker\Generator->__get('name')
 4 SYSTEMPATH/Database/Seeder.php(155): App\Database\Seeds\ClientSeeder->run()
 5 SYSTEMPATH/Commands/Database/Seed.php(79): CodeIgniter\Database\Seeder->call('App\\Database\\Seeds\\ClientSeeder')
 6 SYSTEMPATH/CLI/Commands.php(72): CodeIgniter\Commands\Database\Seed->run([])
 7 SYSTEMPATH/CLI/Console.php(47): CodeIgniter\CLI\Commands->run('db:seed', [...])
 8 SYSTEMPATH/Boot.php(444): CodeIgniter\CLI\Console->run()
 9 SYSTEMPATH/Boot.php(166): CodeIgniter\Boot::runCommand(Object(CodeIgniter\CLI\Console))
10 ROOTPATH/spark(87): CodeIgniter\Boot::bootSpark(Object(Config\Paths))
WARNING - 2026-08-30 04:00:49 --> [DEPRECATED] Since fakerphp/faker 1.14: Accessing property "phoneNumber" is deprecated, use "phoneNumber()" instead. in VENDORPATH/symfony/deprecation-contracts/function.php on line 25.
 1 VENDORPATH/symfony/deprecation-contracts/function.php(25): trigger_error('Since fakerphp/faker 1.14: Accessing property "phoneNumber" is deprecated, use "phoneNumber()" instead.', 16384)
 2 VENDORPATH/fakerphp/faker/src/Faker/Generator.php(962): trigger_deprecation('fakerphp/faker', '1.14', 'Accessing property "%s" is deprecated, use "%s()" instead.', 'phoneNumber', 'phoneNumber')
 3 APPPATH/Database/Seeds/ClientSeeder.php(26): Faker\Generator->__get('phoneNumber')
 4 SYSTEMPATH/Database/Seeder.php(155): App\Database\Seeds\ClientSeeder->run()
 5 SYSTEMPATH/Commands/Database/Seed.php(79): CodeIgniter\Database\Seeder->call('App\\Database\\Seeds\\ClientSeeder')
 6 SYSTEMPATH/CLI/Commands.php(72): CodeIgniter\Commands\Database\Seed->run([])
 7 SYSTEMPATH/CLI/Console.php(47): CodeIgniter\CLI\Commands->run('db:seed', [...])
 8 SYSTEMPATH/Boot.php(444): CodeIgniter\CLI\Console->run()
 9 SYSTEMPATH/Boot.php(166): CodeIgniter\Boot::runCommand(Object(CodeIgniter\CLI\Console))
10 ROOTPATH/spark(87): CodeIgniter\Boot::bootSpark(Object(Config\Paths))
WARNING - 2026-08-30 04:00:49 --> [DEPRECATED] Since fakerphp/faker 1.14: Accessing property "address" is deprecated, use "address()" instead. in VENDORPATH/symfony/deprecation-contracts/function.php on line 25.
 1 VENDORPATH/symfony/deprecation-contracts/function.php(25): trigger_error('Since fakerphp/faker 1.14: Accessing property "address" is deprecated, use "address()" instead.', 16384)
 2 VENDORPATH/fakerphp/faker/src/Faker/Generator.php(962): trigger_deprecation('fakerphp/faker', '1.14', 'Accessing property "%s" is deprecated, use "%s()" instead.', 'address', 'address')
 3 APPPATH/Database/Seeds/ClientSeeder.php(27): Faker\Generator->__get('address')
 4 SYSTEMPATH/Database/Seeder.php(155): App\Database\Seeds\ClientSeeder->run()
 5 SYSTEMPATH/Commands/Database/Seed.php(79): CodeIgniter\Database\Seeder->call('App\\Database\\Seeds\\ClientSeeder')
 6 SYSTEMPATH/CLI/Commands.php(72): CodeIgniter\Commands\Database\Seed->run([])
 7 SYSTEMPATH/CLI/Console.php(47): CodeIgniter\CLI\Commands->run('db:seed', [...])
 8 SYSTEMPATH/Boot.php(444): CodeIgniter\CLI\Console->run()
 9 SYSTEMPATH/Boot.php(166): CodeIgniter\Boot::runCommand(Object(CodeIgniter\CLI\Console))
10 ROOTPATH/spark(87): CodeIgniter\Boot::bootSpark(Object(Config\Paths))
WARNING - 2026-08-30 04:00:49 --> [DEPRECATED] Since fakerphp/faker 1.14: Accessing property "company" is deprecated, use "company()" instead. in VENDORPATH/symfony/deprecation-contracts/function.php on line 25.
 1 VENDORPATH/symfony/deprecation-contracts/function.php(25): trigger_error('Since fakerphp/faker 1.14: Accessing property "company" is deprecated, use "company()" instead.', 16384)
 2 VENDORPATH/fakerphp/faker/src/Faker/Generator.php(962): trigger_deprecation('fakerphp/faker', '1.14', 'Accessing property "%s" is deprecated, use "%s()" instead.', 'company', 'company')
 3 APPPATH/Database/Seeds/ClientSeeder.php(18): Faker\Generator->__get('company')
 4 SYSTEMPATH/Database/Seeder.php(155): App\Database\Seeds\ClientSeeder->run()
 5 SYSTEMPATH/Commands/Database/Seed.php(79): CodeIgniter\Database\Seeder->call('App\\Database\\Seeds\\ClientSeeder')
 6 SYSTEMPATH/CLI/Commands.php(72): CodeIgniter\Commands\Database\Seed->run([])
 7 SYSTEMPATH/CLI/Console.php(47): CodeIgniter\CLI\Commands->run('db:seed', [...])
 8 SYSTEMPATH/Boot.php(444): CodeIgniter\CLI\Console->run()
 9 SYSTEMPATH/Boot.php(166): CodeIgniter\Boot::runCommand(Object(CodeIgniter\CLI\Console))
10 ROOTPATH/spark(87): CodeIgniter\Boot::bootSpark(Object(Config\Paths))
WARNING - 2026-08-30 04:00:49 --> [DEPRECATED] Since fakerphp/faker 1.14: Accessing property "phoneNumber" is deprecated, use "phoneNumber()" instead. in VENDORPATH/symfony/deprecation-contracts/function.php on line 25.
 1 VENDORPATH/symfony/deprecation-contracts/function.php(25): trigger_error('Since fakerphp/faker 1.14: Accessing property "phoneNumber" is deprecated, use "phoneNumber()" instead.', 16384)
 2 VENDORPATH/fakerphp/faker/src/Faker/Generator.php(962): trigger_deprecation('fakerphp/faker', '1.14', 'Accessing property "%s" is deprecated, use "%s()" instead.', 'phoneNumber', 'phoneNumber')
 3 APPPATH/Database/Seeds/ClientSeeder.php(26): Faker\Generator->__get('phoneNumber')
 4 SYSTEMPATH/Database/Seeder.php(155): App\Database\Seeds\ClientSeeder->run()
 5 SYSTEMPATH/Commands/Database/Seed.php(79): CodeIgniter\Database\Seeder->call('App\\Database\\Seeds\\ClientSeeder')
 6 SYSTEMPATH/CLI/Commands.php(72): CodeIgniter\Commands\Database\Seed->run([])
 7 SYSTEMPATH/CLI/Console.php(47): CodeIgniter\CLI\Commands->run('db:seed', [...])
 8 SYSTEMPATH/Boot.php(444): CodeIgniter\CLI\Console->run()
 9 SYSTEMPATH/Boot.php(166): CodeIgniter\Boot::runCommand(Object(CodeIgniter\CLI\Console))
10 ROOTPATH/spark(87): CodeIgniter\Boot::bootSpark(Object(Config\Paths))
WARNING - 2026-08-30 04:00:49 --> [DEPRECATED] Since fakerphp/faker 1.14: Accessing property "address" is deprecated, use "address()" instead. in VENDORPATH/symfony/deprecation-contracts/function.php on line 25.
 1 VENDORPATH/symfony/deprecation-contracts/function.php(25): trigger_error('Since fakerphp/faker 1.14: Accessing property "address" is deprecated, use "address()" instead.', 16384)
 2 VENDORPATH/fakerphp/faker/src/Faker/Generator.php(962): trigger_deprecation('fakerphp/faker', '1.14', 'Accessing property "%s" is deprecated, use "%s()" instead.', 'address', 'address')
 3 APPPATH/Database/Seeds/ClientSeeder.php(27): Faker\Generator->__get('address')
 4 SYSTEMPATH/Database/Seeder.php(155): App\Database\Seeds\ClientSeeder->run()
 5 SYSTEMPATH/Commands/Database/Seed.php(79): CodeIgniter\Database\Seeder->call('App\\Database\\Seeds\\ClientSeeder')
 6 SYSTEMPATH/CLI/Commands.php(72): CodeIgniter\Commands\Database\Seed->run([])
 7 SYSTEMPATH/CLI/Console.php(47): CodeIgniter\CLI\Commands->run('db:seed', [...])
 8 SYSTEMPATH/Boot.php(444): CodeIgniter\CLI\Console->run()
 9 SYSTEMPATH/Boot.php(166): CodeIgniter\Boot::runCommand(Object(CodeIgniter\CLI\Console))
10 ROOTPATH/spark(87): CodeIgniter\Boot::bootSpark(Object(Config\Paths))
WARNING - 2026-08-30 04:00:49 --> [DEPRECATED] Since fakerphp/faker 1.14: Accessing property "company" is deprecated, use "company()" instead. in VENDORPATH/symfony/deprecation-contracts/function.php on line 25.
 1 VENDORPATH/symfony/deprecation-contracts/function.php(25): trigger_error('Since fakerphp/faker 1.14: Accessing property "company" is deprecated, use "company()" instead.', 16384)
 2 VENDORPATH/fakerphp/faker/src/Faker/Generator.php(962): trigger_deprecation('fakerphp/faker', '1.14', 'Accessing property "%s" is deprecated, use "%s()" instead.', 'company', 'company')
 3 APPPATH/Database/Seeds/ClientSeeder.php(18): Faker\Generator->__get('company')
 4 SYSTEMPATH/Database/Seeder.php(155): App\Database\Seeds\ClientSeeder->run()
 5 SYSTEMPATH/Commands/Database/Seed.php(79): CodeIgniter\Database\Seeder->call('App\\Database\\Seeds\\ClientSeeder')
 6 SYSTEMPATH/CLI/Commands.php(72): CodeIgniter\Commands\Database\Seed->run([])
 7 SYSTEMPATH/CLI/Console.php(47): CodeIgniter\CLI\Commands->run('db:seed', [...])
 8 SYSTEMPATH/Boot.php(444): CodeIgniter\CLI\Console->run()
 9 SYSTEMPATH/Boot.php(166): CodeIgniter\Boot::runCommand(Object(CodeIgniter\CLI\Console))
10 ROOTPATH/spark(87): CodeIgniter\Boot::bootSpark(Object(Config\Paths))
WARNING - 2026-08-30 04:00:49 --> [DEPRECATED] Since fakerphp/faker 1.14: Accessing property "phoneNumber" is deprecated, use "phoneNumber()" instead. in VENDORPATH/symfony/deprecation-contracts/function.php on line 25.
 1 VENDORPATH/symfony/deprecation-contracts/function.php(25): trigger_error('Since fakerphp/faker 1.14: Accessing property "phoneNumber" is deprecated, use "phoneNumber()" instead.', 16384)
 2 VENDORPATH/fakerphp/faker/src/Faker/Generator.php(962): trigger_deprecation('fakerphp/faker', '1.14', 'Accessing property "%s" is deprecated, use "%s()" instead.', 'phoneNumber', 'phoneNumber')
 3 APPPATH/Database/Seeds/ClientSeeder.php(26): Faker\Generator->__get('phoneNumber')
 4 SYSTEMPATH/Database/Seeder.php(155): App\Database\Seeds\ClientSeeder->run()
 5 SYSTEMPATH/Commands/Database/Seed.php(79): CodeIgniter\Database\Seeder->call('App\\Database\\Seeds\\ClientSeeder')
 6 SYSTEMPATH/CLI/Commands.php(72): CodeIgniter\Commands\Database\Seed->run([])
 7 SYSTEMPATH/CLI/Console.php(47): CodeIgniter\CLI\Commands->run('db:seed', [...])
 8 SYSTEMPATH/Boot.php(444): CodeIgniter\CLI\Console->run()
 9 SYSTEMPATH/Boot.php(166): CodeIgniter\Boot::runCommand(Object(CodeIgniter\CLI\Console))
10 ROOTPATH/spark(87): CodeIgniter\Boot::bootSpark(Object(Config\Paths))
WARNING - 2026-08-30 04:00:49 --> [DEPRECATED] Since fakerphp/faker 1.14: Accessing property "address" is deprecated, use "address()" instead. in VENDORPATH/symfony/deprecation-contracts/function.php on line 25.
 1 VENDORPATH/symfony/deprecation-contracts/function.php(25): trigger_error('Since fakerphp/faker 1.14: Accessing property "address" is deprecated, use "address()" instead.', 16384)
 2 VENDORPATH/fakerphp/faker/src/Faker/Generator.php(962): trigger_deprecation('fakerphp/faker', '1.14', 'Accessing property "%s" is deprecated, use "%s()" instead.', 'address', 'address')
 3 APPPATH/Database/Seeds/ClientSeeder.php(27): Faker\Generator->__get('address')
 4 SYSTEMPATH/Database/Seeder.php(155): App\Database\Seeds\ClientSeeder->run()
 5 SYSTEMPATH/Commands/Database/Seed.php(79): CodeIgniter\Database\Seeder->call('App\\Database\\Seeds\\ClientSeeder')
 6 SYSTEMPATH/CLI/Commands.php(72): CodeIgniter\Commands\Database\Seed->run([])
 7 SYSTEMPATH/CLI/Console.php(47): CodeIgniter\CLI\Commands->run('db:seed', [...])
 8 SYSTEMPATH/Boot.php(444): CodeIgniter\CLI\Console->run()
 9 SYSTEMPATH/Boot.php(166): CodeIgniter\Boot::runCommand(Object(CodeIgniter\CLI\Console))
10 ROOTPATH/spark(87): CodeIgniter\Boot::bootSpark(Object(Config\Paths))
WARNING - 2026-08-30 04:00:49 --> [DEPRECATED] Since fakerphp/faker 1.14: Accessing property "company" is deprecated, use "company()" instead. in VENDORPATH/symfony/deprecation-contracts/function.php on line 25.
 1 VENDORPATH/symfony/deprecation-contracts/function.php(25): trigger_error('Since fakerphp/faker 1.14: Accessing property "company" is deprecated, use "company()" instead.', 16384)
 2 VENDORPATH/fakerphp/faker/src/Faker/Generator.php(962): trigger_deprecation('fakerphp/faker', '1.14', 'Accessing property "%s" is deprecated, use "%s()" instead.', 'company', 'company')
 3 APPPATH/Database/Seeds/ClientSeeder.php(18): Faker\Generator->__get('company')
 4 SYSTEMPATH/Database/Seeder.php(155): App\Database\Seeds\ClientSeeder->run()
 5 SYSTEMPATH/Commands/Database/Seed.php(79): CodeIgniter\Database\Seeder->call('App\\Database\\Seeds\\ClientSeeder')
 6 SYSTEMPATH/CLI/Commands.php(72): CodeIgniter\Commands\Database\Seed->run([])
 7 SYSTEMPATH/CLI/Console.php(47): CodeIgniter\CLI\Commands->run('db:seed', [...])
 8 SYSTEMPATH/Boot.php(444): CodeIgniter\CLI\Console->run()
 9 SYSTEMPATH/Boot.php(166): CodeIgniter\Boot::runCommand(Object(CodeIgniter\CLI\Console))
10 ROOTPATH/spark(87): CodeIgniter\Boot::bootSpark(Object(Config\Paths))
WARNING - 2026-08-30 04:00:49 --> [DEPRECATED] Since fakerphp/faker 1.14: Accessing property "name" is deprecated, use "name()" instead. in VENDORPATH/symfony/deprecation-contracts/function.php on line 25.
 1 VENDORPATH/symfony/deprecation-contracts/function.php(25): trigger_error('Since fakerphp/faker 1.14: Accessing property "name" is deprecated, use "name()" instead.', 16384)
 2 VENDORPATH/fakerphp/faker/src/Faker/Generator.php(962): trigger_deprecation('fakerphp/faker', '1.14', 'Accessing property "%s" is deprecated, use "%s()" instead.', 'name', 'name')
 3 APPPATH/Database/Seeds/ClientSeeder.php(21): Faker\Generator->__get('name')
 4 SYSTEMPATH/Database/Seeder.php(155): App\Database\Seeds\ClientSeeder->run()
 5 SYSTEMPATH/Commands/Database/Seed.php(79): CodeIgniter\Database\Seeder->call('App\\Database\\Seeds\\ClientSeeder')
 6 SYSTEMPATH/CLI/Commands.php(72): CodeIgniter\Commands\Database\Seed->run([])
 7 SYSTEMPATH/CLI/Console.php(47): CodeIgniter\CLI\Commands->run('db:seed', [...])
 8 SYSTEMPATH/Boot.php(444): CodeIgniter\CLI\Console->run()
 9 SYSTEMPATH/Boot.php(166): CodeIgniter\Boot::runCommand(Object(CodeIgniter\CLI\Console))
10 ROOTPATH/spark(87): CodeIgniter\Boot::bootSpark(Object(Config\Paths))
WARNING - 2026-08-30 04:00:49 --> [DEPRECATED] Since fakerphp/faker 1.14: Accessing property "phoneNumber" is deprecated, use "phoneNumber()" instead. in VENDORPATH/symfony/deprecation-contracts/function.php on line 25.
 1 VENDORPATH/symfony/deprecation-contracts/function.php(25): trigger_error('Since fakerphp/faker 1.14: Accessing property "phoneNumber" is deprecated, use "phoneNumber()" instead.', 16384)
 2 VENDORPATH/fakerphp/faker/src/Faker/Generator.php(962): trigger_deprecation('fakerphp/faker', '1.14', 'Accessing property "%s" is deprecated, use "%s()" instead.', 'phoneNumber', 'phoneNumber')
 3 APPPATH/Database/Seeds/ClientSeeder.php(26): Faker\Generator->__get('phoneNumber')
 4 SYSTEMPATH/Database/Seeder.php(155): App\Database\Seeds\ClientSeeder->run()
 5 SYSTEMPATH/Commands/Database/Seed.php(79): CodeIgniter\Database\Seeder->call('App\\Database\\Seeds\\ClientSeeder')
 6 SYSTEMPATH/CLI/Commands.php(72): CodeIgniter\Commands\Database\Seed->run([])
 7 SYSTEMPATH/CLI/Console.php(47): CodeIgniter\CLI\Commands->run('db:seed', [...])
 8 SYSTEMPATH/Boot.php(444): CodeIgniter\CLI\Console->run()
 9 SYSTEMPATH/Boot.php(166): CodeIgniter\Boot::runCommand(Object(CodeIgniter\CLI\Console))
10 ROOTPATH/spark(87): CodeIgniter\Boot::bootSpark(Object(Config\Paths))
WARNING - 2026-08-30 04:00:49 --> [DEPRECATED] Since fakerphp/faker 1.14: Accessing property "address" is deprecated, use "address()" instead. in VENDORPATH/symfony/deprecation-contracts/function.php on line 25.
 1 VENDORPATH/symfony/deprecation-contracts/function.php(25): trigger_error('Since fakerphp/faker 1.14: Accessing property "address" is deprecated, use "address()" instead.', 16384)
 2 VENDORPATH/fakerphp/faker/src/Faker/Generator.php(962): trigger_deprecation('fakerphp/faker', '1.14', 'Accessing property "%s" is deprecated, use "%s()" instead.', 'address', 'address')
 3 APPPATH/Database/Seeds/ClientSeeder.php(27): Faker\Generator->__get('address')
 4 SYSTEMPATH/Database/Seeder.php(155): App\Database\Seeds\ClientSeeder->run()
 5 SYSTEMPATH/Commands/Database/Seed.php(79): CodeIgniter\Database\Seeder->call('App\\Database\\Seeds\\ClientSeeder')
 6 SYSTEMPATH/CLI/Commands.php(72): CodeIgniter\Commands\Database\Seed->run([])
 7 SYSTEMPATH/CLI/Console.php(47): CodeIgniter\CLI\Commands->run('db:seed', [...])
 8 SYSTEMPATH/Boot.php(444): CodeIgniter\CLI\Console->run()
 9 SYSTEMPATH/Boot.php(166): CodeIgniter\Boot::runCommand(Object(CodeIgniter\CLI\Console))
10 ROOTPATH/spark(87): CodeIgniter\Boot::bootSpark(Object(Config\Paths))
WARNING - 2026-08-30 04:00:49 --> [DEPRECATED] Since fakerphp/faker 1.14: Accessing property "company" is deprecated, use "company()" instead. in VENDORPATH/symfony/deprecation-contracts/function.php on line 25.
 1 VENDORPATH/symfony/deprecation-contracts/function.php(25): trigger_error('Since fakerphp/faker 1.14: Accessing property "company" is deprecated, use "company()" instead.', 16384)
 2 VENDORPATH/fakerphp/faker/src/Faker/Generator.php(962): trigger_deprecation('fakerphp/faker', '1.14', 'Accessing property "%s" is deprecated, use "%s()" instead.', 'company', 'company')
 3 APPPATH/Database/Seeds/ClientSeeder.php(18): Faker\Generator->__get('company')
 4 SYSTEMPATH/Database/Seeder.php(155): App\Database\Seeds\ClientSeeder->run()
 5 SYSTEMPATH/Commands/Database/Seed.php(79): CodeIgniter\Database\Seeder->call('App\\Database\\Seeds\\ClientSeeder')
 6 SYSTEMPATH/CLI/Commands.php(72): CodeIgniter\Commands\Database\Seed->run([])
 7 SYSTEMPATH/CLI/Console.php(47): CodeIgniter\CLI\Commands->run('db:seed', [...])
 8 SYSTEMPATH/Boot.php(444): CodeIgniter\CLI\Console->run()
 9 SYSTEMPATH/Boot.php(166): CodeIgniter\Boot::runCommand(Object(CodeIgniter\CLI\Console))
10 ROOTPATH/spark(87): CodeIgniter\Boot::bootSpark(Object(Config\Paths))
WARNING - 2026-08-30 04:00:49 --> [DEPRECATED] Since fakerphp/faker 1.14: Accessing property "phoneNumber" is deprecated, use "phoneNumber()" instead. in VENDORPATH/symfony/deprecation-contracts/function.php on line 25.
 1 VENDORPATH/symfony/deprecation-contracts/function.php(25): trigger_error('Since fakerphp/faker 1.14: Accessing property "phoneNumber" is deprecated, use "phoneNumber()" instead.', 16384)
 2 VENDORPATH/fakerphp/faker/src/Faker/Generator.php(962): trigger_deprecation('fakerphp/faker', '1.14', 'Accessing property "%s" is deprecated, use "%s()" instead.', 'phoneNumber', 'phoneNumber')
 3 APPPATH/Database/Seeds/ClientSeeder.php(26): Faker\Generator->__get('phoneNumber')
 4 SYSTEMPATH/Database/Seeder.php(155): App\Database\Seeds\ClientSeeder->run()
 5 SYSTEMPATH/Commands/Database/Seed.php(79): CodeIgniter\Database\Seeder->call('App\\Database\\Seeds\\ClientSeeder')
 6 SYSTEMPATH/CLI/Commands.php(72): CodeIgniter\Commands\Database\Seed->run([])
 7 SYSTEMPATH/CLI/Console.php(47): CodeIgniter\CLI\Commands->run('db:seed', [...])
 8 SYSTEMPATH/Boot.php(444): CodeIgniter\CLI\Console->run()
 9 SYSTEMPATH/Boot.php(166): CodeIgniter\Boot::runCommand(Object(CodeIgniter\CLI\Console))
10 ROOTPATH/spark(87): CodeIgniter\Boot::bootSpark(Object(Config\Paths))
WARNING - 2026-08-30 04:00:49 --> [DEPRECATED] Since fakerphp/faker 1.14: Accessing property "address" is deprecated, use "address()" instead. in VENDORPATH/symfony/deprecation-contracts/function.php on line 25.
 1 VENDORPATH/symfony/deprecation-contracts/function.php(25): trigger_error('Since fakerphp/faker 1.14: Accessing property "address" is deprecated, use "address()" instead.', 16384)
 2 VENDORPATH/fakerphp/faker/src/Faker/Generator.php(962): trigger_deprecation('fakerphp/faker', '1.14', 'Accessing property "%s" is deprecated, use "%s()" instead.', 'address', 'address')
 3 APPPATH/Database/Seeds/ClientSeeder.php(27): Faker\Generator->__get('address')
 4 SYSTEMPATH/Database/Seeder.php(155): App\Database\Seeds\ClientSeeder->run()
 5 SYSTEMPATH/Commands/Database/Seed.php(79): CodeIgniter\Database\Seeder->call('App\\Database\\Seeds\\ClientSeeder')
 6 SYSTEMPATH/CLI/Commands.php(72): CodeIgniter\Commands\Database\Seed->run([])
 7 SYSTEMPATH/CLI/Console.php(47): CodeIgniter\CLI\Commands->run('db:seed', [...])
 8 SYSTEMPATH/Boot.php(444): CodeIgniter\CLI\Console->run()
 9 SYSTEMPATH/Boot.php(166): CodeIgniter\Boot::runCommand(Object(CodeIgniter\CLI\Console))
10 ROOTPATH/spark(87): CodeIgniter\Boot::bootSpark(Object(Config\Paths))
WARNING - 2026-08-30 04:00:49 --> [DEPRECATED] Since fakerphp/faker 1.14: Accessing property "company" is deprecated, use "company()" instead. in VENDORPATH/symfony/deprecation-contracts/function.php on line 25.
 1 VENDORPATH/symfony/deprecation-contracts/function.php(25): trigger_error('Since fakerphp/faker 1.14: Accessing property "company" is deprecated, use "company()" instead.', 16384)
 2 VENDORPATH/fakerphp/faker/src/Faker/Generator.php(962): trigger_deprecation('fakerphp/faker', '1.14', 'Accessing property "%s" is deprecated, use "%s()" instead.', 'company', 'company')
 3 APPPATH/Database/Seeds/ClientSeeder.php(18): Faker\Generator->__get('company')
 4 SYSTEMPATH/Database/Seeder.php(155): App\Database\Seeds\ClientSeeder->run()
 5 SYSTEMPATH/Commands/Database/Seed.php(79): CodeIgniter\Database\Seeder->call('App\\Database\\Seeds\\ClientSeeder')
 6 SYSTEMPATH/CLI/Commands.php(72): CodeIgniter\Commands\Database\Seed->run([])
 7 SYSTEMPATH/CLI/Console.php(47): CodeIgniter\CLI\Commands->run('db:seed', [...])
 8 SYSTEMPATH/Boot.php(444): CodeIgniter\CLI\Console->run()
 9 SYSTEMPATH/Boot.php(166): CodeIgniter\Boot::runCommand(Object(CodeIgniter\CLI\Console))
10 ROOTPATH/spark(87): CodeIgniter\Boot::bootSpark(Object(Config\Paths))
WARNING - 2026-08-30 04:00:49 --> [DEPRECATED] Since fakerphp/faker 1.14: Accessing property "phoneNumber" is deprecated, use "phoneNumber()" instead. in VENDORPATH/symfony/deprecation-contracts/function.php on line 25.
 1 VENDORPATH/symfony/deprecation-contracts/function.php(25): trigger_error('Since fakerphp/faker 1.14: Accessing property "phoneNumber" is deprecated, use "phoneNumber()" instead.', 16384)
 2 VENDORPATH/fakerphp/faker/src/Faker/Generator.php(962): trigger_deprecation('fakerphp/faker', '1.14', 'Accessing property "%s" is deprecated, use "%s()" instead.', 'phoneNumber', 'phoneNumber')
 3 APPPATH/Database/Seeds/ClientSeeder.php(26): Faker\Generator->__get('phoneNumber')
 4 SYSTEMPATH/Database/Seeder.php(155): App\Database\Seeds\ClientSeeder->run()
 5 SYSTEMPATH/Commands/Database/Seed.php(79): CodeIgniter\Database\Seeder->call('App\\Database\\Seeds\\ClientSeeder')
 6 SYSTEMPATH/CLI/Commands.php(72): CodeIgniter\Commands\Database\Seed->run([])
 7 SYSTEMPATH/CLI/Console.php(47): CodeIgniter\CLI\Commands->run('db:seed', [...])
 8 SYSTEMPATH/Boot.php(444): CodeIgniter\CLI\Console->run()
 9 SYSTEMPATH/Boot.php(166): CodeIgniter\Boot::runCommand(Object(CodeIgniter\CLI\Console))
10 ROOTPATH/spark(87): CodeIgniter\Boot::bootSpark(Object(Config\Paths))
WARNING - 2026-08-30 04:00:49 --> [DEPRECATED] Since fakerphp/faker 1.14: Accessing property "address" is deprecated, use "address()" instead. in VENDORPATH/symfony/deprecation-contracts/function.php on line 25.
 1 VENDORPATH/symfony/deprecation-contracts/function.php(25): trigger_error('Since fakerphp/faker 1.14: Accessing property "address" is deprecated, use "address()" instead.', 16384)
 2 VENDORPATH/fakerphp/faker/src/Faker/Generator.php(962): trigger_deprecation('fakerphp/faker', '1.14', 'Accessing property "%s" is deprecated, use "%s()" instead.', 'address', 'address')
 3 APPPATH/Database/Seeds/ClientSeeder.php(27): Faker\Generator->__get('address')
 4 SYSTEMPATH/Database/Seeder.php(155): App\Database\Seeds\ClientSeeder->run()
 5 SYSTEMPATH/Commands/Database/Seed.php(79): CodeIgniter\Database\Seeder->call('App\\Database\\Seeds\\ClientSeeder')
 6 SYSTEMPATH/CLI/Commands.php(72): CodeIgniter\Commands\Database\Seed->run([])
 7 SYSTEMPATH/CLI/Console.php(47): CodeIgniter\CLI\Commands->run('db:seed', [...])
 8 SYSTEMPATH/Boot.php(444): CodeIgniter\CLI\Console->run()
 9 SYSTEMPATH/Boot.php(166): CodeIgniter\Boot::runCommand(Object(CodeIgniter\CLI\Console))
10 ROOTPATH/spark(87): CodeIgniter\Boot::bootSpark(Object(Config\Paths))
WARNING - 2026-08-30 04:00:49 --> [DEPRECATED] Since fakerphp/faker 1.14: Accessing property "company" is deprecated, use "company()" instead. in VENDORPATH/symfony/deprecation-contracts/function.php on line 25.
 1 VENDORPATH/symfony/deprecation-contracts/function.php(25): trigger_error('Since fakerphp/faker 1.14: Accessing property "company" is deprecated, use "company()" instead.', 16384)
 2 VENDORPATH/fakerphp/faker/src/Faker/Generator.php(962): trigger_deprecation('fakerphp/faker', '1.14', 'Accessing property "%s" is deprecated, use "%s()" instead.', 'company', 'company')
 3 APPPATH/Database/Seeds/ClientSeeder.php(18): Faker\Generator->__get('company')
 4 SYSTEMPATH/Database/Seeder.php(155): App\Database\Seeds\ClientSeeder->run()
 5 SYSTEMPATH/Commands/Database/Seed.php(79): CodeIgniter\Database\Seeder->call('App\\Database\\Seeds\\ClientSeeder')
 6 SYSTEMPATH/CLI/Commands.php(72): CodeIgniter\Commands\Database\Seed->run([])
 7 SYSTEMPATH/CLI/Console.php(47): CodeIgniter\CLI\Commands->run('db:seed', [...])
 8 SYSTEMPATH/Boot.php(444): CodeIgniter\CLI\Console->run()
 9 SYSTEMPATH/Boot.php(166): CodeIgniter\Boot::runCommand(Object(CodeIgniter\CLI\Console))
10 ROOTPATH/spark(87): CodeIgniter\Boot::bootSpark(Object(Config\Paths))
WARNING - 2026-08-30 04:00:49 --> [DEPRECATED] Since fakerphp/faker 1.14: Accessing property "name" is deprecated, use "name()" instead. in VENDORPATH/symfony/deprecation-contracts/function.php on line 25.
 1 VENDORPATH/symfony/deprecation-contracts/function.php(25): trigger_error('Since fakerphp/faker 1.14: Accessing property "name" is deprecated, use "name()" instead.', 16384)
 2 VENDORPATH/fakerphp/faker/src/Faker/Generator.php(962): trigger_deprecation('fakerphp/faker', '1.14', 'Accessing property "%s" is deprecated, use "%s()" instead.', 'name', 'name')
 3 APPPATH/Database/Seeds/ClientSeeder.php(21): Faker\Generator->__get('name')
 4 SYSTEMPATH/Database/Seeder.php(155): App\Database\Seeds\ClientSeeder->run()
 5 SYSTEMPATH/Commands/Database/Seed.php(79): CodeIgniter\Database\Seeder->call('App\\Database\\Seeds\\ClientSeeder')
 6 SYSTEMPATH/CLI/Commands.php(72): CodeIgniter\Commands\Database\Seed->run([])
 7 SYSTEMPATH/CLI/Console.php(47): CodeIgniter\CLI\Commands->run('db:seed', [...])
 8 SYSTEMPATH/Boot.php(444): CodeIgniter\CLI\Console->run()
 9 SYSTEMPATH/Boot.php(166): CodeIgniter\Boot::runCommand(Object(CodeIgniter\CLI\Console))
10 ROOTPATH/spark(87): CodeIgniter\Boot::bootSpark(Object(Config\Paths))
WARNING - 2026-08-30 04:00:49 --> [DEPRECATED] Since fakerphp/faker 1.14: Accessing property "phoneNumber" is deprecated, use "phoneNumber()" instead. in VENDORPATH/symfony/deprecation-contracts/function.php on line 25.
 1 VENDORPATH/symfony/deprecation-contracts/function.php(25): trigger_error('Since fakerphp/faker 1.14: Accessing property "phoneNumber" is deprecated, use "phoneNumber()" instead.', 16384)
 2 VENDORPATH/fakerphp/faker/src/Faker/Generator.php(962): trigger_deprecation('fakerphp/faker', '1.14', 'Accessing property "%s" is deprecated, use "%s()" instead.', 'phoneNumber', 'phoneNumber')
 3 APPPATH/Database/Seeds/ClientSeeder.php(26): Faker\Generator->__get('phoneNumber')
 4 SYSTEMPATH/Database/Seeder.php(155): App\Database\Seeds\ClientSeeder->run()
 5 SYSTEMPATH/Commands/Database/Seed.php(79): CodeIgniter\Database\Seeder->call('App\\Database\\Seeds\\ClientSeeder')
 6 SYSTEMPATH/CLI/Commands.php(72): CodeIgniter\Commands\Database\Seed->run([])
 7 SYSTEMPATH/CLI/Console.php(47): CodeIgniter\CLI\Commands->run('db:seed', [...])
 8 SYSTEMPATH/Boot.php(444): CodeIgniter\CLI\Console->run()
 9 SYSTEMPATH/Boot.php(166): CodeIgniter\Boot::runCommand(Object(CodeIgniter\CLI\Console))
10 ROOTPATH/spark(87): CodeIgniter\Boot::bootSpark(Object(Config\Paths))
WARNING - 2026-08-30 04:00:49 --> [DEPRECATED] Since fakerphp/faker 1.14: Accessing property "address" is deprecated, use "address()" instead. in VENDORPATH/symfony/deprecation-contracts/function.php on line 25.
 1 VENDORPATH/symfony/deprecation-contracts/function.php(25): trigger_error('Since fakerphp/faker 1.14: Accessing property "address" is deprecated, use "address()" instead.', 16384)
 2 VENDORPATH/fakerphp/faker/src/Faker/Generator.php(962): trigger_deprecation('fakerphp/faker', '1.14', 'Accessing property "%s" is deprecated, use "%s()" instead.', 'address', 'address')
 3 APPPATH/Database/Seeds/ClientSeeder.php(27): Faker\Generator->__get('address')
 4 SYSTEMPATH/Database/Seeder.php(155): App\Database\Seeds\ClientSeeder->run()
 5 SYSTEMPATH/Commands/Database/Seed.php(79): CodeIgniter\Database\Seeder->call('App\\Database\\Seeds\\ClientSeeder')
 6 SYSTEMPATH/CLI/Commands.php(72): CodeIgniter\Commands\Database\Seed->run([])
 7 SYSTEMPATH/CLI/Console.php(47): CodeIgniter\CLI\Commands->run('db:seed', [...])
 8 SYSTEMPATH/Boot.php(444): CodeIgniter\CLI\Console->run()
 9 SYSTEMPATH/Boot.php(166): CodeIgniter\Boot::runCommand(Object(CodeIgniter\CLI\Console))
10 ROOTPATH/spark(87): CodeIgniter\Boot::bootSpark(Object(Config\Paths))
WARNING - 2026-08-30 04:00:49 --> [DEPRECATED] Since fakerphp/faker 1.14: Accessing property "company" is deprecated, use "company()" instead. in VENDORPATH/symfony/deprecation-contracts/function.php on line 25.
 1 VENDORPATH/symfony/deprecation-contracts/function.php(25): trigger_error('Since fakerphp/faker 1.14: Accessing property "company" is deprecated, use "company()" instead.', 16384)
 2 VENDORPATH/fakerphp/faker/src/Faker/Generator.php(962): trigger_deprecation('fakerphp/faker', '1.14', 'Accessing property "%s" is deprecated, use "%s()" instead.', 'company', 'company')
 3 APPPATH/Database/Seeds/ClientSeeder.php(18): Faker\Generator->__get('company')
 4 SYSTEMPATH/Database/Seeder.php(155): App\Database\Seeds\ClientSeeder->run()
 5 SYSTEMPATH/Commands/Database/Seed.php(79): CodeIgniter\Database\Seeder->call('App\\Database\\Seeds\\ClientSeeder')
 6 SYSTEMPATH/CLI/Commands.php(72): CodeIgniter\Commands\Database\Seed->run([])
 7 SYSTEMPATH/CLI/Console.php(47): CodeIgniter\CLI\Commands->run('db:seed', [...])
 8 SYSTEMPATH/Boot.php(444): CodeIgniter\CLI\Console->run()
 9 SYSTEMPATH/Boot.php(166): CodeIgniter\Boot::runCommand(Object(CodeIgniter\CLI\Console))
10 ROOTPATH/spark(87): CodeIgniter\Boot::bootSpark(Object(Config\Paths))
WARNING - 2026-08-30 04:00:49 --> [DEPRECATED] Since fakerphp/faker 1.14: Accessing property "phoneNumber" is deprecated, use "phoneNumber()" instead. in VENDORPATH/symfony/deprecation-contracts/function.php on line 25.
 1 VENDORPATH/symfony/deprecation-contracts/function.php(25): trigger_error('Since fakerphp/faker 1.14: Accessing property "phoneNumber" is deprecated, use "phoneNumber()" instead.', 16384)
 2 VENDORPATH/fakerphp/faker/src/Faker/Generator.php(962): trigger_deprecation('fakerphp/faker', '1.14', 'Accessing property "%s" is deprecated, use "%s()" instead.', 'phoneNumber', 'phoneNumber')
 3 APPPATH/Database/Seeds/ClientSeeder.php(26): Faker\Generator->__get('phoneNumber')
 4 SYSTEMPATH/Database/Seeder.php(155): App\Database\Seeds\ClientSeeder->run()
 5 SYSTEMPATH/Commands/Database/Seed.php(79): CodeIgniter\Database\Seeder->call('App\\Database\\Seeds\\ClientSeeder')
 6 SYSTEMPATH/CLI/Commands.php(72): CodeIgniter\Commands\Database\Seed->run([])
 7 SYSTEMPATH/CLI/Console.php(47): CodeIgniter\CLI\Commands->run('db:seed', [...])
 8 SYSTEMPATH/Boot.php(444): CodeIgniter\CLI\Console->run()
 9 SYSTEMPATH/Boot.php(166): CodeIgniter\Boot::runCommand(Object(CodeIgniter\CLI\Console))
10 ROOTPATH/spark(87): CodeIgniter\Boot::bootSpark(Object(Config\Paths))
WARNING - 2026-08-30 04:00:49 --> [DEPRECATED] Since fakerphp/faker 1.14: Accessing property "address" is deprecated, use "address()" instead. in VENDORPATH/symfony/deprecation-contracts/function.php on line 25.
 1 VENDORPATH/symfony/deprecation-contracts/function.php(25): trigger_error('Since fakerphp/faker 1.14: Accessing property "address" is deprecated, use "address()" instead.', 16384)
 2 VENDORPATH/fakerphp/faker/src/Faker/Generator.php(962): trigger_deprecation('fakerphp/faker', '1.14', 'Accessing property "%s" is deprecated, use "%s()" instead.', 'address', 'address')
 3 APPPATH/Database/Seeds/ClientSeeder.php(27): Faker\Generator->__get('address')
 4 SYSTEMPATH/Database/Seeder.php(155): App\Database\Seeds\ClientSeeder->run()
 5 SYSTEMPATH/Commands/Database/Seed.php(79): CodeIgniter\Database\Seeder->call('App\\Database\\Seeds\\ClientSeeder')
 6 SYSTEMPATH/CLI/Commands.php(72): CodeIgniter\Commands\Database\Seed->run([])
 7 SYSTEMPATH/CLI/Console.php(47): CodeIgniter\CLI\Commands->run('db:seed', [...])
 8 SYSTEMPATH/Boot.php(444): CodeIgniter\CLI\Console->run()
 9 SYSTEMPATH/Boot.php(166): CodeIgniter\Boot::runCommand(Object(CodeIgniter\CLI\Console))
10 ROOTPATH/spark(87): CodeIgniter\Boot::bootSpark(Object(Config\Paths))
WARNING - 2026-08-30 04:00:49 --> [DEPRECATED] Since fakerphp/faker 1.14: Accessing property "company" is deprecated, use "company()" instead. in VENDORPATH/symfony/deprecation-contracts/function.php on line 25.
 1 VENDORPATH/symfony/deprecation-contracts/function.php(25): trigger_error('Since fakerphp/faker 1.14: Accessing property "company" is deprecated, use "company()" instead.', 16384)
 2 VENDORPATH/fakerphp/faker/src/Faker/Generator.php(962): trigger_deprecation('fakerphp/faker', '1.14', 'Accessing property "%s" is deprecated, use "%s()" instead.', 'company', 'company')
 3 APPPATH/Database/Seeds/ClientSeeder.php(18): Faker\Generator->__get('company')
 4 SYSTEMPATH/Database/Seeder.php(155): App\Database\Seeds\ClientSeeder->run()
 5 SYSTEMPATH/Commands/Database/Seed.php(79): CodeIgniter\Database\Seeder->call('App\\Database\\Seeds\\ClientSeeder')
 6 SYSTEMPATH/CLI/Commands.php(72): CodeIgniter\Commands\Database\Seed->run([])
 7 SYSTEMPATH/CLI/Console.php(47): CodeIgniter\CLI\Commands->run('db:seed', [...])
 8 SYSTEMPATH/Boot.php(444): CodeIgniter\CLI\Console->run()
 9 SYSTEMPATH/Boot.php(166): CodeIgniter\Boot::runCommand(Object(CodeIgniter\CLI\Console))
10 ROOTPATH/spark(87): CodeIgniter\Boot::bootSpark(Object(Config\Paths))
WARNING - 2026-08-30 04:00:49 --> [DEPRECATED] Since fakerphp/faker 1.14: Accessing property "phoneNumber" is deprecated, use "phoneNumber()" instead. in VENDORPATH/symfony/deprecation-contracts/function.php on line 25.
 1 VENDORPATH/symfony/deprecation-contracts/function.php(25): trigger_error('Since fakerphp/faker 1.14: Accessing property "phoneNumber" is deprecated, use "phoneNumber()" instead.', 16384)
 2 VENDORPATH/fakerphp/faker/src/Faker/Generator.php(962): trigger_deprecation('fakerphp/faker', '1.14', 'Accessing property "%s" is deprecated, use "%s()" instead.', 'phoneNumber', 'phoneNumber')
 3 APPPATH/Database/Seeds/ClientSeeder.php(26): Faker\Generator->__get('phoneNumber')
 4 SYSTEMPATH/Database/Seeder.php(155): App\Database\Seeds\ClientSeeder->run()
 5 SYSTEMPATH/Commands/Database/Seed.php(79): CodeIgniter\Database\Seeder->call('App\\Database\\Seeds\\ClientSeeder')
 6 SYSTEMPATH/CLI/Commands.php(72): CodeIgniter\Commands\Database\Seed->run([])
 7 SYSTEMPATH/CLI/Console.php(47): CodeIgniter\CLI\Commands->run('db:seed', [...])
 8 SYSTEMPATH/Boot.php(444): CodeIgniter\CLI\Console->run()
 9 SYSTEMPATH/Boot.php(166): CodeIgniter\Boot::runCommand(Object(CodeIgniter\CLI\Console))
10 ROOTPATH/spark(87): CodeIgniter\Boot::bootSpark(Object(Config\Paths))
WARNING - 2026-08-30 04:00:49 --> [DEPRECATED] Since fakerphp/faker 1.14: Accessing property "address" is deprecated, use "address()" instead. in VENDORPATH/symfony/deprecation-contracts/function.php on line 25.
 1 VENDORPATH/symfony/deprecation-contracts/function.php(25): trigger_error('Since fakerphp/faker 1.14: Accessing property "address" is deprecated, use "address()" instead.', 16384)
 2 VENDORPATH/fakerphp/faker/src/Faker/Generator.php(962): trigger_deprecation('fakerphp/faker', '1.14', 'Accessing property "%s" is deprecated, use "%s()" instead.', 'address', 'address')
 3 APPPATH/Database/Seeds/ClientSeeder.php(27): Faker\Generator->__get('address')
 4 SYSTEMPATH/Database/Seeder.php(155): App\Database\Seeds\ClientSeeder->run()
 5 SYSTEMPATH/Commands/Database/Seed.php(79): CodeIgniter\Database\Seeder->call('App\\Database\\Seeds\\ClientSeeder')
 6 SYSTEMPATH/CLI/Commands.php(72): CodeIgniter\Commands\Database\Seed->run([])
 7 SYSTEMPATH/CLI/Console.php(47): CodeIgniter\CLI\Commands->run('db:seed', [...])
 8 SYSTEMPATH/Boot.php(444): CodeIgniter\CLI\Console->run()
 9 SYSTEMPATH/Boot.php(166): CodeIgniter\Boot::runCommand(Object(CodeIgniter\CLI\Console))
10 ROOTPATH/spark(87): CodeIgniter\Boot::bootSpark(Object(Config\Paths))
WARNING - 2026-08-30 04:00:49 --> [DEPRECATED] Since fakerphp/faker 1.14: Accessing property "company" is deprecated, use "company()" instead. in VENDORPATH/symfony/deprecation-contracts/function.php on line 25.
 1 VENDORPATH/symfony/deprecation-contracts/function.php(25): trigger_error('Since fakerphp/faker 1.14: Accessing property "company" is deprecated, use "company()" instead.', 16384)
 2 VENDORPATH/fakerphp/faker/src/Faker/Generator.php(962): trigger_deprecation('fakerphp/faker', '1.14', 'Accessing property "%s" is deprecated, use "%s()" instead.', 'company', 'company')
 3 APPPATH/Database/Seeds/ClientSeeder.php(18): Faker\Generator->__get('company')
 4 SYSTEMPATH/Database/Seeder.php(155): App\Database\Seeds\ClientSeeder->run()
 5 SYSTEMPATH/Commands/Database/Seed.php(79): CodeIgniter\Database\Seeder->call('App\\Database\\Seeds\\ClientSeeder')
 6 SYSTEMPATH/CLI/Commands.php(72): CodeIgniter\Commands\Database\Seed->run([])
 7 SYSTEMPATH/CLI/Console.php(47): CodeIgniter\CLI\Commands->run('db:seed', [...])
 8 SYSTEMPATH/Boot.php(444): CodeIgniter\CLI\Console->run()
 9 SYSTEMPATH/Boot.php(166): CodeIgniter\Boot::runCommand(Object(CodeIgniter\CLI\Console))
10 ROOTPATH/spark(87): CodeIgniter\Boot::bootSpark(Object(Config\Paths))
WARNING - 2026-08-30 04:00:49 --> [DEPRECATED] Since fakerphp/faker 1.14: Accessing property "name" is deprecated, use "name()" instead. in VENDORPATH/symfony/deprecation-contracts/function.php on line 25.
 1 VENDORPATH/symfony/deprecation-contracts/function.php(25): trigger_error('Since fakerphp/faker 1.14: Accessing property "name" is deprecated, use "name()" instead.', 16384)
 2 VENDORPATH/fakerphp/faker/src/Faker/Generator.php(962): trigger_deprecation('fakerphp/faker', '1.14', 'Accessing property "%s" is deprecated, use "%s()" instead.', 'name', 'name')
 3 APPPATH/Database/Seeds/ClientSeeder.php(21): Faker\Generator->__get('name')
 4 SYSTEMPATH/Database/Seeder.php(155): App\Database\Seeds\ClientSeeder->run()
 5 SYSTEMPATH/Commands/Database/Seed.php(79): CodeIgniter\Database\Seeder->call('App\\Database\\Seeds\\ClientSeeder')
 6 SYSTEMPATH/CLI/Commands.php(72): CodeIgniter\Commands\Database\Seed->run([])
 7 SYSTEMPATH/CLI/Console.php(47): CodeIgniter\CLI\Commands->run('db:seed', [...])
 8 SYSTEMPATH/Boot.php(444): CodeIgniter\CLI\Console->run()
 9 SYSTEMPATH/Boot.php(166): CodeIgniter\Boot::runCommand(Object(CodeIgniter\CLI\Console))
10 ROOTPATH/spark(87): CodeIgniter\Boot::bootSpark(Object(Config\Paths))
WARNING - 2026-08-30 04:00:49 --> [DEPRECATED] Since fakerphp/faker 1.14: Accessing property "phoneNumber" is deprecated, use "phoneNumber()" instead. in VENDORPATH/symfony/deprecation-contracts/function.php on line 25.
 1 VENDORPATH/symfony/deprecation-contracts/function.php(25): trigger_error('Since fakerphp/faker 1.14: Accessing property "phoneNumber" is deprecated, use "phoneNumber()" instead.', 16384)
 2 VENDORPATH/fakerphp/faker/src/Faker/Generator.php(962): trigger_deprecation('fakerphp/faker', '1.14', 'Accessing property "%s" is deprecated, use "%s()" instead.', 'phoneNumber', 'phoneNumber')
 3 APPPATH/Database/Seeds/ClientSeeder.php(26): Faker\Generator->__get('phoneNumber')
 4 SYSTEMPATH/Database/Seeder.php(155): App\Database\Seeds\ClientSeeder->run()
 5 SYSTEMPATH/Commands/Database/Seed.php(79): CodeIgniter\Database\Seeder->call('App\\Database\\Seeds\\ClientSeeder')
 6 SYSTEMPATH/CLI/Commands.php(72): CodeIgniter\Commands\Database\Seed->run([])
 7 SYSTEMPATH/CLI/Console.php(47): CodeIgniter\CLI\Commands->run('db:seed', [...])
 8 SYSTEMPATH/Boot.php(444): CodeIgniter\CLI\Console->run()
 9 SYSTEMPATH/Boot.php(166): CodeIgniter\Boot::runCommand(Object(CodeIgniter\CLI\Console))
10 ROOTPATH/spark(87): CodeIgniter\Boot::bootSpark(Object(Config\Paths))
WARNING - 2026-08-30 04:00:49 --> [DEPRECATED] Since fakerphp/faker 1.14: Accessing property "address" is deprecated, use "address()" instead. in VENDORPATH/symfony/deprecation-contracts/function.php on line 25.
 1 VENDORPATH/symfony/deprecation-contracts/function.php(25): trigger_error('Since fakerphp/faker 1.14: Accessing property "address" is deprecated, use "address()" instead.', 16384)
 2 VENDORPATH/fakerphp/faker/src/Faker/Generator.php(962): trigger_deprecation('fakerphp/faker', '1.14', 'Accessing property "%s" is deprecated, use "%s()" instead.', 'address', 'address')
 3 APPPATH/Database/Seeds/ClientSeeder.php(27): Faker\Generator->__get('address')
 4 SYSTEMPATH/Database/Seeder.php(155): App\Database\Seeds\ClientSeeder->run()
 5 SYSTEMPATH/Commands/Database/Seed.php(79): CodeIgniter\Database\Seeder->call('App\\Database\\Seeds\\ClientSeeder')
 6 SYSTEMPATH/CLI/Commands.php(72): CodeIgniter\Commands\Database\Seed->run([])
 7 SYSTEMPATH/CLI/Console.php(47): CodeIgniter\CLI\Commands->run('db:seed', [...])
 8 SYSTEMPATH/Boot.php(444): CodeIgniter\CLI\Console->run()
 9 SYSTEMPATH/Boot.php(166): CodeIgniter\Boot::runCommand(Object(CodeIgniter\CLI\Console))
10 ROOTPATH/spark(87): CodeIgniter\Boot::bootSpark(Object(Config\Paths))
WARNING - 2026-08-30 04:00:49 --> [DEPRECATED] Since fakerphp/faker 1.14: Accessing property "company" is deprecated, use "company()" instead. in VENDORPATH/symfony/deprecation-contracts/function.php on line 25.
 1 VENDORPATH/symfony/deprecation-contracts/function.php(25): trigger_error('Since fakerphp/faker 1.14: Accessing property "company" is deprecated, use "company()" instead.', 16384)
 2 VENDORPATH/fakerphp/faker/src/Faker/Generator.php(962): trigger_deprecation('fakerphp/faker', '1.14', 'Accessing property "%s" is deprecated, use "%s()" instead.', 'company', 'company')
 3 APPPATH/Database/Seeds/ClientSeeder.php(18): Faker\Generator->__get('company')
 4 SYSTEMPATH/Database/Seeder.php(155): App\Database\Seeds\ClientSeeder->run()
 5 SYSTEMPATH/Commands/Database/Seed.php(79): CodeIgniter\Database\Seeder->call('App\\Database\\Seeds\\ClientSeeder')
 6 SYSTEMPATH/CLI/Commands.php(72): CodeIgniter\Commands\Database\Seed->run([])
 7 SYSTEMPATH/CLI/Console.php(47): CodeIgniter\CLI\Commands->run('db:seed', [...])
 8 SYSTEMPATH/Boot.php(444): CodeIgniter\CLI\Console->run()
 9 SYSTEMPATH/Boot.php(166): CodeIgniter\Boot::runCommand(Object(CodeIgniter\CLI\Console))
10 ROOTPATH/spark(87): CodeIgniter\Boot::bootSpark(Object(Config\Paths))
WARNING - 2026-08-30 04:00:49 --> [DEPRECATED] Since fakerphp/faker 1.14: Accessing property "phoneNumber" is deprecated, use "phoneNumber()" instead. in VENDORPATH/symfony/deprecation-contracts/function.php on line 25.
 1 VENDORPATH/symfony/deprecation-contracts/function.php(25): trigger_error('Since fakerphp/faker 1.14: Accessing property "phoneNumber" is deprecated, use "phoneNumber()" instead.', 16384)
 2 VENDORPATH/fakerphp/faker/src/Faker/Generator.php(962): trigger_deprecation('fakerphp/faker', '1.14', 'Accessing property "%s" is deprecated, use "%s()" instead.', 'phoneNumber', 'phoneNumber')
 3 APPPATH/Database/Seeds/ClientSeeder.php(26): Faker\Generator->__get('phoneNumber')
 4 SYSTEMPATH/Database/Seeder.php(155): App\Database\Seeds\ClientSeeder->run()
 5 SYSTEMPATH/Commands/Database/Seed.php(79): CodeIgniter\Database\Seeder->call('App\\Database\\Seeds\\ClientSeeder')
 6 SYSTEMPATH/CLI/Commands.php(72): CodeIgniter\Commands\Database\Seed->run([])
 7 SYSTEMPATH/CLI/Console.php(47): CodeIgniter\CLI\Commands->run('db:seed', [...])
 8 SYSTEMPATH/Boot.php(444): CodeIgniter\CLI\Console->run()
 9 SYSTEMPATH/Boot.php(166): CodeIgniter\Boot::runCommand(Object(CodeIgniter\CLI\Console))
10 ROOTPATH/spark(87): CodeIgniter\Boot::bootSpark(Object(Config\Paths))
WARNING - 2026-08-30 04:00:49 --> [DEPRECATED] Since fakerphp/faker 1.14: Accessing property "address" is deprecated, use "address()" instead. in VENDORPATH/symfony/deprecation-contracts/function.php on line 25.
 1 VENDORPATH/symfony/deprecation-contracts/function.php(25): trigger_error('Since fakerphp/faker 1.14: Accessing property "address" is deprecated, use "address()" instead.', 16384)
 2 VENDORPATH/fakerphp/faker/src/Faker/Generator.php(962): trigger_deprecation('fakerphp/faker', '1.14', 'Accessing property "%s" is deprecated, use "%s()" instead.', 'address', 'address')
 3 APPPATH/Database/Seeds/ClientSeeder.php(27): Faker\Generator->__get('address')
 4 SYSTEMPATH/Database/Seeder.php(155): App\Database\Seeds\ClientSeeder->run()
 5 SYSTEMPATH/Commands/Database/Seed.php(79): CodeIgniter\Database\Seeder->call('App\\Database\\Seeds\\ClientSeeder')
 6 SYSTEMPATH/CLI/Commands.php(72): CodeIgniter\Commands\Database\Seed->run([])
 7 SYSTEMPATH/CLI/Console.php(47): CodeIgniter\CLI\Commands->run('db:seed', [...])
 8 SYSTEMPATH/Boot.php(444): CodeIgniter\CLI\Console->run()
 9 SYSTEMPATH/Boot.php(166): CodeIgniter\Boot::runCommand(Object(CodeIgniter\CLI\Console))
10 ROOTPATH/spark(87): CodeIgniter\Boot::bootSpark(Object(Config\Paths))
WARNING - 2026-08-30 04:00:49 --> [DEPRECATED] Since fakerphp/faker 1.14: Accessing property "company" is deprecated, use "company()" instead. in VENDORPATH/symfony/deprecation-contracts/function.php on line 25.
 1 VENDORPATH/symfony/deprecation-contracts/function.php(25): trigger_error('Since fakerphp/faker 1.14: Accessing property "company" is deprecated, use "company()" instead.', 16384)
 2 VENDORPATH/fakerphp/faker/src/Faker/Generator.php(962): trigger_deprecation('fakerphp/faker', '1.14', 'Accessing property "%s" is deprecated, use "%s()" instead.', 'company', 'company')
 3 APPPATH/Database/Seeds/ClientSeeder.php(18): Faker\Generator->__get('company')
 4 SYSTEMPATH/Database/Seeder.php(155): App\Database\Seeds\ClientSeeder->run()
 5 SYSTEMPATH/Commands/Database/Seed.php(79): CodeIgniter\Database\Seeder->call('App\\Database\\Seeds\\ClientSeeder')
 6 SYSTEMPATH/CLI/Commands.php(72): CodeIgniter\Commands\Database\Seed->run([])
 7 SYSTEMPATH/CLI/Console.php(47): CodeIgniter\CLI\Commands->run('db:seed', [...])
 8 SYSTEMPATH/Boot.php(444): CodeIgniter\CLI\Console->run()
 9 SYSTEMPATH/Boot.php(166): CodeIgniter\Boot::runCommand(Object(CodeIgniter\CLI\Console))
10 ROOTPATH/spark(87): CodeIgniter\Boot::bootSpark(Object(Config\Paths))
WARNING - 2026-08-30 04:00:49 --> [DEPRECATED] Since fakerphp/faker 1.14: Accessing property "phoneNumber" is deprecated, use "phoneNumber()" instead. in VENDORPATH/symfony/deprecation-contracts/function.php on line 25.
 1 VENDORPATH/symfony/deprecation-contracts/function.php(25): trigger_error('Since fakerphp/faker 1.14: Accessing property "phoneNumber" is deprecated, use "phoneNumber()" instead.', 16384)
 2 VENDORPATH/fakerphp/faker/src/Faker/Generator.php(962): trigger_deprecation('fakerphp/faker', '1.14', 'Accessing property "%s" is deprecated, use "%s()" instead.', 'phoneNumber', 'phoneNumber')
 3 APPPATH/Database/Seeds/ClientSeeder.php(26): Faker\Generator->__get('phoneNumber')
 4 SYSTEMPATH/Database/Seeder.php(155): App\Database\Seeds\ClientSeeder->run()
 5 SYSTEMPATH/Commands/Database/Seed.php(79): CodeIgniter\Database\Seeder->call('App\\Database\\Seeds\\ClientSeeder')
 6 SYSTEMPATH/CLI/Commands.php(72): CodeIgniter\Commands\Database\Seed->run([])
 7 SYSTEMPATH/CLI/Console.php(47): CodeIgniter\CLI\Commands->run('db:seed', [...])
 8 SYSTEMPATH/Boot.php(444): CodeIgniter\CLI\Console->run()
 9 SYSTEMPATH/Boot.php(166): CodeIgniter\Boot::runCommand(Object(CodeIgniter\CLI\Console))
10 ROOTPATH/spark(87): CodeIgniter\Boot::bootSpark(Object(Config\Paths))
WARNING - 2026-08-30 04:00:49 --> [DEPRECATED] Since fakerphp/faker 1.14: Accessing property "address" is deprecated, use "address()" instead. in VENDORPATH/symfony/deprecation-contracts/function.php on line 25.
 1 VENDORPATH/symfony/deprecation-contracts/function.php(25): trigger_error('Since fakerphp/faker 1.14: Accessing property "address" is deprecated, use "address()" instead.', 16384)
 2 VENDORPATH/fakerphp/faker/src/Faker/Generator.php(962): trigger_deprecation('fakerphp/faker', '1.14', 'Accessing property "%s" is deprecated, use "%s()" instead.', 'address', 'address')
 3 APPPATH/Database/Seeds/ClientSeeder.php(27): Faker\Generator->__get('address')
 4 SYSTEMPATH/Database/Seeder.php(155): App\Database\Seeds\ClientSeeder->run()
 5 SYSTEMPATH/Commands/Database/Seed.php(79): CodeIgniter\Database\Seeder->call('App\\Database\\Seeds\\ClientSeeder')
 6 SYSTEMPATH/CLI/Commands.php(72): CodeIgniter\Commands\Database\Seed->run([])
 7 SYSTEMPATH/CLI/Console.php(47): CodeIgniter\CLI\Commands->run('db:seed', [...])
 8 SYSTEMPATH/Boot.php(444): CodeIgniter\CLI\Console->run()
 9 SYSTEMPATH/Boot.php(166): CodeIgniter\Boot::runCommand(Object(CodeIgniter\CLI\Console))
10 ROOTPATH/spark(87): CodeIgniter\Boot::bootSpark(Object(Config\Paths))
WARNING - 2026-08-30 04:00:49 --> [DEPRECATED] Since fakerphp/faker 1.14: Accessing property "company" is deprecated, use "company()" instead. in VENDORPATH/symfony/deprecation-contracts/function.php on line 25.
 1 VENDORPATH/symfony/deprecation-contracts/function.php(25): trigger_error('Since fakerphp/faker 1.14: Accessing property "company" is deprecated, use "company()" instead.', 16384)
 2 VENDORPATH/fakerphp/faker/src/Faker/Generator.php(962): trigger_deprecation('fakerphp/faker', '1.14', 'Accessing property "%s" is deprecated, use "%s()" instead.', 'company', 'company')
 3 APPPATH/Database/Seeds/ClientSeeder.php(18): Faker\Generator->__get('company')
 4 SYSTEMPATH/Database/Seeder.php(155): App\Database\Seeds\ClientSeeder->run()
 5 SYSTEMPATH/Commands/Database/Seed.php(79): CodeIgniter\Database\Seeder->call('App\\Database\\Seeds\\ClientSeeder')
 6 SYSTEMPATH/CLI/Commands.php(72): CodeIgniter\Commands\Database\Seed->run([])
 7 SYSTEMPATH/CLI/Console.php(47): CodeIgniter\CLI\Commands->run('db:seed', [...])
 8 SYSTEMPATH/Boot.php(444): CodeIgniter\CLI\Console->run()
 9 SYSTEMPATH/Boot.php(166): CodeIgniter\Boot::runCommand(Object(CodeIgniter\CLI\Console))
10 ROOTPATH/spark(87): CodeIgniter\Boot::bootSpark(Object(Config\Paths))
WARNING - 2026-08-30 04:00:49 --> [DEPRECATED] Since fakerphp/faker 1.14: Accessing property "name" is deprecated, use "name()" instead. in VENDORPATH/symfony/deprecation-contracts/function.php on line 25.
 1 VENDORPATH/symfony/deprecation-contracts/function.php(25): trigger_error('Since fakerphp/faker 1.14: Accessing property "name" is deprecated, use "name()" instead.', 16384)
 2 VENDORPATH/fakerphp/faker/src/Faker/Generator.php(962): trigger_deprecation('fakerphp/faker', '1.14', 'Accessing property "%s" is deprecated, use "%s()" instead.', 'name', 'name')
 3 APPPATH/Database/Seeds/ClientSeeder.php(21): Faker\Generator->__get('name')
 4 SYSTEMPATH/Database/Seeder.php(155): App\Database\Seeds\ClientSeeder->run()
 5 SYSTEMPATH/Commands/Database/Seed.php(79): CodeIgniter\Database\Seeder->call('App\\Database\\Seeds\\ClientSeeder')
 6 SYSTEMPATH/CLI/Commands.php(72): CodeIgniter\Commands\Database\Seed->run([])
 7 SYSTEMPATH/CLI/Console.php(47): CodeIgniter\CLI\Commands->run('db:seed', [...])
 8 SYSTEMPATH/Boot.php(444): CodeIgniter\CLI\Console->run()
 9 SYSTEMPATH/Boot.php(166): CodeIgniter\Boot::runCommand(Object(CodeIgniter\CLI\Console))
10 ROOTPATH/spark(87): CodeIgniter\Boot::bootSpark(Object(Config\Paths))
WARNING - 2026-08-30 04:00:49 --> [DEPRECATED] Since fakerphp/faker 1.14: Accessing property "phoneNumber" is deprecated, use "phoneNumber()" instead. in VENDORPATH/symfony/deprecation-contracts/function.php on line 25.
 1 VENDORPATH/symfony/deprecation-contracts/function.php(25): trigger_error('Since fakerphp/faker 1.14: Accessing property "phoneNumber" is deprecated, use "phoneNumber()" instead.', 16384)
 2 VENDORPATH/fakerphp/faker/src/Faker/Generator.php(962): trigger_deprecation('fakerphp/faker', '1.14', 'Accessing property "%s" is deprecated, use "%s()" instead.', 'phoneNumber', 'phoneNumber')
 3 APPPATH/Database/Seeds/ClientSeeder.php(26): Faker\Generator->__get('phoneNumber')
 4 SYSTEMPATH/Database/Seeder.php(155): App\Database\Seeds\ClientSeeder->run()
 5 SYSTEMPATH/Commands/Database/Seed.php(79): CodeIgniter\Database\Seeder->call('App\\Database\\Seeds\\ClientSeeder')
 6 SYSTEMPATH/CLI/Commands.php(72): CodeIgniter\Commands\Database\Seed->run([])
 7 SYSTEMPATH/CLI/Console.php(47): CodeIgniter\CLI\Commands->run('db:seed', [...])
 8 SYSTEMPATH/Boot.php(444): CodeIgniter\CLI\Console->run()
 9 SYSTEMPATH/Boot.php(166): CodeIgniter\Boot::runCommand(Object(CodeIgniter\CLI\Console))
10 ROOTPATH/spark(87): CodeIgniter\Boot::bootSpark(Object(Config\Paths))
WARNING - 2026-08-30 04:00:49 --> [DEPRECATED] Since fakerphp/faker 1.14: Accessing property "address" is deprecated, use "address()" instead. in VENDORPATH/symfony/deprecation-contracts/function.php on line 25.
 1 VENDORPATH/symfony/deprecation-contracts/function.php(25): trigger_error('Since fakerphp/faker 1.14: Accessing property "address" is deprecated, use "address()" instead.', 16384)
 2 VENDORPATH/fakerphp/faker/src/Faker/Generator.php(962): trigger_deprecation('fakerphp/faker', '1.14', 'Accessing property "%s" is deprecated, use "%s()" instead.', 'address', 'address')
 3 APPPATH/Database/Seeds/ClientSeeder.php(27): Faker\Generator->__get('address')
 4 SYSTEMPATH/Database/Seeder.php(155): App\Database\Seeds\ClientSeeder->run()
 5 SYSTEMPATH/Commands/Database/Seed.php(79): CodeIgniter\Database\Seeder->call('App\\Database\\Seeds\\ClientSeeder')
 6 SYSTEMPATH/CLI/Commands.php(72): CodeIgniter\Commands\Database\Seed->run([])
 7 SYSTEMPATH/CLI/Console.php(47): CodeIgniter\CLI\Commands->run('db:seed', [...])
 8 SYSTEMPATH/Boot.php(444): CodeIgniter\CLI\Console->run()
 9 SYSTEMPATH/Boot.php(166): CodeIgniter\Boot::runCommand(Object(CodeIgniter\CLI\Console))
10 ROOTPATH/spark(87): CodeIgniter\Boot::bootSpark(Object(Config\Paths))
WARNING - 2026-08-30 04:00:49 --> [DEPRECATED] Since fakerphp/faker 1.14: Accessing property "company" is deprecated, use "company()" instead. in VENDORPATH/symfony/deprecation-contracts/function.php on line 25.
 1 VENDORPATH/symfony/deprecation-contracts/function.php(25): trigger_error('Since fakerphp/faker 1.14: Accessing property "company" is deprecated, use "company()" instead.', 16384)
 2 VENDORPATH/fakerphp/faker/src/Faker/Generator.php(962): trigger_deprecation('fakerphp/faker', '1.14', 'Accessing property "%s" is deprecated, use "%s()" instead.', 'company', 'company')
 3 APPPATH/Database/Seeds/ClientSeeder.php(18): Faker\Generator->__get('company')
 4 SYSTEMPATH/Database/Seeder.php(155): App\Database\Seeds\ClientSeeder->run()
 5 SYSTEMPATH/Commands/Database/Seed.php(79): CodeIgniter\Database\Seeder->call('App\\Database\\Seeds\\ClientSeeder')
 6 SYSTEMPATH/CLI/Commands.php(72): CodeIgniter\Commands\Database\Seed->run([])
 7 SYSTEMPATH/CLI/Console.php(47): CodeIgniter\CLI\Commands->run('db:seed', [...])
 8 SYSTEMPATH/Boot.php(444): CodeIgniter\CLI\Console->run()
 9 SYSTEMPATH/Boot.php(166): CodeIgniter\Boot::runCommand(Object(CodeIgniter\CLI\Console))
10 ROOTPATH/spark(87): CodeIgniter\Boot::bootSpark(Object(Config\Paths))
WARNING - 2026-08-30 04:00:49 --> [DEPRECATED] Since fakerphp/faker 1.14: Accessing property "phoneNumber" is deprecated, use "phoneNumber()" instead. in VENDORPATH/symfony/deprecation-contracts/function.php on line 25.
 1 VENDORPATH/symfony/deprecation-contracts/function.php(25): trigger_error('Since fakerphp/faker 1.14: Accessing property "phoneNumber" is deprecated, use "phoneNumber()" instead.', 16384)
 2 VENDORPATH/fakerphp/faker/src/Faker/Generator.php(962): trigger_deprecation('fakerphp/faker', '1.14', 'Accessing property "%s" is deprecated, use "%s()" instead.', 'phoneNumber', 'phoneNumber')
 3 APPPATH/Database/Seeds/ClientSeeder.php(26): Faker\Generator->__get('phoneNumber')
 4 SYSTEMPATH/Database/Seeder.php(155): App\Database\Seeds\ClientSeeder->run()
 5 SYSTEMPATH/Commands/Database/Seed.php(79): CodeIgniter\Database\Seeder->call('App\\Database\\Seeds\\ClientSeeder')
 6 SYSTEMPATH/CLI/Commands.php(72): CodeIgniter\Commands\Database\Seed->run([])
 7 SYSTEMPATH/CLI/Console.php(47): CodeIgniter\CLI\Commands->run('db:seed', [...])
 8 SYSTEMPATH/Boot.php(444): CodeIgniter\CLI\Console->run()
 9 SYSTEMPATH/Boot.php(166): CodeIgniter\Boot::runCommand(Object(CodeIgniter\CLI\Console))
10 ROOTPATH/spark(87): CodeIgniter\Boot::bootSpark(Object(Config\Paths))
WARNING - 2026-08-30 04:00:49 --> [DEPRECATED] Since fakerphp/faker 1.14: Accessing property "address" is deprecated, use "address()" instead. in VENDORPATH/symfony/deprecation-contracts/function.php on line 25.
 1 VENDORPATH/symfony/deprecation-contracts/function.php(25): trigger_error('Since fakerphp/faker 1.14: Accessing property "address" is deprecated, use "address()" instead.', 16384)
 2 VENDORPATH/fakerphp/faker/src/Faker/Generator.php(962): trigger_deprecation('fakerphp/faker', '1.14', 'Accessing property "%s" is deprecated, use "%s()" instead.', 'address', 'address')
 3 APPPATH/Database/Seeds/ClientSeeder.php(27): Faker\Generator->__get('address')
 4 SYSTEMPATH/Database/Seeder.php(155): App\Database\Seeds\ClientSeeder->run()
 5 SYSTEMPATH/Commands/Database/Seed.php(79): CodeIgniter\Database\Seeder->call('App\\Database\\Seeds\\ClientSeeder')
 6 SYSTEMPATH/CLI/Commands.php(72): CodeIgniter\Commands\Database\Seed->run([])
 7 SYSTEMPATH/CLI/Console.php(47): CodeIgniter\CLI\Commands->run('db:seed', [...])
 8 SYSTEMPATH/Boot.php(444): CodeIgniter\CLI\Console->run()
 9 SYSTEMPATH/Boot.php(166): CodeIgniter\Boot::runCommand(Object(CodeIgniter\CLI\Console))
10 ROOTPATH/spark(87): CodeIgniter\Boot::bootSpark(Object(Config\Paths))
WARNING - 2026-08-30 04:00:49 --> [DEPRECATED] Since fakerphp/faker 1.14: Accessing property "company" is deprecated, use "company()" instead. in VENDORPATH/symfony/deprecation-contracts/function.php on line 25.
 1 VENDORPATH/symfony/deprecation-contracts/function.php(25): trigger_error('Since fakerphp/faker 1.14: Accessing property "company" is deprecated, use "company()" instead.', 16384)
 2 VENDORPATH/fakerphp/faker/src/Faker/Generator.php(962): trigger_deprecation('fakerphp/faker', '1.14', 'Accessing property "%s" is deprecated, use "%s()" instead.', 'company', 'company')
 3 APPPATH/Database/Seeds/ClientSeeder.php(18): Faker\Generator->__get('company')
 4 SYSTEMPATH/Database/Seeder.php(155): App\Database\Seeds\ClientSeeder->run()
 5 SYSTEMPATH/Commands/Database/Seed.php(79): CodeIgniter\Database\Seeder->call('App\\Database\\Seeds\\ClientSeeder')
 6 SYSTEMPATH/CLI/Commands.php(72): CodeIgniter\Commands\Database\Seed->run([])
 7 SYSTEMPATH/CLI/Console.php(47): CodeIgniter\CLI\Commands->run('db:seed', [...])
 8 SYSTEMPATH/Boot.php(444): CodeIgniter\CLI\Console->run()
 9 SYSTEMPATH/Boot.php(166): CodeIgniter\Boot::runCommand(Object(CodeIgniter\CLI\Console))
10 ROOTPATH/spark(87): CodeIgniter\Boot::bootSpark(Object(Config\Paths))
WARNING - 2026-08-30 04:00:49 --> [DEPRECATED] Since fakerphp/faker 1.14: Accessing property "phoneNumber" is deprecated, use "phoneNumber()" instead. in VENDORPATH/symfony/deprecation-contracts/function.php on line 25.
 1 VENDORPATH/symfony/deprecation-contracts/function.php(25): trigger_error('Since fakerphp/faker 1.14: Accessing property "phoneNumber" is deprecated, use "phoneNumber()" instead.', 16384)
 2 VENDORPATH/fakerphp/faker/src/Faker/Generator.php(962): trigger_deprecation('fakerphp/faker', '1.14', 'Accessing property "%s" is deprecated, use "%s()" instead.', 'phoneNumber', 'phoneNumber')
 3 APPPATH/Database/Seeds/ClientSeeder.php(26): Faker\Generator->__get('phoneNumber')
 4 SYSTEMPATH/Database/Seeder.php(155): App\Database\Seeds\ClientSeeder->run()
 5 SYSTEMPATH/Commands/Database/Seed.php(79): CodeIgniter\Database\Seeder->call('App\\Database\\Seeds\\ClientSeeder')
 6 SYSTEMPATH/CLI/Commands.php(72): CodeIgniter\Commands\Database\Seed->run([])
 7 SYSTEMPATH/CLI/Console.php(47): CodeIgniter\CLI\Commands->run('db:seed', [...])
 8 SYSTEMPATH/Boot.php(444): CodeIgniter\CLI\Console->run()
 9 SYSTEMPATH/Boot.php(166): CodeIgniter\Boot::runCommand(Object(CodeIgniter\CLI\Console))
10 ROOTPATH/spark(87): CodeIgniter\Boot::bootSpark(Object(Config\Paths))
WARNING - 2026-08-30 04:00:49 --> [DEPRECATED] Since fakerphp/faker 1.14: Accessing property "address" is deprecated, use "address()" instead. in VENDORPATH/symfony/deprecation-contracts/function.php on line 25.
 1 VENDORPATH/symfony/deprecation-contracts/function.php(25): trigger_error('Since fakerphp/faker 1.14: Accessing property "address" is deprecated, use "address()" instead.', 16384)
 2 VENDORPATH/fakerphp/faker/src/Faker/Generator.php(962): trigger_deprecation('fakerphp/faker', '1.14', 'Accessing property "%s" is deprecated, use "%s()" instead.', 'address', 'address')
 3 APPPATH/Database/Seeds/ClientSeeder.php(27): Faker\Generator->__get('address')
 4 SYSTEMPATH/Database/Seeder.php(155): App\Database\Seeds\ClientSeeder->run()
 5 SYSTEMPATH/Commands/Database/Seed.php(79): CodeIgniter\Database\Seeder->call('App\\Database\\Seeds\\ClientSeeder')
 6 SYSTEMPATH/CLI/Commands.php(72): CodeIgniter\Commands\Database\Seed->run([])
 7 SYSTEMPATH/CLI/Console.php(47): CodeIgniter\CLI\Commands->run('db:seed', [...])
 8 SYSTEMPATH/Boot.php(444): CodeIgniter\CLI\Console->run()
 9 SYSTEMPATH/Boot.php(166): CodeIgniter\Boot::runCommand(Object(CodeIgniter\CLI\Console))
10 ROOTPATH/spark(87): CodeIgniter\Boot::bootSpark(Object(Config\Paths))
WARNING - 2026-08-30 04:00:49 --> [DEPRECATED] Since fakerphp/faker 1.14: Accessing property "company" is deprecated, use "company()" instead. in VENDORPATH/symfony/deprecation-contracts/function.php on line 25.
 1 VENDORPATH/symfony/deprecation-contracts/function.php(25): trigger_error('Since fakerphp/faker 1.14: Accessing property "company" is deprecated, use "company()" instead.', 16384)
 2 VENDORPATH/fakerphp/faker/src/Faker/Generator.php(962): trigger_deprecation('fakerphp/faker', '1.14', 'Accessing property "%s" is deprecated, use "%s()" instead.', 'company', 'company')
 3 APPPATH/Database/Seeds/ClientSeeder.php(18): Faker\Generator->__get('company')
 4 SYSTEMPATH/Database/Seeder.php(155): App\Database\Seeds\ClientSeeder->run()
 5 SYSTEMPATH/Commands/Database/Seed.php(79): CodeIgniter\Database\Seeder->call('App\\Database\\Seeds\\ClientSeeder')
 6 SYSTEMPATH/CLI/Commands.php(72): CodeIgniter\Commands\Database\Seed->run([])
 7 SYSTEMPATH/CLI/Console.php(47): CodeIgniter\CLI\Commands->run('db:seed', [...])
 8 SYSTEMPATH/Boot.php(444): CodeIgniter\CLI\Console->run()
 9 SYSTEMPATH/Boot.php(166): CodeIgniter\Boot::runCommand(Object(CodeIgniter\CLI\Console))
10 ROOTPATH/spark(87): CodeIgniter\Boot::bootSpark(Object(Config\Paths))
WARNING - 2026-08-30 04:00:49 --> [DEPRECATED] Since fakerphp/faker 1.14: Accessing property "name" is deprecated, use "name()" instead. in VENDORPATH/symfony/deprecation-contracts/function.php on line 25.
 1 VENDORPATH/symfony/deprecation-contracts/function.php(25): trigger_error('Since fakerphp/faker 1.14: Accessing property "name" is deprecated, use "name()" instead.', 16384)
 2 VENDORPATH/fakerphp/faker/src/Faker/Generator.php(962): trigger_deprecation('fakerphp/faker', '1.14', 'Accessing property "%s" is deprecated, use "%s()" instead.', 'name', 'name')
 3 APPPATH/Database/Seeds/ClientSeeder.php(21): Faker\Generator->__get('name')
 4 SYSTEMPATH/Database/Seeder.php(155): App\Database\Seeds\ClientSeeder->run()
 5 SYSTEMPATH/Commands/Database/Seed.php(79): CodeIgniter\Database\Seeder->call('App\\Database\\Seeds\\ClientSeeder')
 6 SYSTEMPATH/CLI/Commands.php(72): CodeIgniter\Commands\Database\Seed->run([])
 7 SYSTEMPATH/CLI/Console.php(47): CodeIgniter\CLI\Commands->run('db:seed', [...])
 8 SYSTEMPATH/Boot.php(444): CodeIgniter\CLI\Console->run()
 9 SYSTEMPATH/Boot.php(166): CodeIgniter\Boot::runCommand(Object(CodeIgniter\CLI\Console))
10 ROOTPATH/spark(87): CodeIgniter\Boot::bootSpark(Object(Config\Paths))
WARNING - 2026-08-30 04:00:49 --> [DEPRECATED] Since fakerphp/faker 1.14: Accessing property "phoneNumber" is deprecated, use "phoneNumber()" instead. in VENDORPATH/symfony/deprecation-contracts/function.php on line 25.
 1 VENDORPATH/symfony/deprecation-contracts/function.php(25): trigger_error('Since fakerphp/faker 1.14: Accessing property "phoneNumber" is deprecated, use "phoneNumber()" instead.', 16384)
 2 VENDORPATH/fakerphp/faker/src/Faker/Generator.php(962): trigger_deprecation('fakerphp/faker', '1.14', 'Accessing property "%s" is deprecated, use "%s()" instead.', 'phoneNumber', 'phoneNumber')
 3 APPPATH/Database/Seeds/ClientSeeder.php(26): Faker\Generator->__get('phoneNumber')
 4 SYSTEMPATH/Database/Seeder.php(155): App\Database\Seeds\ClientSeeder->run()
 5 SYSTEMPATH/Commands/Database/Seed.php(79): CodeIgniter\Database\Seeder->call('App\\Database\\Seeds\\ClientSeeder')
 6 SYSTEMPATH/CLI/Commands.php(72): CodeIgniter\Commands\Database\Seed->run([])
 7 SYSTEMPATH/CLI/Console.php(47): CodeIgniter\CLI\Commands->run('db:seed', [...])
 8 SYSTEMPATH/Boot.php(444): CodeIgniter\CLI\Console->run()
 9 SYSTEMPATH/Boot.php(166): CodeIgniter\Boot::runCommand(Object(CodeIgniter\CLI\Console))
10 ROOTPATH/spark(87): CodeIgniter\Boot::bootSpark(Object(Config\Paths))
WARNING - 2026-08-30 04:00:49 --> [DEPRECATED] Since fakerphp/faker 1.14: Accessing property "address" is deprecated, use "address()" instead. in VENDORPATH/symfony/deprecation-contracts/function.php on line 25.
 1 VENDORPATH/symfony/deprecation-contracts/function.php(25): trigger_error('Since fakerphp/faker 1.14: Accessing property "address" is deprecated, use "address()" instead.', 16384)
 2 VENDORPATH/fakerphp/faker/src/Faker/Generator.php(962): trigger_deprecation('fakerphp/faker', '1.14', 'Accessing property "%s" is deprecated, use "%s()" instead.', 'address', 'address')
 3 APPPATH/Database/Seeds/ClientSeeder.php(27): Faker\Generator->__get('address')
 4 SYSTEMPATH/Database/Seeder.php(155): App\Database\Seeds\ClientSeeder->run()
 5 SYSTEMPATH/Commands/Database/Seed.php(79): CodeIgniter\Database\Seeder->call('App\\Database\\Seeds\\ClientSeeder')
 6 SYSTEMPATH/CLI/Commands.php(72): CodeIgniter\Commands\Database\Seed->run([])
 7 SYSTEMPATH/CLI/Console.php(47): CodeIgniter\CLI\Commands->run('db:seed', [...])
 8 SYSTEMPATH/Boot.php(444): CodeIgniter\CLI\Console->run()
 9 SYSTEMPATH/Boot.php(166): CodeIgniter\Boot::runCommand(Object(CodeIgniter\CLI\Console))
10 ROOTPATH/spark(87): CodeIgniter\Boot::bootSpark(Object(Config\Paths))
WARNING - 2026-08-30 04:00:49 --> [DEPRECATED] Since fakerphp/faker 1.14: Accessing property "company" is deprecated, use "company()" instead. in VENDORPATH/symfony/deprecation-contracts/function.php on line 25.
 1 VENDORPATH/symfony/deprecation-contracts/function.php(25): trigger_error('Since fakerphp/faker 1.14: Accessing property "company" is deprecated, use "company()" instead.', 16384)
 2 VENDORPATH/fakerphp/faker/src/Faker/Generator.php(962): trigger_deprecation('fakerphp/faker', '1.14', 'Accessing property "%s" is deprecated, use "%s()" instead.', 'company', 'company')
 3 APPPATH/Database/Seeds/ClientSeeder.php(18): Faker\Generator->__get('company')
 4 SYSTEMPATH/Database/Seeder.php(155): App\Database\Seeds\ClientSeeder->run()
 5 SYSTEMPATH/Commands/Database/Seed.php(79): CodeIgniter\Database\Seeder->call('App\\Database\\Seeds\\ClientSeeder')
 6 SYSTEMPATH/CLI/Commands.php(72): CodeIgniter\Commands\Database\Seed->run([])
 7 SYSTEMPATH/CLI/Console.php(47): CodeIgniter\CLI\Commands->run('db:seed', [...])
 8 SYSTEMPATH/Boot.php(444): CodeIgniter\CLI\Console->run()
 9 SYSTEMPATH/Boot.php(166): CodeIgniter\Boot::runCommand(Object(CodeIgniter\CLI\Console))
10 ROOTPATH/spark(87): CodeIgniter\Boot::bootSpark(Object(Config\Paths))
WARNING - 2026-08-30 04:00:49 --> [DEPRECATED] Since fakerphp/faker 1.14: Accessing property "phoneNumber" is deprecated, use "phoneNumber()" instead. in VENDORPATH/symfony/deprecation-contracts/function.php on line 25.
 1 VENDORPATH/symfony/deprecation-contracts/function.php(25): trigger_error('Since fakerphp/faker 1.14: Accessing property "phoneNumber" is deprecated, use "phoneNumber()" instead.', 16384)
 2 VENDORPATH/fakerphp/faker/src/Faker/Generator.php(962): trigger_deprecation('fakerphp/faker', '1.14', 'Accessing property "%s" is deprecated, use "%s()" instead.', 'phoneNumber', 'phoneNumber')
 3 APPPATH/Database/Seeds/ClientSeeder.php(26): Faker\Generator->__get('phoneNumber')
 4 SYSTEMPATH/Database/Seeder.php(155): App\Database\Seeds\ClientSeeder->run()
 5 SYSTEMPATH/Commands/Database/Seed.php(79): CodeIgniter\Database\Seeder->call('App\\Database\\Seeds\\ClientSeeder')
 6 SYSTEMPATH/CLI/Commands.php(72): CodeIgniter\Commands\Database\Seed->run([])
 7 SYSTEMPATH/CLI/Console.php(47): CodeIgniter\CLI\Commands->run('db:seed', [...])
 8 SYSTEMPATH/Boot.php(444): CodeIgniter\CLI\Console->run()
 9 SYSTEMPATH/Boot.php(166): CodeIgniter\Boot::runCommand(Object(CodeIgniter\CLI\Console))
10 ROOTPATH/spark(87): CodeIgniter\Boot::bootSpark(Object(Config\Paths))
WARNING - 2026-08-30 04:00:49 --> [DEPRECATED] Since fakerphp/faker 1.14: Accessing property "address" is deprecated, use "address()" instead. in VENDORPATH/symfony/deprecation-contracts/function.php on line 25.
 1 VENDORPATH/symfony/deprecation-contracts/function.php(25): trigger_error('Since fakerphp/faker 1.14: Accessing property "address" is deprecated, use "address()" instead.', 16384)
 2 VENDORPATH/fakerphp/faker/src/Faker/Generator.php(962): trigger_deprecation('fakerphp/faker', '1.14', 'Accessing property "%s" is deprecated, use "%s()" instead.', 'address', 'address')
 3 APPPATH/Database/Seeds/ClientSeeder.php(27): Faker\Generator->__get('address')
 4 SYSTEMPATH/Database/Seeder.php(155): App\Database\Seeds\ClientSeeder->run()
 5 SYSTEMPATH/Commands/Database/Seed.php(79): CodeIgniter\Database\Seeder->call('App\\Database\\Seeds\\ClientSeeder')
 6 SYSTEMPATH/CLI/Commands.php(72): CodeIgniter\Commands\Database\Seed->run([])
 7 SYSTEMPATH/CLI/Console.php(47): CodeIgniter\CLI\Commands->run('db:seed', [...])
 8 SYSTEMPATH/Boot.php(444): CodeIgniter\CLI\Console->run()
 9 SYSTEMPATH/Boot.php(166): CodeIgniter\Boot::runCommand(Object(CodeIgniter\CLI\Console))
10 ROOTPATH/spark(87): CodeIgniter\Boot::bootSpark(Object(Config\Paths))
WARNING - 2026-08-30 04:00:49 --> [DEPRECATED] Since fakerphp/faker 1.14: Accessing property "company" is deprecated, use "company()" instead. in VENDORPATH/symfony/deprecation-contracts/function.php on line 25.
 1 VENDORPATH/symfony/deprecation-contracts/function.php(25): trigger_error('Since fakerphp/faker 1.14: Accessing property "company" is deprecated, use "company()" instead.', 16384)
 2 VENDORPATH/fakerphp/faker/src/Faker/Generator.php(962): trigger_deprecation('fakerphp/faker', '1.14', 'Accessing property "%s" is deprecated, use "%s()" instead.', 'company', 'company')
 3 APPPATH/Database/Seeds/ClientSeeder.php(18): Faker\Generator->__get('company')
 4 SYSTEMPATH/Database/Seeder.php(155): App\Database\Seeds\ClientSeeder->run()
 5 SYSTEMPATH/Commands/Database/Seed.php(79): CodeIgniter\Database\Seeder->call('App\\Database\\Seeds\\ClientSeeder')
 6 SYSTEMPATH/CLI/Commands.php(72): CodeIgniter\Commands\Database\Seed->run([])
 7 SYSTEMPATH/CLI/Console.php(47): CodeIgniter\CLI\Commands->run('db:seed', [...])
 8 SYSTEMPATH/Boot.php(444): CodeIgniter\CLI\Console->run()
 9 SYSTEMPATH/Boot.php(166): CodeIgniter\Boot::runCommand(Object(CodeIgniter\CLI\Console))
10 ROOTPATH/spark(87): CodeIgniter\Boot::bootSpark(Object(Config\Paths))
WARNING - 2026-08-30 04:00:49 --> [DEPRECATED] Since fakerphp/faker 1.14: Accessing property "phoneNumber" is deprecated, use "phoneNumber()" instead. in VENDORPATH/symfony/deprecation-contracts/function.php on line 25.
 1 VENDORPATH/symfony/deprecation-contracts/function.php(25): trigger_error('Since fakerphp/faker 1.14: Accessing property "phoneNumber" is deprecated, use "phoneNumber()" instead.', 16384)
 2 VENDORPATH/fakerphp/faker/src/Faker/Generator.php(962): trigger_deprecation('fakerphp/faker', '1.14', 'Accessing property "%s" is deprecated, use "%s()" instead.', 'phoneNumber', 'phoneNumber')
 3 APPPATH/Database/Seeds/ClientSeeder.php(26): Faker\Generator->__get('phoneNumber')
 4 SYSTEMPATH/Database/Seeder.php(155): App\Database\Seeds\ClientSeeder->run()
 5 SYSTEMPATH/Commands/Database/Seed.php(79): CodeIgniter\Database\Seeder->call('App\\Database\\Seeds\\ClientSeeder')
 6 SYSTEMPATH/CLI/Commands.php(72): CodeIgniter\Commands\Database\Seed->run([])
 7 SYSTEMPATH/CLI/Console.php(47): CodeIgniter\CLI\Commands->run('db:seed', [...])
 8 SYSTEMPATH/Boot.php(444): CodeIgniter\CLI\Console->run()
 9 SYSTEMPATH/Boot.php(166): CodeIgniter\Boot::runCommand(Object(CodeIgniter\CLI\Console))
10 ROOTPATH/spark(87): CodeIgniter\Boot::bootSpark(Object(Config\Paths))
WARNING - 2026-08-30 04:00:49 --> [DEPRECATED] Since fakerphp/faker 1.14: Accessing property "address" is deprecated, use "address()" instead. in VENDORPATH/symfony/deprecation-contracts/function.php on line 25.
 1 VENDORPATH/symfony/deprecation-contracts/function.php(25): trigger_error('Since fakerphp/faker 1.14: Accessing property "address" is deprecated, use "address()" instead.', 16384)
 2 VENDORPATH/fakerphp/faker/src/Faker/Generator.php(962): trigger_deprecation('fakerphp/faker', '1.14', 'Accessing property "%s" is deprecated, use "%s()" instead.', 'address', 'address')
 3 APPPATH/Database/Seeds/ClientSeeder.php(27): Faker\Generator->__get('address')
 4 SYSTEMPATH/Database/Seeder.php(155): App\Database\Seeds\ClientSeeder->run()
 5 SYSTEMPATH/Commands/Database/Seed.php(79): CodeIgniter\Database\Seeder->call('App\\Database\\Seeds\\ClientSeeder')
 6 SYSTEMPATH/CLI/Commands.php(72): CodeIgniter\Commands\Database\Seed->run([])
 7 SYSTEMPATH/CLI/Console.php(47): CodeIgniter\CLI\Commands->run('db:seed', [...])
 8 SYSTEMPATH/Boot.php(444): CodeIgniter\CLI\Console->run()
 9 SYSTEMPATH/Boot.php(166): CodeIgniter\Boot::runCommand(Object(CodeIgniter\CLI\Console))
10 ROOTPATH/spark(87): CodeIgniter\Boot::bootSpark(Object(Config\Paths))
WARNING - 2026-08-30 04:00:49 --> [DEPRECATED] Since fakerphp/faker 1.14: Accessing property "company" is deprecated, use "company()" instead. in VENDORPATH/symfony/deprecation-contracts/function.php on line 25.
 1 VENDORPATH/symfony/deprecation-contracts/function.php(25): trigger_error('Since fakerphp/faker 1.14: Accessing property "company" is deprecated, use "company()" instead.', 16384)
 2 VENDORPATH/fakerphp/faker/src/Faker/Generator.php(962): trigger_deprecation('fakerphp/faker', '1.14', 'Accessing property "%s" is deprecated, use "%s()" instead.', 'company', 'company')
 3 APPPATH/Database/Seeds/ClientSeeder.php(18): Faker\Generator->__get('company')
 4 SYSTEMPATH/Database/Seeder.php(155): App\Database\Seeds\ClientSeeder->run()
 5 SYSTEMPATH/Commands/Database/Seed.php(79): CodeIgniter\Database\Seeder->call('App\\Database\\Seeds\\ClientSeeder')
 6 SYSTEMPATH/CLI/Commands.php(72): CodeIgniter\Commands\Database\Seed->run([])
 7 SYSTEMPATH/CLI/Console.php(47): CodeIgniter\CLI\Commands->run('db:seed', [...])
 8 SYSTEMPATH/Boot.php(444): CodeIgniter\CLI\Console->run()
 9 SYSTEMPATH/Boot.php(166): CodeIgniter\Boot::runCommand(Object(CodeIgniter\CLI\Console))
10 ROOTPATH/spark(87): CodeIgniter\Boot::bootSpark(Object(Config\Paths))
WARNING - 2026-08-30 04:00:49 --> [DEPRECATED] Since fakerphp/faker 1.14: Accessing property "name" is deprecated, use "name()" instead. in VENDORPATH/symfony/deprecation-contracts/function.php on line 25.
 1 VENDORPATH/symfony/deprecation-contracts/function.php(25): trigger_error('Since fakerphp/faker 1.14: Accessing property "name" is deprecated, use "name()" instead.', 16384)
 2 VENDORPATH/fakerphp/faker/src/Faker/Generator.php(962): trigger_deprecation('fakerphp/faker', '1.14', 'Accessing property "%s" is deprecated, use "%s()" instead.', 'name', 'name')
 3 APPPATH/Database/Seeds/ClientSeeder.php(21): Faker\Generator->__get('name')
 4 SYSTEMPATH/Database/Seeder.php(155): App\Database\Seeds\ClientSeeder->run()
 5 SYSTEMPATH/Commands/Database/Seed.php(79): CodeIgniter\Database\Seeder->call('App\\Database\\Seeds\\ClientSeeder')
 6 SYSTEMPATH/CLI/Commands.php(72): CodeIgniter\Commands\Database\Seed->run([])
 7 SYSTEMPATH/CLI/Console.php(47): CodeIgniter\CLI\Commands->run('db:seed', [...])
 8 SYSTEMPATH/Boot.php(444): CodeIgniter\CLI\Console->run()
 9 SYSTEMPATH/Boot.php(166): CodeIgniter\Boot::runCommand(Object(CodeIgniter\CLI\Console))
10 ROOTPATH/spark(87): CodeIgniter\Boot::bootSpark(Object(Config\Paths))
WARNING - 2026-08-30 04:00:49 --> [DEPRECATED] Since fakerphp/faker 1.14: Accessing property "phoneNumber" is deprecated, use "phoneNumber()" instead. in VENDORPATH/symfony/deprecation-contracts/function.php on line 25.
 1 VENDORPATH/symfony/deprecation-contracts/function.php(25): trigger_error('Since fakerphp/faker 1.14: Accessing property "phoneNumber" is deprecated, use "phoneNumber()" instead.', 16384)
 2 VENDORPATH/fakerphp/faker/src/Faker/Generator.php(962): trigger_deprecation('fakerphp/faker', '1.14', 'Accessing property "%s" is deprecated, use "%s()" instead.', 'phoneNumber', 'phoneNumber')
 3 APPPATH/Database/Seeds/ClientSeeder.php(26): Faker\Generator->__get('phoneNumber')
 4 SYSTEMPATH/Database/Seeder.php(155): App\Database\Seeds\ClientSeeder->run()
 5 SYSTEMPATH/Commands/Database/Seed.php(79): CodeIgniter\Database\Seeder->call('App\\Database\\Seeds\\ClientSeeder')
 6 SYSTEMPATH/CLI/Commands.php(72): CodeIgniter\Commands\Database\Seed->run([])
 7 SYSTEMPATH/CLI/Console.php(47): CodeIgniter\CLI\Commands->run('db:seed', [...])
 8 SYSTEMPATH/Boot.php(444): CodeIgniter\CLI\Console->run()
 9 SYSTEMPATH/Boot.php(166): CodeIgniter\Boot::runCommand(Object(CodeIgniter\CLI\Console))
10 ROOTPATH/spark(87): CodeIgniter\Boot::bootSpark(Object(Config\Paths))
WARNING - 2026-08-30 04:00:49 --> [DEPRECATED] Since fakerphp/faker 1.14: Accessing property "address" is deprecated, use "address()" instead. in VENDORPATH/symfony/deprecation-contracts/function.php on line 25.
 1 VENDORPATH/symfony/deprecation-contracts/function.php(25): trigger_error('Since fakerphp/faker 1.14: Accessing property "address" is deprecated, use "address()" instead.', 16384)
 2 VENDORPATH/fakerphp/faker/src/Faker/Generator.php(962): trigger_deprecation('fakerphp/faker', '1.14', 'Accessing property "%s" is deprecated, use "%s()" instead.', 'address', 'address')
 3 APPPATH/Database/Seeds/ClientSeeder.php(27): Faker\Generator->__get('address')
 4 SYSTEMPATH/Database/Seeder.php(155): App\Database\Seeds\ClientSeeder->run()
 5 SYSTEMPATH/Commands/Database/Seed.php(79): CodeIgniter\Database\Seeder->call('App\\Database\\Seeds\\ClientSeeder')
 6 SYSTEMPATH/CLI/Commands.php(72): CodeIgniter\Commands\Database\Seed->run([])
 7 SYSTEMPATH/CLI/Console.php(47): CodeIgniter\CLI\Commands->run('db:seed', [...])
 8 SYSTEMPATH/Boot.php(444): CodeIgniter\CLI\Console->run()
 9 SYSTEMPATH/Boot.php(166): CodeIgniter\Boot::runCommand(Object(CodeIgniter\CLI\Console))
10 ROOTPATH/spark(87): CodeIgniter\Boot::bootSpark(Object(Config\Paths))
WARNING - 2026-08-30 04:00:49 --> [DEPRECATED] Since fakerphp/faker 1.14: Accessing property "company" is deprecated, use "company()" instead. in VENDORPATH/symfony/deprecation-contracts/function.php on line 25.
 1 VENDORPATH/symfony/deprecation-contracts/function.php(25): trigger_error('Since fakerphp/faker 1.14: Accessing property "company" is deprecated, use "company()" instead.', 16384)
 2 VENDORPATH/fakerphp/faker/src/Faker/Generator.php(962): trigger_deprecation('fakerphp/faker', '1.14', 'Accessing property "%s" is deprecated, use "%s()" instead.', 'company', 'company')
 3 APPPATH/Database/Seeds/ClientSeeder.php(18): Faker\Generator->__get('company')
 4 SYSTEMPATH/Database/Seeder.php(155): App\Database\Seeds\ClientSeeder->run()
 5 SYSTEMPATH/Commands/Database/Seed.php(79): CodeIgniter\Database\Seeder->call('App\\Database\\Seeds\\ClientSeeder')
 6 SYSTEMPATH/CLI/Commands.php(72): CodeIgniter\Commands\Database\Seed->run([])
 7 SYSTEMPATH/CLI/Console.php(47): CodeIgniter\CLI\Commands->run('db:seed', [...])
 8 SYSTEMPATH/Boot.php(444): CodeIgniter\CLI\Console->run()
 9 SYSTEMPATH/Boot.php(166): CodeIgniter\Boot::runCommand(Object(CodeIgniter\CLI\Console))
10 ROOTPATH/spark(87): CodeIgniter\Boot::bootSpark(Object(Config\Paths))
WARNING - 2026-08-30 04:00:49 --> [DEPRECATED] Since fakerphp/faker 1.14: Accessing property "phoneNumber" is deprecated, use "phoneNumber()" instead. in VENDORPATH/symfony/deprecation-contracts/function.php on line 25.
 1 VENDORPATH/symfony/deprecation-contracts/function.php(25): trigger_error('Since fakerphp/faker 1.14: Accessing property "phoneNumber" is deprecated, use "phoneNumber()" instead.', 16384)
 2 VENDORPATH/fakerphp/faker/src/Faker/Generator.php(962): trigger_deprecation('fakerphp/faker', '1.14', 'Accessing property "%s" is deprecated, use "%s()" instead.', 'phoneNumber', 'phoneNumber')
 3 APPPATH/Database/Seeds/ClientSeeder.php(26): Faker\Generator->__get('phoneNumber')
 4 SYSTEMPATH/Database/Seeder.php(155): App\Database\Seeds\ClientSeeder->run()
 5 SYSTEMPATH/Commands/Database/Seed.php(79): CodeIgniter\Database\Seeder->call('App\\Database\\Seeds\\ClientSeeder')
 6 SYSTEMPATH/CLI/Commands.php(72): CodeIgniter\Commands\Database\Seed->run([])
 7 SYSTEMPATH/CLI/Console.php(47): CodeIgniter\CLI\Commands->run('db:seed', [...])
 8 SYSTEMPATH/Boot.php(444): CodeIgniter\CLI\Console->run()
 9 SYSTEMPATH/Boot.php(166): CodeIgniter\Boot::runCommand(Object(CodeIgniter\CLI\Console))
10 ROOTPATH/spark(87): CodeIgniter\Boot::bootSpark(Object(Config\Paths))
WARNING - 2026-08-30 04:00:49 --> [DEPRECATED] Since fakerphp/faker 1.14: Accessing property "address" is deprecated, use "address()" instead. in VENDORPATH/symfony/deprecation-contracts/function.php on line 25.
 1 VENDORPATH/symfony/deprecation-contracts/function.php(25): trigger_error('Since fakerphp/faker 1.14: Accessing property "address" is deprecated, use "address()" instead.', 16384)
 2 VENDORPATH/fakerphp/faker/src/Faker/Generator.php(962): trigger_deprecation('fakerphp/faker', '1.14', 'Accessing property "%s" is deprecated, use "%s()" instead.', 'address', 'address')
 3 APPPATH/Database/Seeds/ClientSeeder.php(27): Faker\Generator->__get('address')
 4 SYSTEMPATH/Database/Seeder.php(155): App\Database\Seeds\ClientSeeder->run()
 5 SYSTEMPATH/Commands/Database/Seed.php(79): CodeIgniter\Database\Seeder->call('App\\Database\\Seeds\\ClientSeeder')
 6 SYSTEMPATH/CLI/Commands.php(72): CodeIgniter\Commands\Database\Seed->run([])
 7 SYSTEMPATH/CLI/Console.php(47): CodeIgniter\CLI\Commands->run('db:seed', [...])
 8 SYSTEMPATH/Boot.php(444): CodeIgniter\CLI\Console->run()
 9 SYSTEMPATH/Boot.php(166): CodeIgniter\Boot::runCommand(Object(CodeIgniter\CLI\Console))
10 ROOTPATH/spark(87): CodeIgniter\Boot::bootSpark(Object(Config\Paths))
WARNING - 2026-08-30 04:00:49 --> [DEPRECATED] Since fakerphp/faker 1.14: Accessing property "company" is deprecated, use "company()" instead. in VENDORPATH/symfony/deprecation-contracts/function.php on line 25.
 1 VENDORPATH/symfony/deprecation-contracts/function.php(25): trigger_error('Since fakerphp/faker 1.14: Accessing property "company" is deprecated, use "company()" instead.', 16384)
 2 VENDORPATH/fakerphp/faker/src/Faker/Generator.php(962): trigger_deprecation('fakerphp/faker', '1.14', 'Accessing property "%s" is deprecated, use "%s()" instead.', 'company', 'company')
 3 APPPATH/Database/Seeds/ClientSeeder.php(18): Faker\Generator->__get('company')
 4 SYSTEMPATH/Database/Seeder.php(155): App\Database\Seeds\ClientSeeder->run()
 5 SYSTEMPATH/Commands/Database/Seed.php(79): CodeIgniter\Database\Seeder->call('App\\Database\\Seeds\\ClientSeeder')
 6 SYSTEMPATH/CLI/Commands.php(72): CodeIgniter\Commands\Database\Seed->run([])
 7 SYSTEMPATH/CLI/Console.php(47): CodeIgniter\CLI\Commands->run('db:seed', [...])
 8 SYSTEMPATH/Boot.php(444): CodeIgniter\CLI\Console->run()
 9 SYSTEMPATH/Boot.php(166): CodeIgniter\Boot::runCommand(Object(CodeIgniter\CLI\Console))
10 ROOTPATH/spark(87): CodeIgniter\Boot::bootSpark(Object(Config\Paths))
WARNING - 2026-08-30 04:00:49 --> [DEPRECATED] Since fakerphp/faker 1.14: Accessing property "phoneNumber" is deprecated, use "phoneNumber()" instead. in VENDORPATH/symfony/deprecation-contracts/function.php on line 25.
 1 VENDORPATH/symfony/deprecation-contracts/function.php(25): trigger_error('Since fakerphp/faker 1.14: Accessing property "phoneNumber" is deprecated, use "phoneNumber()" instead.', 16384)
 2 VENDORPATH/fakerphp/faker/src/Faker/Generator.php(962): trigger_deprecation('fakerphp/faker', '1.14', 'Accessing property "%s" is deprecated, use "%s()" instead.', 'phoneNumber', 'phoneNumber')
 3 APPPATH/Database/Seeds/ClientSeeder.php(26): Faker\Generator->__get('phoneNumber')
 4 SYSTEMPATH/Database/Seeder.php(155): App\Database\Seeds\ClientSeeder->run()
 5 SYSTEMPATH/Commands/Database/Seed.php(79): CodeIgniter\Database\Seeder->call('App\\Database\\Seeds\\ClientSeeder')
 6 SYSTEMPATH/CLI/Commands.php(72): CodeIgniter\Commands\Database\Seed->run([])
 7 SYSTEMPATH/CLI/Console.php(47): CodeIgniter\CLI\Commands->run('db:seed', [...])
 8 SYSTEMPATH/Boot.php(444): CodeIgniter\CLI\Console->run()
 9 SYSTEMPATH/Boot.php(166): CodeIgniter\Boot::runCommand(Object(CodeIgniter\CLI\Console))
10 ROOTPATH/spark(87): CodeIgniter\Boot::bootSpark(Object(Config\Paths))
WARNING - 2026-08-30 04:00:49 --> [DEPRECATED] Since fakerphp/faker 1.14: Accessing property "address" is deprecated, use "address()" instead. in VENDORPATH/symfony/deprecation-contracts/function.php on line 25.
 1 VENDORPATH/symfony/deprecation-contracts/function.php(25): trigger_error('Since fakerphp/faker 1.14: Accessing property "address" is deprecated, use "address()" instead.', 16384)
 2 VENDORPATH/fakerphp/faker/src/Faker/Generator.php(962): trigger_deprecation('fakerphp/faker', '1.14', 'Accessing property "%s" is deprecated, use "%s()" instead.', 'address', 'address')
 3 APPPATH/Database/Seeds/ClientSeeder.php(27): Faker\Generator->__get('address')
 4 SYSTEMPATH/Database/Seeder.php(155): App\Database\Seeds\ClientSeeder->run()
 5 SYSTEMPATH/Commands/Database/Seed.php(79): CodeIgniter\Database\Seeder->call('App\\Database\\Seeds\\ClientSeeder')
 6 SYSTEMPATH/CLI/Commands.php(72): CodeIgniter\Commands\Database\Seed->run([])
 7 SYSTEMPATH/CLI/Console.php(47): CodeIgniter\CLI\Commands->run('db:seed', [...])
 8 SYSTEMPATH/Boot.php(444): CodeIgniter\CLI\Console->run()
 9 SYSTEMPATH/Boot.php(166): CodeIgniter\Boot::runCommand(Object(CodeIgniter\CLI\Console))
10 ROOTPATH/spark(87): CodeIgniter\Boot::bootSpark(Object(Config\Paths))
WARNING - 2026-08-30 04:00:49 --> [DEPRECATED] Since fakerphp/faker 1.14: Accessing property "company" is deprecated, use "company()" instead. in VENDORPATH/symfony/deprecation-contracts/function.php on line 25.
 1 VENDORPATH/symfony/deprecation-contracts/function.php(25): trigger_error('Since fakerphp/faker 1.14: Accessing property "company" is deprecated, use "company()" instead.', 16384)
 2 VENDORPATH/fakerphp/faker/src/Faker/Generator.php(962): trigger_deprecation('fakerphp/faker', '1.14', 'Accessing property "%s" is deprecated, use "%s()" instead.', 'company', 'company')
 3 APPPATH/Database/Seeds/ClientSeeder.php(18): Faker\Generator->__get('company')
 4 SYSTEMPATH/Database/Seeder.php(155): App\Database\Seeds\ClientSeeder->run()
 5 SYSTEMPATH/Commands/Database/Seed.php(79): CodeIgniter\Database\Seeder->call('App\\Database\\Seeds\\ClientSeeder')
 6 SYSTEMPATH/CLI/Commands.php(72): CodeIgniter\Commands\Database\Seed->run([])
 7 SYSTEMPATH/CLI/Console.php(47): CodeIgniter\CLI\Commands->run('db:seed', [...])
 8 SYSTEMPATH/Boot.php(444): CodeIgniter\CLI\Console->run()
 9 SYSTEMPATH/Boot.php(166): CodeIgniter\Boot::runCommand(Object(CodeIgniter\CLI\Console))
10 ROOTPATH/spark(87): CodeIgniter\Boot::bootSpark(Object(Config\Paths))
WARNING - 2026-08-30 04:00:49 --> [DEPRECATED] Since fakerphp/faker 1.14: Accessing property "name" is deprecated, use "name()" instead. in VENDORPATH/symfony/deprecation-contracts/function.php on line 25.
 1 VENDORPATH/symfony/deprecation-contracts/function.php(25): trigger_error('Since fakerphp/faker 1.14: Accessing property "name" is deprecated, use "name()" instead.', 16384)
 2 VENDORPATH/fakerphp/faker/src/Faker/Generator.php(962): trigger_deprecation('fakerphp/faker', '1.14', 'Accessing property "%s" is deprecated, use "%s()" instead.', 'name', 'name')
 3 APPPATH/Database/Seeds/ClientSeeder.php(21): Faker\Generator->__get('name')
 4 SYSTEMPATH/Database/Seeder.php(155): App\Database\Seeds\ClientSeeder->run()
 5 SYSTEMPATH/Commands/Database/Seed.php(79): CodeIgniter\Database\Seeder->call('App\\Database\\Seeds\\ClientSeeder')
 6 SYSTEMPATH/CLI/Commands.php(72): CodeIgniter\Commands\Database\Seed->run([])
 7 SYSTEMPATH/CLI/Console.php(47): CodeIgniter\CLI\Commands->run('db:seed', [...])
 8 SYSTEMPATH/Boot.php(444): CodeIgniter\CLI\Console->run()
 9 SYSTEMPATH/Boot.php(166): CodeIgniter\Boot::runCommand(Object(CodeIgniter\CLI\Console))
10 ROOTPATH/spark(87): CodeIgniter\Boot::bootSpark(Object(Config\Paths))
WARNING - 2026-08-30 04:00:49 --> [DEPRECATED] Since fakerphp/faker 1.14: Accessing property "phoneNumber" is deprecated, use "phoneNumber()" instead. in VENDORPATH/symfony/deprecation-contracts/function.php on line 25.
 1 VENDORPATH/symfony/deprecation-contracts/function.php(25): trigger_error('Since fakerphp/faker 1.14: Accessing property "phoneNumber" is deprecated, use "phoneNumber()" instead.', 16384)
 2 VENDORPATH/fakerphp/faker/src/Faker/Generator.php(962): trigger_deprecation('fakerphp/faker', '1.14', 'Accessing property "%s" is deprecated, use "%s()" instead.', 'phoneNumber', 'phoneNumber')
 3 APPPATH/Database/Seeds/ClientSeeder.php(26): Faker\Generator->__get('phoneNumber')
 4 SYSTEMPATH/Database/Seeder.php(155): App\Database\Seeds\ClientSeeder->run()
 5 SYSTEMPATH/Commands/Database/Seed.php(79): CodeIgniter\Database\Seeder->call('App\\Database\\Seeds\\ClientSeeder')
 6 SYSTEMPATH/CLI/Commands.php(72): CodeIgniter\Commands\Database\Seed->run([])
 7 SYSTEMPATH/CLI/Console.php(47): CodeIgniter\CLI\Commands->run('db:seed', [...])
 8 SYSTEMPATH/Boot.php(444): CodeIgniter\CLI\Console->run()
 9 SYSTEMPATH/Boot.php(166): CodeIgniter\Boot::runCommand(Object(CodeIgniter\CLI\Console))
10 ROOTPATH/spark(87): CodeIgniter\Boot::bootSpark(Object(Config\Paths))
WARNING - 2026-08-30 04:00:49 --> [DEPRECATED] Since fakerphp/faker 1.14: Accessing property "address" is deprecated, use "address()" instead. in VENDORPATH/symfony/deprecation-contracts/function.php on line 25.
 1 VENDORPATH/symfony/deprecation-contracts/function.php(25): trigger_error('Since fakerphp/faker 1.14: Accessing property "address" is deprecated, use "address()" instead.', 16384)
 2 VENDORPATH/fakerphp/faker/src/Faker/Generator.php(962): trigger_deprecation('fakerphp/faker', '1.14', 'Accessing property "%s" is deprecated, use "%s()" instead.', 'address', 'address')
 3 APPPATH/Database/Seeds/ClientSeeder.php(27): Faker\Generator->__get('address')
 4 SYSTEMPATH/Database/Seeder.php(155): App\Database\Seeds\ClientSeeder->run()
 5 SYSTEMPATH/Commands/Database/Seed.php(79): CodeIgniter\Database\Seeder->call('App\\Database\\Seeds\\ClientSeeder')
 6 SYSTEMPATH/CLI/Commands.php(72): CodeIgniter\Commands\Database\Seed->run([])
 7 SYSTEMPATH/CLI/Console.php(47): CodeIgniter\CLI\Commands->run('db:seed', [...])
 8 SYSTEMPATH/Boot.php(444): CodeIgniter\CLI\Console->run()
 9 SYSTEMPATH/Boot.php(166): CodeIgniter\Boot::runCommand(Object(CodeIgniter\CLI\Console))
10 ROOTPATH/spark(87): CodeIgniter\Boot::bootSpark(Object(Config\Paths))
WARNING - 2026-08-30 04:00:49 --> [DEPRECATED] Since fakerphp/faker 1.14: Accessing property "company" is deprecated, use "company()" instead. in VENDORPATH/symfony/deprecation-contracts/function.php on line 25.
 1 VENDORPATH/symfony/deprecation-contracts/function.php(25): trigger_error('Since fakerphp/faker 1.14: Accessing property "company" is deprecated, use "company()" instead.', 16384)
 2 VENDORPATH/fakerphp/faker/src/Faker/Generator.php(962): trigger_deprecation('fakerphp/faker', '1.14', 'Accessing property "%s" is deprecated, use "%s()" instead.', 'company', 'company')
 3 APPPATH/Database/Seeds/ClientSeeder.php(18): Faker\Generator->__get('company')
 4 SYSTEMPATH/Database/Seeder.php(155): App\Database\Seeds\ClientSeeder->run()
 5 SYSTEMPATH/Commands/Database/Seed.php(79): CodeIgniter\Database\Seeder->call('App\\Database\\Seeds\\ClientSeeder')
 6 SYSTEMPATH/CLI/Commands.php(72): CodeIgniter\Commands\Database\Seed->run([])
 7 SYSTEMPATH/CLI/Console.php(47): CodeIgniter\CLI\Commands->run('db:seed', [...])
 8 SYSTEMPATH/Boot.php(444): CodeIgniter\CLI\Console->run()
 9 SYSTEMPATH/Boot.php(166): CodeIgniter\Boot::runCommand(Object(CodeIgniter\CLI\Console))
10 ROOTPATH/spark(87): CodeIgniter\Boot::bootSpark(Object(Config\Paths))
WARNING - 2026-08-30 04:00:49 --> [DEPRECATED] Since fakerphp/faker 1.14: Accessing property "phoneNumber" is deprecated, use "phoneNumber()" instead. in VENDORPATH/symfony/deprecation-contracts/function.php on line 25.
 1 VENDORPATH/symfony/deprecation-contracts/function.php(25): trigger_error('Since fakerphp/faker 1.14: Accessing property "phoneNumber" is deprecated, use "phoneNumber()" instead.', 16384)
 2 VENDORPATH/fakerphp/faker/src/Faker/Generator.php(962): trigger_deprecation('fakerphp/faker', '1.14', 'Accessing property "%s" is deprecated, use "%s()" instead.', 'phoneNumber', 'phoneNumber')
 3 APPPATH/Database/Seeds/ClientSeeder.php(26): Faker\Generator->__get('phoneNumber')
 4 SYSTEMPATH/Database/Seeder.php(155): App\Database\Seeds\ClientSeeder->run()
 5 SYSTEMPATH/Commands/Database/Seed.php(79): CodeIgniter\Database\Seeder->call('App\\Database\\Seeds\\ClientSeeder')
 6 SYSTEMPATH/CLI/Commands.php(72): CodeIgniter\Commands\Database\Seed->run([])
 7 SYSTEMPATH/CLI/Console.php(47): CodeIgniter\CLI\Commands->run('db:seed', [...])
 8 SYSTEMPATH/Boot.php(444): CodeIgniter\CLI\Console->run()
 9 SYSTEMPATH/Boot.php(166): CodeIgniter\Boot::runCommand(Object(CodeIgniter\CLI\Console))
10 ROOTPATH/spark(87): CodeIgniter\Boot::bootSpark(Object(Config\Paths))
WARNING - 2026-08-30 04:00:49 --> [DEPRECATED] Since fakerphp/faker 1.14: Accessing property "address" is deprecated, use "address()" instead. in VENDORPATH/symfony/deprecation-contracts/function.php on line 25.
 1 VENDORPATH/symfony/deprecation-contracts/function.php(25): trigger_error('Since fakerphp/faker 1.14: Accessing property "address" is deprecated, use "address()" instead.', 16384)
 2 VENDORPATH/fakerphp/faker/src/Faker/Generator.php(962): trigger_deprecation('fakerphp/faker', '1.14', 'Accessing property "%s" is deprecated, use "%s()" instead.', 'address', 'address')
 3 APPPATH/Database/Seeds/ClientSeeder.php(27): Faker\Generator->__get('address')
 4 SYSTEMPATH/Database/Seeder.php(155): App\Database\Seeds\ClientSeeder->run()
 5 SYSTEMPATH/Commands/Database/Seed.php(79): CodeIgniter\Database\Seeder->call('App\\Database\\Seeds\\ClientSeeder')
 6 SYSTEMPATH/CLI/Commands.php(72): CodeIgniter\Commands\Database\Seed->run([])
 7 SYSTEMPATH/CLI/Console.php(47): CodeIgniter\CLI\Commands->run('db:seed', [...])
 8 SYSTEMPATH/Boot.php(444): CodeIgniter\CLI\Console->run()
 9 SYSTEMPATH/Boot.php(166): CodeIgniter\Boot::runCommand(Object(CodeIgniter\CLI\Console))
10 ROOTPATH/spark(87): CodeIgniter\Boot::bootSpark(Object(Config\Paths))
WARNING - 2026-08-30 04:00:49 --> [DEPRECATED] Since fakerphp/faker 1.14: Accessing property "company" is deprecated, use "company()" instead. in VENDORPATH/symfony/deprecation-contracts/function.php on line 25.
 1 VENDORPATH/symfony/deprecation-contracts/function.php(25): trigger_error('Since fakerphp/faker 1.14: Accessing property "company" is deprecated, use "company()" instead.', 16384)
 2 VENDORPATH/fakerphp/faker/src/Faker/Generator.php(962): trigger_deprecation('fakerphp/faker', '1.14', 'Accessing property "%s" is deprecated, use "%s()" instead.', 'company', 'company')
 3 APPPATH/Database/Seeds/ClientSeeder.php(18): Faker\Generator->__get('company')
 4 SYSTEMPATH/Database/Seeder.php(155): App\Database\Seeds\ClientSeeder->run()
 5 SYSTEMPATH/Commands/Database/Seed.php(79): CodeIgniter\Database\Seeder->call('App\\Database\\Seeds\\ClientSeeder')
 6 SYSTEMPATH/CLI/Commands.php(72): CodeIgniter\Commands\Database\Seed->run([])
 7 SYSTEMPATH/CLI/Console.php(47): CodeIgniter\CLI\Commands->run('db:seed', [...])
 8 SYSTEMPATH/Boot.php(444): CodeIgniter\CLI\Console->run()
 9 SYSTEMPATH/Boot.php(166): CodeIgniter\Boot::runCommand(Object(CodeIgniter\CLI\Console))
10 ROOTPATH/spark(87): CodeIgniter\Boot::bootSpark(Object(Config\Paths))
WARNING - 2026-08-30 04:00:49 --> [DEPRECATED] Since fakerphp/faker 1.14: Accessing property "phoneNumber" is deprecated, use "phoneNumber()" instead. in VENDORPATH/symfony/deprecation-contracts/function.php on line 25.
 1 VENDORPATH/symfony/deprecation-contracts/function.php(25): trigger_error('Since fakerphp/faker 1.14: Accessing property "phoneNumber" is deprecated, use "phoneNumber()" instead.', 16384)
 2 VENDORPATH/fakerphp/faker/src/Faker/Generator.php(962): trigger_deprecation('fakerphp/faker', '1.14', 'Accessing property "%s" is deprecated, use "%s()" instead.', 'phoneNumber', 'phoneNumber')
 3 APPPATH/Database/Seeds/ClientSeeder.php(26): Faker\Generator->__get('phoneNumber')
 4 SYSTEMPATH/Database/Seeder.php(155): App\Database\Seeds\ClientSeeder->run()
 5 SYSTEMPATH/Commands/Database/Seed.php(79): CodeIgniter\Database\Seeder->call('App\\Database\\Seeds\\ClientSeeder')
 6 SYSTEMPATH/CLI/Commands.php(72): CodeIgniter\Commands\Database\Seed->run([])
 7 SYSTEMPATH/CLI/Console.php(47): CodeIgniter\CLI\Commands->run('db:seed', [...])
 8 SYSTEMPATH/Boot.php(444): CodeIgniter\CLI\Console->run()
 9 SYSTEMPATH/Boot.php(166): CodeIgniter\Boot::runCommand(Object(CodeIgniter\CLI\Console))
10 ROOTPATH/spark(87): CodeIgniter\Boot::bootSpark(Object(Config\Paths))
WARNING - 2026-08-30 04:00:49 --> [DEPRECATED] Since fakerphp/faker 1.14: Accessing property "address" is deprecated, use "address()" instead. in VENDORPATH/symfony/deprecation-contracts/function.php on line 25.
 1 VENDORPATH/symfony/deprecation-contracts/function.php(25): trigger_error('Since fakerphp/faker 1.14: Accessing property "address" is deprecated, use "address()" instead.', 16384)
 2 VENDORPATH/fakerphp/faker/src/Faker/Generator.php(962): trigger_deprecation('fakerphp/faker', '1.14', 'Accessing property "%s" is deprecated, use "%s()" instead.', 'address', 'address')
 3 APPPATH/Database/Seeds/ClientSeeder.php(27): Faker\Generator->__get('address')
 4 SYSTEMPATH/Database/Seeder.php(155): App\Database\Seeds\ClientSeeder->run()
 5 SYSTEMPATH/Commands/Database/Seed.php(79): CodeIgniter\Database\Seeder->call('App\\Database\\Seeds\\ClientSeeder')
 6 SYSTEMPATH/CLI/Commands.php(72): CodeIgniter\Commands\Database\Seed->run([])
 7 SYSTEMPATH/CLI/Console.php(47): CodeIgniter\CLI\Commands->run('db:seed', [...])
 8 SYSTEMPATH/Boot.php(444): CodeIgniter\CLI\Console->run()
 9 SYSTEMPATH/Boot.php(166): CodeIgniter\Boot::runCommand(Object(CodeIgniter\CLI\Console))
10 ROOTPATH/spark(87): CodeIgniter\Boot::bootSpark(Object(Config\Paths))
WARNING - 2026-08-30 04:00:49 --> [DEPRECATED] Since fakerphp/faker 1.14: Accessing property "company" is deprecated, use "company()" instead. in VENDORPATH/symfony/deprecation-contracts/function.php on line 25.
 1 VENDORPATH/symfony/deprecation-contracts/function.php(25): trigger_error('Since fakerphp/faker 1.14: Accessing property "company" is deprecated, use "company()" instead.', 16384)
 2 VENDORPATH/fakerphp/faker/src/Faker/Generator.php(962): trigger_deprecation('fakerphp/faker', '1.14', 'Accessing property "%s" is deprecated, use "%s()" instead.', 'company', 'company')
 3 APPPATH/Database/Seeds/ClientSeeder.php(18): Faker\Generator->__get('company')
 4 SYSTEMPATH/Database/Seeder.php(155): App\Database\Seeds\ClientSeeder->run()
 5 SYSTEMPATH/Commands/Database/Seed.php(79): CodeIgniter\Database\Seeder->call('App\\Database\\Seeds\\ClientSeeder')
 6 SYSTEMPATH/CLI/Commands.php(72): CodeIgniter\Commands\Database\Seed->run([])
 7 SYSTEMPATH/CLI/Console.php(47): CodeIgniter\CLI\Commands->run('db:seed', [...])
 8 SYSTEMPATH/Boot.php(444): CodeIgniter\CLI\Console->run()
 9 SYSTEMPATH/Boot.php(166): CodeIgniter\Boot::runCommand(Object(CodeIgniter\CLI\Console))
10 ROOTPATH/spark(87): CodeIgniter\Boot::bootSpark(Object(Config\Paths))
WARNING - 2026-08-30 04:00:49 --> [DEPRECATED] Since fakerphp/faker 1.14: Accessing property "name" is deprecated, use "name()" instead. in VENDORPATH/symfony/deprecation-contracts/function.php on line 25.
 1 VENDORPATH/symfony/deprecation-contracts/function.php(25): trigger_error('Since fakerphp/faker 1.14: Accessing property "name" is deprecated, use "name()" instead.', 16384)
 2 VENDORPATH/fakerphp/faker/src/Faker/Generator.php(962): trigger_deprecation('fakerphp/faker', '1.14', 'Accessing property "%s" is deprecated, use "%s()" instead.', 'name', 'name')
 3 APPPATH/Database/Seeds/ClientSeeder.php(21): Faker\Generator->__get('name')
 4 SYSTEMPATH/Database/Seeder.php(155): App\Database\Seeds\ClientSeeder->run()
 5 SYSTEMPATH/Commands/Database/Seed.php(79): CodeIgniter\Database\Seeder->call('App\\Database\\Seeds\\ClientSeeder')
 6 SYSTEMPATH/CLI/Commands.php(72): CodeIgniter\Commands\Database\Seed->run([])
 7 SYSTEMPATH/CLI/Console.php(47): CodeIgniter\CLI\Commands->run('db:seed', [...])
 8 SYSTEMPATH/Boot.php(444): CodeIgniter\CLI\Console->run()
 9 SYSTEMPATH/Boot.php(166): CodeIgniter\Boot::runCommand(Object(CodeIgniter\CLI\Console))
10 ROOTPATH/spark(87): CodeIgniter\Boot::bootSpark(Object(Config\Paths))
WARNING - 2026-08-30 04:00:49 --> [DEPRECATED] Since fakerphp/faker 1.14: Accessing property "phoneNumber" is deprecated, use "phoneNumber()" instead. in VENDORPATH/symfony/deprecation-contracts/function.php on line 25.
 1 VENDORPATH/symfony/deprecation-contracts/function.php(25): trigger_error('Since fakerphp/faker 1.14: Accessing property "phoneNumber" is deprecated, use "phoneNumber()" instead.', 16384)
 2 VENDORPATH/fakerphp/faker/src/Faker/Generator.php(962): trigger_deprecation('fakerphp/faker', '1.14', 'Accessing property "%s" is deprecated, use "%s()" instead.', 'phoneNumber', 'phoneNumber')
 3 APPPATH/Database/Seeds/ClientSeeder.php(26): Faker\Generator->__get('phoneNumber')
 4 SYSTEMPATH/Database/Seeder.php(155): App\Database\Seeds\ClientSeeder->run()
 5 SYSTEMPATH/Commands/Database/Seed.php(79): CodeIgniter\Database\Seeder->call('App\\Database\\Seeds\\ClientSeeder')
 6 SYSTEMPATH/CLI/Commands.php(72): CodeIgniter\Commands\Database\Seed->run([])
 7 SYSTEMPATH/CLI/Console.php(47): CodeIgniter\CLI\Commands->run('db:seed', [...])
 8 SYSTEMPATH/Boot.php(444): CodeIgniter\CLI\Console->run()
 9 SYSTEMPATH/Boot.php(166): CodeIgniter\Boot::runCommand(Object(CodeIgniter\CLI\Console))
10 ROOTPATH/spark(87): CodeIgniter\Boot::bootSpark(Object(Config\Paths))
WARNING - 2026-08-30 04:00:49 --> [DEPRECATED] Since fakerphp/faker 1.14: Accessing property "address" is deprecated, use "address()" instead. in VENDORPATH/symfony/deprecation-contracts/function.php on line 25.
 1 VENDORPATH/symfony/deprecation-contracts/function.php(25): trigger_error('Since fakerphp/faker 1.14: Accessing property "address" is deprecated, use "address()" instead.', 16384)
 2 VENDORPATH/fakerphp/faker/src/Faker/Generator.php(962): trigger_deprecation('fakerphp/faker', '1.14', 'Accessing property "%s" is deprecated, use "%s()" instead.', 'address', 'address')
 3 APPPATH/Database/Seeds/ClientSeeder.php(27): Faker\Generator->__get('address')
 4 SYSTEMPATH/Database/Seeder.php(155): App\Database\Seeds\ClientSeeder->run()
 5 SYSTEMPATH/Commands/Database/Seed.php(79): CodeIgniter\Database\Seeder->call('App\\Database\\Seeds\\ClientSeeder')
 6 SYSTEMPATH/CLI/Commands.php(72): CodeIgniter\Commands\Database\Seed->run([])
 7 SYSTEMPATH/CLI/Console.php(47): CodeIgniter\CLI\Commands->run('db:seed', [...])
 8 SYSTEMPATH/Boot.php(444): CodeIgniter\CLI\Console->run()
 9 SYSTEMPATH/Boot.php(166): CodeIgniter\Boot::runCommand(Object(CodeIgniter\CLI\Console))
10 ROOTPATH/spark(87): CodeIgniter\Boot::bootSpark(Object(Config\Paths))
ERROR - 2026-08-30 04:30:21 --> Error connecting to the database: ErrorException: mysqli::real_connect(): php_network_getaddresses: getaddrinfo for db failed: nodename nor servname provided, or not known in /Users/rabarijohnsandroandrianina/Documents/GitHub/milkyway-ERP/system/Database/MySQLi/Connection.php:201
Stack trace:
#0 [internal function]: CodeIgniter\Debug\Exceptions->errorHandler(2, 'mysqli::real_co...', '/Users/rabarijo...', 201)
#1 /Users/rabarijohnsandroandrianina/Documents/GitHub/milkyway-ERP/system/Database/MySQLi/Connection.php(201): mysqli->real_connect('db', 'root', Object(SensitiveParameterValue), 'milky_way', 3306, '', 0)
#2 /Users/rabarijohnsandroandrianina/Documents/GitHub/milkyway-ERP/system/Database/BaseConnection.php(555): CodeIgniter\Database\MySQLi\Connection->connect(false)
#3 /Users/rabarijohnsandroandrianina/Documents/GitHub/milkyway-ERP/system/Database/Database.php(74): CodeIgniter\Database\BaseConnection->initialize()
#4 /Users/rabarijohnsandroandrianina/Documents/GitHub/milkyway-ERP/system/Database/Config.php(111): CodeIgniter\Database\Database->loadForge(Object(CodeIgniter\Database\MySQLi\Connection))
#5 /Users/rabarijohnsandroandrianina/Documents/GitHub/milkyway-ERP/system/Database/Seeder.php(103): CodeIgniter\Database\Config::forge('default')
#6 /Users/rabarijohnsandroandrianina/Documents/GitHub/milkyway-ERP/system/Commands/Database/Seed.php(71): CodeIgniter\Database\Seeder->__construct(Object(Config\Database))
#7 /Users/rabarijohnsandroandrianina/Documents/GitHub/milkyway-ERP/system/CLI/Commands.php(72): CodeIgniter\Commands\Database\Seed->run(Array)
#8 /Users/rabarijohnsandroandrianina/Documents/GitHub/milkyway-ERP/system/CLI/Console.php(47): CodeIgniter\CLI\Commands->run('db:seed', Array)
#9 /Users/rabarijohnsandroandrianina/Documents/GitHub/milkyway-ERP/system/Boot.php(444): CodeIgniter\CLI\Console->run()
#10 /Users/rabarijohnsandroandrianina/Documents/GitHub/milkyway-ERP/system/Boot.php(166): CodeIgniter\Boot::runCommand(Object(CodeIgniter\CLI\Console))
#11 /Users/rabarijohnsandroandrianina/Documents/GitHub/milkyway-ERP/spark(87): CodeIgniter\Boot::bootSpark(Object(Config\Paths))
#12 {main}

Next mysqli_sql_exception: php_network_getaddresses: getaddrinfo for db failed: nodename nor servname provided, or not known in /Users/rabarijohnsandroandrianina/Documents/GitHub/milkyway-ERP/system/Database/MySQLi/Connection.php:201
Stack trace:
#0 /Users/rabarijohnsandroandrianina/Documents/GitHub/milkyway-ERP/system/Database/MySQLi/Connection.php(201): mysqli->real_connect('db', 'root', Object(SensitiveParameterValue), 'milky_way', 3306, '', 0)
#1 /Users/rabarijohnsandroandrianina/Documents/GitHub/milkyway-ERP/system/Database/BaseConnection.php(555): CodeIgniter\Database\MySQLi\Connection->connect(false)
#2 /Users/rabarijohnsandroandrianina/Documents/GitHub/milkyway-ERP/system/Database/Database.php(74): CodeIgniter\Database\BaseConnection->initialize()
#3 /Users/rabarijohnsandroandrianina/Documents/GitHub/milkyway-ERP/system/Database/Config.php(111): CodeIgniter\Database\Database->loadForge(Object(CodeIgniter\Database\MySQLi\Connection))
#4 /Users/rabarijohnsandroandrianina/Documents/GitHub/milkyway-ERP/system/Database/Seeder.php(103): CodeIgniter\Database\Config::forge('default')
#5 /Users/rabarijohnsandroandrianina/Documents/GitHub/milkyway-ERP/system/Commands/Database/Seed.php(71): CodeIgniter\Database\Seeder->__construct(Object(Config\Database))
#6 /Users/rabarijohnsandroandrianina/Documents/GitHub/milkyway-ERP/system/CLI/Commands.php(72): CodeIgniter\Commands\Database\Seed->run(Array)
#7 /Users/rabarijohnsandroandrianina/Documents/GitHub/milkyway-ERP/system/CLI/Console.php(47): CodeIgniter\CLI\Commands->run('db:seed', Array)
#8 /Users/rabarijohnsandroandrianina/Documents/GitHub/milkyway-ERP/system/Boot.php(444): CodeIgniter\CLI\Console->run()
#9 /Users/rabarijohnsandroandrianina/Documents/GitHub/milkyway-ERP/system/Boot.php(166): CodeIgniter\Boot::runCommand(Object(CodeIgniter\CLI\Console))
#10 /Users/rabarijohnsandroandrianina/Documents/GitHub/milkyway-ERP/spark(87): CodeIgniter\Boot::bootSpark(Object(Config\Paths))
#11 {main}

Next CodeIgniter\Database\Exceptions\DatabaseException: php_network_getaddresses: getaddrinfo for db failed: nodename nor servname provided, or not known in /Users/rabarijohnsandroandrianina/Documents/GitHub/milkyway-ERP/system/Database/MySQLi/Connection.php:231
Stack trace:
#0 /Users/rabarijohnsandroandrianina/Documents/GitHub/milkyway-ERP/system/Database/BaseConnection.php(555): CodeIgniter\Database\MySQLi\Connection->connect(false)
#1 /Users/rabarijohnsandroandrianina/Documents/GitHub/milkyway-ERP/system/Database/Database.php(74): CodeIgniter\Database\BaseConnection->initialize()
#2 /Users/rabarijohnsandroandrianina/Documents/GitHub/milkyway-ERP/system/Database/Config.php(111): CodeIgniter\Database\Database->loadForge(Object(CodeIgniter\Database\MySQLi\Connection))
#3 /Users/rabarijohnsandroandrianina/Documents/GitHub/milkyway-ERP/system/Database/Seeder.php(103): CodeIgniter\Database\Config::forge('default')
#4 /Users/rabarijohnsandroandrianina/Documents/GitHub/milkyway-ERP/system/Commands/Database/Seed.php(71): CodeIgniter\Database\Seeder->__construct(Object(Config\Database))
#5 /Users/rabarijohnsandroandrianina/Documents/GitHub/milkyway-ERP/system/CLI/Commands.php(72): CodeIgniter\Commands\Database\Seed->run(Array)
#6 /Users/rabarijohnsandroandrianina/Documents/GitHub/milkyway-ERP/system/CLI/Console.php(47): CodeIgniter\CLI\Commands->run('db:seed', Array)
#7 /Users/rabarijohnsandroandrianina/Documents/GitHub/milkyway-ERP/system/Boot.php(444): CodeIgniter\CLI\Console->run()
#8 /Users/rabarijohnsandroandrianina/Documents/GitHub/milkyway-ERP/system/Boot.php(166): CodeIgniter\Boot::runCommand(Object(CodeIgniter\CLI\Console))
#9 /Users/rabarijohnsandroandrianina/Documents/GitHub/milkyway-ERP/spark(87): CodeIgniter\Boot::bootSpark(Object(Config\Paths))
#10 {main}
CRITICAL - 2026-08-30 04:30:21 --> CodeIgniter\Database\Exceptions\DatabaseException: Unable to connect to the database.
Main connection [MySQLi]: php_network_getaddresses: getaddrinfo for db failed: nodename nor servname provided, or not known
[Method: CLI, Route: db:seed/UserSeeder]
in SYSTEMPATH/Database/BaseConnection.php on line 606.
 1 SYSTEMPATH/Database/Database.php(74): CodeIgniter\Database\BaseConnection->initialize()
 2 SYSTEMPATH/Database/Config.php(111): CodeIgniter\Database\Database->loadForge(Object(CodeIgniter\Database\MySQLi\Connection))
 3 SYSTEMPATH/Database/Seeder.php(103): CodeIgniter\Database\Config::forge('default')
 4 SYSTEMPATH/Commands/Database/Seed.php(71): CodeIgniter\Database\Seeder->__construct(Object(Config\Database))
 5 SYSTEMPATH/CLI/Commands.php(72): CodeIgniter\Commands\Database\Seed->run([...])
 6 SYSTEMPATH/CLI/Console.php(47): CodeIgniter\CLI\Commands->run('db:seed', [...])
 7 SYSTEMPATH/Boot.php(444): CodeIgniter\CLI\Console->run()
 8 SYSTEMPATH/Boot.php(166): CodeIgniter\Boot::runCommand(Object(CodeIgniter\CLI\Console))
 9 ROOTPATH/spark(87): CodeIgniter\Boot::bootSpark(Object(Config\Paths))
WARNING - 2026-08-30 04:46:43 --> [DEPRECATED] Since fakerphp/faker 1.14: Accessing property "company" is deprecated, use "company()" instead. in VENDORPATH/symfony/deprecation-contracts/function.php on line 25.
 1 VENDORPATH/symfony/deprecation-contracts/function.php(25): trigger_error('Since fakerphp/faker 1.14: Accessing property "company" is deprecated, use "company()" instead.', 16384)
 2 VENDORPATH/fakerphp/faker/src/Faker/Generator.php(962): trigger_deprecation('fakerphp/faker', '1.14', 'Accessing property "%s" is deprecated, use "%s()" instead.', 'company', 'company')
 3 APPPATH/Database/Seeds/ClientSeeder.php(18): Faker\Generator->__get('company')
 4 SYSTEMPATH/Database/Seeder.php(155): App\Database\Seeds\ClientSeeder->run()
 5 APPPATH/Database/Seeds/MouvementSeeder.php(25): CodeIgniter\Database\Seeder->call('App\\Database\\Seeds\\ClientSeeder')
 6 SYSTEMPATH/Database/Seeder.php(155): App\Database\Seeds\MouvementSeeder->run()
 7 SYSTEMPATH/Commands/Database/Seed.php(79): CodeIgniter\Database\Seeder->call('App\\Database\\Seeds\\MouvementSeeder')
 8 SYSTEMPATH/CLI/Commands.php(72): CodeIgniter\Commands\Database\Seed->run([])
 9 SYSTEMPATH/CLI/Console.php(47): CodeIgniter\CLI\Commands->run('db:seed', [...])
10 SYSTEMPATH/Boot.php(444): CodeIgniter\CLI\Console->run()
11 SYSTEMPATH/Boot.php(166): CodeIgniter\Boot::runCommand(Object(CodeIgniter\CLI\Console))
12 ROOTPATH/spark(87): CodeIgniter\Boot::bootSpark(Object(Config\Paths))
WARNING - 2026-08-30 04:46:43 --> [DEPRECATED] Since fakerphp/faker 1.14: Accessing property "name" is deprecated, use "name()" instead. in VENDORPATH/symfony/deprecation-contracts/function.php on line 25.
 1 VENDORPATH/symfony/deprecation-contracts/function.php(25): trigger_error('Since fakerphp/faker 1.14: Accessing property "name" is deprecated, use "name()" instead.', 16384)
 2 VENDORPATH/fakerphp/faker/src/Faker/Generator.php(962): trigger_deprecation('fakerphp/faker', '1.14', 'Accessing property "%s" is deprecated, use "%s()" instead.', 'name', 'name')
 3 APPPATH/Database/Seeds/ClientSeeder.php(21): Faker\Generator->__get('name')
 4 SYSTEMPATH/Database/Seeder.php(155): App\Database\Seeds\ClientSeeder->run()
 5 APPPATH/Database/Seeds/MouvementSeeder.php(25): CodeIgniter\Database\Seeder->call('App\\Database\\Seeds\\ClientSeeder')
 6 SYSTEMPATH/Database/Seeder.php(155): App\Database\Seeds\MouvementSeeder->run()
 7 SYSTEMPATH/Commands/Database/Seed.php(79): CodeIgniter\Database\Seeder->call('App\\Database\\Seeds\\MouvementSeeder')
 8 SYSTEMPATH/CLI/Commands.php(72): CodeIgniter\Commands\Database\Seed->run([])
 9 SYSTEMPATH/CLI/Console.php(47): CodeIgniter\CLI\Commands->run('db:seed', [...])
10 SYSTEMPATH/Boot.php(444): CodeIgniter\CLI\Console->run()
11 SYSTEMPATH/Boot.php(166): CodeIgniter\Boot::runCommand(Object(CodeIgniter\CLI\Console))
12 ROOTPATH/spark(87): CodeIgniter\Boot::bootSpark(Object(Config\Paths))
WARNING - 2026-08-30 04:46:43 --> [DEPRECATED] Since fakerphp/faker 1.14: Accessing property "phoneNumber" is deprecated, use "phoneNumber()" instead. in VENDORPATH/symfony/deprecation-contracts/function.php on line 25.
 1 VENDORPATH/symfony/deprecation-contracts/function.php(25): trigger_error('Since fakerphp/faker 1.14: Accessing property "phoneNumber" is deprecated, use "phoneNumber()" instead.', 16384)
 2 VENDORPATH/fakerphp/faker/src/Faker/Generator.php(962): trigger_deprecation('fakerphp/faker', '1.14', 'Accessing property "%s" is deprecated, use "%s()" instead.', 'phoneNumber', 'phoneNumber')
 3 APPPATH/Database/Seeds/ClientSeeder.php(26): Faker\Generator->__get('phoneNumber')
 4 SYSTEMPATH/Database/Seeder.php(155): App\Database\Seeds\ClientSeeder->run()
 5 APPPATH/Database/Seeds/MouvementSeeder.php(25): CodeIgniter\Database\Seeder->call('App\\Database\\Seeds\\ClientSeeder')
 6 SYSTEMPATH/Database/Seeder.php(155): App\Database\Seeds\MouvementSeeder->run()
 7 SYSTEMPATH/Commands/Database/Seed.php(79): CodeIgniter\Database\Seeder->call('App\\Database\\Seeds\\MouvementSeeder')
 8 SYSTEMPATH/CLI/Commands.php(72): CodeIgniter\Commands\Database\Seed->run([])
 9 SYSTEMPATH/CLI/Console.php(47): CodeIgniter\CLI\Commands->run('db:seed', [...])
10 SYSTEMPATH/Boot.php(444): CodeIgniter\CLI\Console->run()
11 SYSTEMPATH/Boot.php(166): CodeIgniter\Boot::runCommand(Object(CodeIgniter\CLI\Console))
12 ROOTPATH/spark(87): CodeIgniter\Boot::bootSpark(Object(Config\Paths))
WARNING - 2026-08-30 04:46:43 --> [DEPRECATED] Since fakerphp/faker 1.14: Accessing property "address" is deprecated, use "address()" instead. in VENDORPATH/symfony/deprecation-contracts/function.php on line 25.
 1 VENDORPATH/symfony/deprecation-contracts/function.php(25): trigger_error('Since fakerphp/faker 1.14: Accessing property "address" is deprecated, use "address()" instead.', 16384)
 2 VENDORPATH/fakerphp/faker/src/Faker/Generator.php(962): trigger_deprecation('fakerphp/faker', '1.14', 'Accessing property "%s" is deprecated, use "%s()" instead.', 'address', 'address')
 3 APPPATH/Database/Seeds/ClientSeeder.php(27): Faker\Generator->__get('address')
 4 SYSTEMPATH/Database/Seeder.php(155): App\Database\Seeds\ClientSeeder->run()
 5 APPPATH/Database/Seeds/MouvementSeeder.php(25): CodeIgniter\Database\Seeder->call('App\\Database\\Seeds\\ClientSeeder')
 6 SYSTEMPATH/Database/Seeder.php(155): App\Database\Seeds\MouvementSeeder->run()
 7 SYSTEMPATH/Commands/Database/Seed.php(79): CodeIgniter\Database\Seeder->call('App\\Database\\Seeds\\MouvementSeeder')
 8 SYSTEMPATH/CLI/Commands.php(72): CodeIgniter\Commands\Database\Seed->run([])
 9 SYSTEMPATH/CLI/Console.php(47): CodeIgniter\CLI\Commands->run('db:seed', [...])
10 SYSTEMPATH/Boot.php(444): CodeIgniter\CLI\Console->run()
11 SYSTEMPATH/Boot.php(166): CodeIgniter\Boot::runCommand(Object(CodeIgniter\CLI\Console))
12 ROOTPATH/spark(87): CodeIgniter\Boot::bootSpark(Object(Config\Paths))
WARNING - 2026-08-30 04:46:43 --> [DEPRECATED] Since fakerphp/faker 1.14: Accessing property "company" is deprecated, use "company()" instead. in VENDORPATH/symfony/deprecation-contracts/function.php on line 25.
 1 VENDORPATH/symfony/deprecation-contracts/function.php(25): trigger_error('Since fakerphp/faker 1.14: Accessing property "company" is deprecated, use "company()" instead.', 16384)
 2 VENDORPATH/fakerphp/faker/src/Faker/Generator.php(962): trigger_deprecation('fakerphp/faker', '1.14', 'Accessing property "%s" is deprecated, use "%s()" instead.', 'company', 'company')
 3 APPPATH/Database/Seeds/ClientSeeder.php(18): Faker\Generator->__get('company')
 4 SYSTEMPATH/Database/Seeder.php(155): App\Database\Seeds\ClientSeeder->run()
 5 APPPATH/Database/Seeds/MouvementSeeder.php(25): CodeIgniter\Database\Seeder->call('App\\Database\\Seeds\\ClientSeeder')
 6 SYSTEMPATH/Database/Seeder.php(155): App\Database\Seeds\MouvementSeeder->run()
 7 SYSTEMPATH/Commands/Database/Seed.php(79): CodeIgniter\Database\Seeder->call('App\\Database\\Seeds\\MouvementSeeder')
 8 SYSTEMPATH/CLI/Commands.php(72): CodeIgniter\Commands\Database\Seed->run([])
 9 SYSTEMPATH/CLI/Console.php(47): CodeIgniter\CLI\Commands->run('db:seed', [...])
10 SYSTEMPATH/Boot.php(444): CodeIgniter\CLI\Console->run()
11 SYSTEMPATH/Boot.php(166): CodeIgniter\Boot::runCommand(Object(CodeIgniter\CLI\Console))
12 ROOTPATH/spark(87): CodeIgniter\Boot::bootSpark(Object(Config\Paths))
WARNING - 2026-08-30 04:46:43 --> [DEPRECATED] Since fakerphp/faker 1.14: Accessing property "phoneNumber" is deprecated, use "phoneNumber()" instead. in VENDORPATH/symfony/deprecation-contracts/function.php on line 25.
 1 VENDORPATH/symfony/deprecation-contracts/function.php(25): trigger_error('Since fakerphp/faker 1.14: Accessing property "phoneNumber" is deprecated, use "phoneNumber()" instead.', 16384)
 2 VENDORPATH/fakerphp/faker/src/Faker/Generator.php(962): trigger_deprecation('fakerphp/faker', '1.14', 'Accessing property "%s" is deprecated, use "%s()" instead.', 'phoneNumber', 'phoneNumber')
 3 APPPATH/Database/Seeds/ClientSeeder.php(26): Faker\Generator->__get('phoneNumber')
 4 SYSTEMPATH/Database/Seeder.php(155): App\Database\Seeds\ClientSeeder->run()
 5 APPPATH/Database/Seeds/MouvementSeeder.php(25): CodeIgniter\Database\Seeder->call('App\\Database\\Seeds\\ClientSeeder')
 6 SYSTEMPATH/Database/Seeder.php(155): App\Database\Seeds\MouvementSeeder->run()
 7 SYSTEMPATH/Commands/Database/Seed.php(79): CodeIgniter\Database\Seeder->call('App\\Database\\Seeds\\MouvementSeeder')
 8 SYSTEMPATH/CLI/Commands.php(72): CodeIgniter\Commands\Database\Seed->run([])
 9 SYSTEMPATH/CLI/Console.php(47): CodeIgniter\CLI\Commands->run('db:seed', [...])
10 SYSTEMPATH/Boot.php(444): CodeIgniter\CLI\Console->run()
11 SYSTEMPATH/Boot.php(166): CodeIgniter\Boot::runCommand(Object(CodeIgniter\CLI\Console))
12 ROOTPATH/spark(87): CodeIgniter\Boot::bootSpark(Object(Config\Paths))
WARNING - 2026-08-30 04:46:43 --> [DEPRECATED] Since fakerphp/faker 1.14: Accessing property "address" is deprecated, use "address()" instead. in VENDORPATH/symfony/deprecation-contracts/function.php on line 25.
 1 VENDORPATH/symfony/deprecation-contracts/function.php(25): trigger_error('Since fakerphp/faker 1.14: Accessing property "address" is deprecated, use "address()" instead.', 16384)
 2 VENDORPATH/fakerphp/faker/src/Faker/Generator.php(962): trigger_deprecation('fakerphp/faker', '1.14', 'Accessing property "%s" is deprecated, use "%s()" instead.', 'address', 'address')
 3 APPPATH/Database/Seeds/ClientSeeder.php(27): Faker\Generator->__get('address')
 4 SYSTEMPATH/Database/Seeder.php(155): App\Database\Seeds\ClientSeeder->run()
 5 APPPATH/Database/Seeds/MouvementSeeder.php(25): CodeIgniter\Database\Seeder->call('App\\Database\\Seeds\\ClientSeeder')
 6 SYSTEMPATH/Database/Seeder.php(155): App\Database\Seeds\MouvementSeeder->run()
 7 SYSTEMPATH/Commands/Database/Seed.php(79): CodeIgniter\Database\Seeder->call('App\\Database\\Seeds\\MouvementSeeder')
 8 SYSTEMPATH/CLI/Commands.php(72): CodeIgniter\Commands\Database\Seed->run([])
 9 SYSTEMPATH/CLI/Console.php(47): CodeIgniter\CLI\Commands->run('db:seed', [...])
10 SYSTEMPATH/Boot.php(444): CodeIgniter\CLI\Console->run()
11 SYSTEMPATH/Boot.php(166): CodeIgniter\Boot::runCommand(Object(CodeIgniter\CLI\Console))
12 ROOTPATH/spark(87): CodeIgniter\Boot::bootSpark(Object(Config\Paths))
WARNING - 2026-08-30 04:46:43 --> [DEPRECATED] Since fakerphp/faker 1.14: Accessing property "company" is deprecated, use "company()" instead. in VENDORPATH/symfony/deprecation-contracts/function.php on line 25.
 1 VENDORPATH/symfony/deprecation-contracts/function.php(25): trigger_error('Since fakerphp/faker 1.14: Accessing property "company" is deprecated, use "company()" instead.', 16384)
 2 VENDORPATH/fakerphp/faker/src/Faker/Generator.php(962): trigger_deprecation('fakerphp/faker', '1.14', 'Accessing property "%s" is deprecated, use "%s()" instead.', 'company', 'company')
 3 APPPATH/Database/Seeds/ClientSeeder.php(18): Faker\Generator->__get('company')
 4 SYSTEMPATH/Database/Seeder.php(155): App\Database\Seeds\ClientSeeder->run()
 5 APPPATH/Database/Seeds/MouvementSeeder.php(25): CodeIgniter\Database\Seeder->call('App\\Database\\Seeds\\ClientSeeder')
 6 SYSTEMPATH/Database/Seeder.php(155): App\Database\Seeds\MouvementSeeder->run()
 7 SYSTEMPATH/Commands/Database/Seed.php(79): CodeIgniter\Database\Seeder->call('App\\Database\\Seeds\\MouvementSeeder')
 8 SYSTEMPATH/CLI/Commands.php(72): CodeIgniter\Commands\Database\Seed->run([])
 9 SYSTEMPATH/CLI/Console.php(47): CodeIgniter\CLI\Commands->run('db:seed', [...])
10 SYSTEMPATH/Boot.php(444): CodeIgniter\CLI\Console->run()
11 SYSTEMPATH/Boot.php(166): CodeIgniter\Boot::runCommand(Object(CodeIgniter\CLI\Console))
12 ROOTPATH/spark(87): CodeIgniter\Boot::bootSpark(Object(Config\Paths))
WARNING - 2026-08-30 04:46:43 --> [DEPRECATED] Since fakerphp/faker 1.14: Accessing property "phoneNumber" is deprecated, use "phoneNumber()" instead. in VENDORPATH/symfony/deprecation-contracts/function.php on line 25.
 1 VENDORPATH/symfony/deprecation-contracts/function.php(25): trigger_error('Since fakerphp/faker 1.14: Accessing property "phoneNumber" is deprecated, use "phoneNumber()" instead.', 16384)
 2 VENDORPATH/fakerphp/faker/src/Faker/Generator.php(962): trigger_deprecation('fakerphp/faker', '1.14', 'Accessing property "%s" is deprecated, use "%s()" instead.', 'phoneNumber', 'phoneNumber')
 3 APPPATH/Database/Seeds/ClientSeeder.php(26): Faker\Generator->__get('phoneNumber')
 4 SYSTEMPATH/Database/Seeder.php(155): App\Database\Seeds\ClientSeeder->run()
 5 APPPATH/Database/Seeds/MouvementSeeder.php(25): CodeIgniter\Database\Seeder->call('App\\Database\\Seeds\\ClientSeeder')
 6 SYSTEMPATH/Database/Seeder.php(155): App\Database\Seeds\MouvementSeeder->run()
 7 SYSTEMPATH/Commands/Database/Seed.php(79): CodeIgniter\Database\Seeder->call('App\\Database\\Seeds\\MouvementSeeder')
 8 SYSTEMPATH/CLI/Commands.php(72): CodeIgniter\Commands\Database\Seed->run([])
 9 SYSTEMPATH/CLI/Console.php(47): CodeIgniter\CLI\Commands->run('db:seed', [...])
10 SYSTEMPATH/Boot.php(444): CodeIgniter\CLI\Console->run()
11 SYSTEMPATH/Boot.php(166): CodeIgniter\Boot::runCommand(Object(CodeIgniter\CLI\Console))
12 ROOTPATH/spark(87): CodeIgniter\Boot::bootSpark(Object(Config\Paths))
WARNING - 2026-08-30 04:46:43 --> [DEPRECATED] Since fakerphp/faker 1.14: Accessing property "address" is deprecated, use "address()" instead. in VENDORPATH/symfony/deprecation-contracts/function.php on line 25.
 1 VENDORPATH/symfony/deprecation-contracts/function.php(25): trigger_error('Since fakerphp/faker 1.14: Accessing property "address" is deprecated, use "address()" instead.', 16384)
 2 VENDORPATH/fakerphp/faker/src/Faker/Generator.php(962): trigger_deprecation('fakerphp/faker', '1.14', 'Accessing property "%s" is deprecated, use "%s()" instead.', 'address', 'address')
 3 APPPATH/Database/Seeds/ClientSeeder.php(27): Faker\Generator->__get('address')
 4 SYSTEMPATH/Database/Seeder.php(155): App\Database\Seeds\ClientSeeder->run()
 5 APPPATH/Database/Seeds/MouvementSeeder.php(25): CodeIgniter\Database\Seeder->call('App\\Database\\Seeds\\ClientSeeder')
 6 SYSTEMPATH/Database/Seeder.php(155): App\Database\Seeds\MouvementSeeder->run()
 7 SYSTEMPATH/Commands/Database/Seed.php(79): CodeIgniter\Database\Seeder->call('App\\Database\\Seeds\\MouvementSeeder')
 8 SYSTEMPATH/CLI/Commands.php(72): CodeIgniter\Commands\Database\Seed->run([])
 9 SYSTEMPATH/CLI/Console.php(47): CodeIgniter\CLI\Commands->run('db:seed', [...])
10 SYSTEMPATH/Boot.php(444): CodeIgniter\CLI\Console->run()
11 SYSTEMPATH/Boot.php(166): CodeIgniter\Boot::runCommand(Object(CodeIgniter\CLI\Console))
12 ROOTPATH/spark(87): CodeIgniter\Boot::bootSpark(Object(Config\Paths))
WARNING - 2026-08-30 04:46:43 --> [DEPRECATED] Since fakerphp/faker 1.14: Accessing property "company" is deprecated, use "company()" instead. in VENDORPATH/symfony/deprecation-contracts/function.php on line 25.
 1 VENDORPATH/symfony/deprecation-contracts/function.php(25): trigger_error('Since fakerphp/faker 1.14: Accessing property "company" is deprecated, use "company()" instead.', 16384)
 2 VENDORPATH/fakerphp/faker/src/Faker/Generator.php(962): trigger_deprecation('fakerphp/faker', '1.14', 'Accessing property "%s" is deprecated, use "%s()" instead.', 'company', 'company')
 3 APPPATH/Database/Seeds/ClientSeeder.php(18): Faker\Generator->__get('company')
 4 SYSTEMPATH/Database/Seeder.php(155): App\Database\Seeds\ClientSeeder->run()
 5 APPPATH/Database/Seeds/MouvementSeeder.php(25): CodeIgniter\Database\Seeder->call('App\\Database\\Seeds\\ClientSeeder')
 6 SYSTEMPATH/Database/Seeder.php(155): App\Database\Seeds\MouvementSeeder->run()
 7 SYSTEMPATH/Commands/Database/Seed.php(79): CodeIgniter\Database\Seeder->call('App\\Database\\Seeds\\MouvementSeeder')
 8 SYSTEMPATH/CLI/Commands.php(72): CodeIgniter\Commands\Database\Seed->run([])
 9 SYSTEMPATH/CLI/Console.php(47): CodeIgniter\CLI\Commands->run('db:seed', [...])
10 SYSTEMPATH/Boot.php(444): CodeIgniter\CLI\Console->run()
11 SYSTEMPATH/Boot.php(166): CodeIgniter\Boot::runCommand(Object(CodeIgniter\CLI\Console))
12 ROOTPATH/spark(87): CodeIgniter\Boot::bootSpark(Object(Config\Paths))
WARNING - 2026-08-30 04:46:43 --> [DEPRECATED] Since fakerphp/faker 1.14: Accessing property "name" is deprecated, use "name()" instead. in VENDORPATH/symfony/deprecation-contracts/function.php on line 25.
 1 VENDORPATH/symfony/deprecation-contracts/function.php(25): trigger_error('Since fakerphp/faker 1.14: Accessing property "name" is deprecated, use "name()" instead.', 16384)
 2 VENDORPATH/fakerphp/faker/src/Faker/Generator.php(962): trigger_deprecation('fakerphp/faker', '1.14', 'Accessing property "%s" is deprecated, use "%s()" instead.', 'name', 'name')
 3 APPPATH/Database/Seeds/ClientSeeder.php(21): Faker\Generator->__get('name')
 4 SYSTEMPATH/Database/Seeder.php(155): App\Database\Seeds\ClientSeeder->run()
 5 APPPATH/Database/Seeds/MouvementSeeder.php(25): CodeIgniter\Database\Seeder->call('App\\Database\\Seeds\\ClientSeeder')
 6 SYSTEMPATH/Database/Seeder.php(155): App\Database\Seeds\MouvementSeeder->run()
 7 SYSTEMPATH/Commands/Database/Seed.php(79): CodeIgniter\Database\Seeder->call('App\\Database\\Seeds\\MouvementSeeder')
 8 SYSTEMPATH/CLI/Commands.php(72): CodeIgniter\Commands\Database\Seed->run([])
 9 SYSTEMPATH/CLI/Console.php(47): CodeIgniter\CLI\Commands->run('db:seed', [...])
10 SYSTEMPATH/Boot.php(444): CodeIgniter\CLI\Console->run()
11 SYSTEMPATH/Boot.php(166): CodeIgniter\Boot::runCommand(Object(CodeIgniter\CLI\Console))
12 ROOTPATH/spark(87): CodeIgniter\Boot::bootSpark(Object(Config\Paths))
WARNING - 2026-08-30 04:46:43 --> [DEPRECATED] Since fakerphp/faker 1.14: Accessing property "phoneNumber" is deprecated, use "phoneNumber()" instead. in VENDORPATH/symfony/deprecation-contracts/function.php on line 25.
 1 VENDORPATH/symfony/deprecation-contracts/function.php(25): trigger_error('Since fakerphp/faker 1.14: Accessing property "phoneNumber" is deprecated, use "phoneNumber()" instead.', 16384)
 2 VENDORPATH/fakerphp/faker/src/Faker/Generator.php(962): trigger_deprecation('fakerphp/faker', '1.14', 'Accessing property "%s" is deprecated, use "%s()" instead.', 'phoneNumber', 'phoneNumber')
 3 APPPATH/Database/Seeds/ClientSeeder.php(26): Faker\Generator->__get('phoneNumber')
 4 SYSTEMPATH/Database/Seeder.php(155): App\Database\Seeds\ClientSeeder->run()
 5 APPPATH/Database/Seeds/MouvementSeeder.php(25): CodeIgniter\Database\Seeder->call('App\\Database\\Seeds\\ClientSeeder')
 6 SYSTEMPATH/Database/Seeder.php(155): App\Database\Seeds\MouvementSeeder->run()
 7 SYSTEMPATH/Commands/Database/Seed.php(79): CodeIgniter\Database\Seeder->call('App\\Database\\Seeds\\MouvementSeeder')
 8 SYSTEMPATH/CLI/Commands.php(72): CodeIgniter\Commands\Database\Seed->run([])
 9 SYSTEMPATH/CLI/Console.php(47): CodeIgniter\CLI\Commands->run('db:seed', [...])
10 SYSTEMPATH/Boot.php(444): CodeIgniter\CLI\Console->run()
11 SYSTEMPATH/Boot.php(166): CodeIgniter\Boot::runCommand(Object(CodeIgniter\CLI\Console))
12 ROOTPATH/spark(87): CodeIgniter\Boot::bootSpark(Object(Config\Paths))
WARNING - 2026-08-30 04:46:43 --> [DEPRECATED] Since fakerphp/faker 1.14: Accessing property "address" is deprecated, use "address()" instead. in VENDORPATH/symfony/deprecation-contracts/function.php on line 25.
 1 VENDORPATH/symfony/deprecation-contracts/function.php(25): trigger_error('Since fakerphp/faker 1.14: Accessing property "address" is deprecated, use "address()" instead.', 16384)
 2 VENDORPATH/fakerphp/faker/src/Faker/Generator.php(962): trigger_deprecation('fakerphp/faker', '1.14', 'Accessing property "%s" is deprecated, use "%s()" instead.', 'address', 'address')
 3 APPPATH/Database/Seeds/ClientSeeder.php(27): Faker\Generator->__get('address')
 4 SYSTEMPATH/Database/Seeder.php(155): App\Database\Seeds\ClientSeeder->run()
 5 APPPATH/Database/Seeds/MouvementSeeder.php(25): CodeIgniter\Database\Seeder->call('App\\Database\\Seeds\\ClientSeeder')
 6 SYSTEMPATH/Database/Seeder.php(155): App\Database\Seeds\MouvementSeeder->run()
 7 SYSTEMPATH/Commands/Database/Seed.php(79): CodeIgniter\Database\Seeder->call('App\\Database\\Seeds\\MouvementSeeder')
 8 SYSTEMPATH/CLI/Commands.php(72): CodeIgniter\Commands\Database\Seed->run([])
 9 SYSTEMPATH/CLI/Console.php(47): CodeIgniter\CLI\Commands->run('db:seed', [...])
10 SYSTEMPATH/Boot.php(444): CodeIgniter\CLI\Console->run()
11 SYSTEMPATH/Boot.php(166): CodeIgniter\Boot::runCommand(Object(CodeIgniter\CLI\Console))
12 ROOTPATH/spark(87): CodeIgniter\Boot::bootSpark(Object(Config\Paths))
WARNING - 2026-08-30 04:46:43 --> [DEPRECATED] Since fakerphp/faker 1.14: Accessing property "company" is deprecated, use "company()" instead. in VENDORPATH/symfony/deprecation-contracts/function.php on line 25.
 1 VENDORPATH/symfony/deprecation-contracts/function.php(25): trigger_error('Since fakerphp/faker 1.14: Accessing property "company" is deprecated, use "company()" instead.', 16384)
 2 VENDORPATH/fakerphp/faker/src/Faker/Generator.php(962): trigger_deprecation('fakerphp/faker', '1.14', 'Accessing property "%s" is deprecated, use "%s()" instead.', 'company', 'company')
 3 APPPATH/Database/Seeds/ClientSeeder.php(18): Faker\Generator->__get('company')
 4 SYSTEMPATH/Database/Seeder.php(155): App\Database\Seeds\ClientSeeder->run()
 5 APPPATH/Database/Seeds/MouvementSeeder.php(25): CodeIgniter\Database\Seeder->call('App\\Database\\Seeds\\ClientSeeder')
 6 SYSTEMPATH/Database/Seeder.php(155): App\Database\Seeds\MouvementSeeder->run()
 7 SYSTEMPATH/Commands/Database/Seed.php(79): CodeIgniter\Database\Seeder->call('App\\Database\\Seeds\\MouvementSeeder')
 8 SYSTEMPATH/CLI/Commands.php(72): CodeIgniter\Commands\Database\Seed->run([])
 9 SYSTEMPATH/CLI/Console.php(47): CodeIgniter\CLI\Commands->run('db:seed', [...])
10 SYSTEMPATH/Boot.php(444): CodeIgniter\CLI\Console->run()
11 SYSTEMPATH/Boot.php(166): CodeIgniter\Boot::runCommand(Object(CodeIgniter\CLI\Console))
12 ROOTPATH/spark(87): CodeIgniter\Boot::bootSpark(Object(Config\Paths))
WARNING - 2026-08-30 04:46:43 --> [DEPRECATED] Since fakerphp/faker 1.14: Accessing property "phoneNumber" is deprecated, use "phoneNumber()" instead. in VENDORPATH/symfony/deprecation-contracts/function.php on line 25.
 1 VENDORPATH/symfony/deprecation-contracts/function.php(25): trigger_error('Since fakerphp/faker 1.14: Accessing property "phoneNumber" is deprecated, use "phoneNumber()" instead.', 16384)
 2 VENDORPATH/fakerphp/faker/src/Faker/Generator.php(962): trigger_deprecation('fakerphp/faker', '1.14', 'Accessing property "%s" is deprecated, use "%s()" instead.', 'phoneNumber', 'phoneNumber')
 3 APPPATH/Database/Seeds/ClientSeeder.php(26): Faker\Generator->__get('phoneNumber')
 4 SYSTEMPATH/Database/Seeder.php(155): App\Database\Seeds\ClientSeeder->run()
 5 APPPATH/Database/Seeds/MouvementSeeder.php(25): CodeIgniter\Database\Seeder->call('App\\Database\\Seeds\\ClientSeeder')
 6 SYSTEMPATH/Database/Seeder.php(155): App\Database\Seeds\MouvementSeeder->run()
 7 SYSTEMPATH/Commands/Database/Seed.php(79): CodeIgniter\Database\Seeder->call('App\\Database\\Seeds\\MouvementSeeder')
 8 SYSTEMPATH/CLI/Commands.php(72): CodeIgniter\Commands\Database\Seed->run([])
 9 SYSTEMPATH/CLI/Console.php(47): CodeIgniter\CLI\Commands->run('db:seed', [...])
10 SYSTEMPATH/Boot.php(444): CodeIgniter\CLI\Console->run()
11 SYSTEMPATH/Boot.php(166): CodeIgniter\Boot::runCommand(Object(CodeIgniter\CLI\Console))
12 ROOTPATH/spark(87): CodeIgniter\Boot::bootSpark(Object(Config\Paths))
WARNING - 2026-08-30 04:46:43 --> [DEPRECATED] Since fakerphp/faker 1.14: Accessing property "address" is deprecated, use "address()" instead. in VENDORPATH/symfony/deprecation-contracts/function.php on line 25.
 1 VENDORPATH/symfony/deprecation-contracts/function.php(25): trigger_error('Since fakerphp/faker 1.14: Accessing property "address" is deprecated, use "address()" instead.', 16384)
 2 VENDORPATH/fakerphp/faker/src/Faker/Generator.php(962): trigger_deprecation('fakerphp/faker', '1.14', 'Accessing property "%s" is deprecated, use "%s()" instead.', 'address', 'address')
 3 APPPATH/Database/Seeds/ClientSeeder.php(27): Faker\Generator->__get('address')
 4 SYSTEMPATH/Database/Seeder.php(155): App\Database\Seeds\ClientSeeder->run()
 5 APPPATH/Database/Seeds/MouvementSeeder.php(25): CodeIgniter\Database\Seeder->call('App\\Database\\Seeds\\ClientSeeder')
 6 SYSTEMPATH/Database/Seeder.php(155): App\Database\Seeds\MouvementSeeder->run()
 7 SYSTEMPATH/Commands/Database/Seed.php(79): CodeIgniter\Database\Seeder->call('App\\Database\\Seeds\\MouvementSeeder')
 8 SYSTEMPATH/CLI/Commands.php(72): CodeIgniter\Commands\Database\Seed->run([])
 9 SYSTEMPATH/CLI/Console.php(47): CodeIgniter\CLI\Commands->run('db:seed', [...])
10 SYSTEMPATH/Boot.php(444): CodeIgniter\CLI\Console->run()
11 SYSTEMPATH/Boot.php(166): CodeIgniter\Boot::runCommand(Object(CodeIgniter\CLI\Console))
12 ROOTPATH/spark(87): CodeIgniter\Boot::bootSpark(Object(Config\Paths))
WARNING - 2026-08-30 04:46:43 --> [DEPRECATED] Since fakerphp/faker 1.14: Accessing property "company" is deprecated, use "company()" instead. in VENDORPATH/symfony/deprecation-contracts/function.php on line 25.
 1 VENDORPATH/symfony/deprecation-contracts/function.php(25): trigger_error('Since fakerphp/faker 1.14: Accessing property "company" is deprecated, use "company()" instead.', 16384)
 2 VENDORPATH/fakerphp/faker/src/Faker/Generator.php(962): trigger_deprecation('fakerphp/faker', '1.14', 'Accessing property "%s" is deprecated, use "%s()" instead.', 'company', 'company')
 3 APPPATH/Database/Seeds/ClientSeeder.php(18): Faker\Generator->__get('company')
 4 SYSTEMPATH/Database/Seeder.php(155): App\Database\Seeds\ClientSeeder->run()
 5 APPPATH/Database/Seeds/MouvementSeeder.php(25): CodeIgniter\Database\Seeder->call('App\\Database\\Seeds\\ClientSeeder')
 6 SYSTEMPATH/Database/Seeder.php(155): App\Database\Seeds\MouvementSeeder->run()
 7 SYSTEMPATH/Commands/Database/Seed.php(79): CodeIgniter\Database\Seeder->call('App\\Database\\Seeds\\MouvementSeeder')
 8 SYSTEMPATH/CLI/Commands.php(72): CodeIgniter\Commands\Database\Seed->run([])
 9 SYSTEMPATH/CLI/Console.php(47): CodeIgniter\CLI\Commands->run('db:seed', [...])
10 SYSTEMPATH/Boot.php(444): CodeIgniter\CLI\Console->run()
11 SYSTEMPATH/Boot.php(166): CodeIgniter\Boot::runCommand(Object(CodeIgniter\CLI\Console))
12 ROOTPATH/spark(87): CodeIgniter\Boot::bootSpark(Object(Config\Paths))
WARNING - 2026-08-30 04:46:43 --> [DEPRECATED] Since fakerphp/faker 1.14: Accessing property "phoneNumber" is deprecated, use "phoneNumber()" instead. in VENDORPATH/symfony/deprecation-contracts/function.php on line 25.
 1 VENDORPATH/symfony/deprecation-contracts/function.php(25): trigger_error('Since fakerphp/faker 1.14: Accessing property "phoneNumber" is deprecated, use "phoneNumber()" instead.', 16384)
 2 VENDORPATH/fakerphp/faker/src/Faker/Generator.php(962): trigger_deprecation('fakerphp/faker', '1.14', 'Accessing property "%s" is deprecated, use "%s()" instead.', 'phoneNumber', 'phoneNumber')
 3 APPPATH/Database/Seeds/ClientSeeder.php(26): Faker\Generator->__get('phoneNumber')
 4 SYSTEMPATH/Database/Seeder.php(155): App\Database\Seeds\ClientSeeder->run()
 5 APPPATH/Database/Seeds/MouvementSeeder.php(25): CodeIgniter\Database\Seeder->call('App\\Database\\Seeds\\ClientSeeder')
 6 SYSTEMPATH/Database/Seeder.php(155): App\Database\Seeds\MouvementSeeder->run()
 7 SYSTEMPATH/Commands/Database/Seed.php(79): CodeIgniter\Database\Seeder->call('App\\Database\\Seeds\\MouvementSeeder')
 8 SYSTEMPATH/CLI/Commands.php(72): CodeIgniter\Commands\Database\Seed->run([])
 9 SYSTEMPATH/CLI/Console.php(47): CodeIgniter\CLI\Commands->run('db:seed', [...])
10 SYSTEMPATH/Boot.php(444): CodeIgniter\CLI\Console->run()
11 SYSTEMPATH/Boot.php(166): CodeIgniter\Boot::runCommand(Object(CodeIgniter\CLI\Console))
12 ROOTPATH/spark(87): CodeIgniter\Boot::bootSpark(Object(Config\Paths))
WARNING - 2026-08-30 04:46:43 --> [DEPRECATED] Since fakerphp/faker 1.14: Accessing property "address" is deprecated, use "address()" instead. in VENDORPATH/symfony/deprecation-contracts/function.php on line 25.
 1 VENDORPATH/symfony/deprecation-contracts/function.php(25): trigger_error('Since fakerphp/faker 1.14: Accessing property "address" is deprecated, use "address()" instead.', 16384)
 2 VENDORPATH/fakerphp/faker/src/Faker/Generator.php(962): trigger_deprecation('fakerphp/faker', '1.14', 'Accessing property "%s" is deprecated, use "%s()" instead.', 'address', 'address')
 3 APPPATH/Database/Seeds/ClientSeeder.php(27): Faker\Generator->__get('address')
 4 SYSTEMPATH/Database/Seeder.php(155): App\Database\Seeds\ClientSeeder->run()
 5 APPPATH/Database/Seeds/MouvementSeeder.php(25): CodeIgniter\Database\Seeder->call('App\\Database\\Seeds\\ClientSeeder')
 6 SYSTEMPATH/Database/Seeder.php(155): App\Database\Seeds\MouvementSeeder->run()
 7 SYSTEMPATH/Commands/Database/Seed.php(79): CodeIgniter\Database\Seeder->call('App\\Database\\Seeds\\MouvementSeeder')
 8 SYSTEMPATH/CLI/Commands.php(72): CodeIgniter\Commands\Database\Seed->run([])
 9 SYSTEMPATH/CLI/Console.php(47): CodeIgniter\CLI\Commands->run('db:seed', [...])
10 SYSTEMPATH/Boot.php(444): CodeIgniter\CLI\Console->run()
11 SYSTEMPATH/Boot.php(166): CodeIgniter\Boot::runCommand(Object(CodeIgniter\CLI\Console))
12 ROOTPATH/spark(87): CodeIgniter\Boot::bootSpark(Object(Config\Paths))
WARNING - 2026-08-30 04:46:43 --> [DEPRECATED] Since fakerphp/faker 1.14: Accessing property "company" is deprecated, use "company()" instead. in VENDORPATH/symfony/deprecation-contracts/function.php on line 25.
 1 VENDORPATH/symfony/deprecation-contracts/function.php(25): trigger_error('Since fakerphp/faker 1.14: Accessing property "company" is deprecated, use "company()" instead.', 16384)
 2 VENDORPATH/fakerphp/faker/src/Faker/Generator.php(962): trigger_deprecation('fakerphp/faker', '1.14', 'Accessing property "%s" is deprecated, use "%s()" instead.', 'company', 'company')
 3 APPPATH/Database/Seeds/ClientSeeder.php(18): Faker\Generator->__get('company')
 4 SYSTEMPATH/Database/Seeder.php(155): App\Database\Seeds\ClientSeeder->run()
 5 APPPATH/Database/Seeds/MouvementSeeder.php(25): CodeIgniter\Database\Seeder->call('App\\Database\\Seeds\\ClientSeeder')
 6 SYSTEMPATH/Database/Seeder.php(155): App\Database\Seeds\MouvementSeeder->run()
 7 SYSTEMPATH/Commands/Database/Seed.php(79): CodeIgniter\Database\Seeder->call('App\\Database\\Seeds\\MouvementSeeder')
 8 SYSTEMPATH/CLI/Commands.php(72): CodeIgniter\Commands\Database\Seed->run([])
 9 SYSTEMPATH/CLI/Console.php(47): CodeIgniter\CLI\Commands->run('db:seed', [...])
10 SYSTEMPATH/Boot.php(444): CodeIgniter\CLI\Console->run()
11 SYSTEMPATH/Boot.php(166): CodeIgniter\Boot::runCommand(Object(CodeIgniter\CLI\Console))
12 ROOTPATH/spark(87): CodeIgniter\Boot::bootSpark(Object(Config\Paths))
WARNING - 2026-08-30 04:46:43 --> [DEPRECATED] Since fakerphp/faker 1.14: Accessing property "name" is deprecated, use "name()" instead. in VENDORPATH/symfony/deprecation-contracts/function.php on line 25.
 1 VENDORPATH/symfony/deprecation-contracts/function.php(25): trigger_error('Since fakerphp/faker 1.14: Accessing property "name" is deprecated, use "name()" instead.', 16384)
 2 VENDORPATH/fakerphp/faker/src/Faker/Generator.php(962): trigger_deprecation('fakerphp/faker', '1.14', 'Accessing property "%s" is deprecated, use "%s()" instead.', 'name', 'name')
 3 APPPATH/Database/Seeds/ClientSeeder.php(21): Faker\Generator->__get('name')
 4 SYSTEMPATH/Database/Seeder.php(155): App\Database\Seeds\ClientSeeder->run()
 5 APPPATH/Database/Seeds/MouvementSeeder.php(25): CodeIgniter\Database\Seeder->call('App\\Database\\Seeds\\ClientSeeder')
 6 SYSTEMPATH/Database/Seeder.php(155): App\Database\Seeds\MouvementSeeder->run()
 7 SYSTEMPATH/Commands/Database/Seed.php(79): CodeIgniter\Database\Seeder->call('App\\Database\\Seeds\\MouvementSeeder')
 8 SYSTEMPATH/CLI/Commands.php(72): CodeIgniter\Commands\Database\Seed->run([])
 9 SYSTEMPATH/CLI/Console.php(47): CodeIgniter\CLI\Commands->run('db:seed', [...])
10 SYSTEMPATH/Boot.php(444): CodeIgniter\CLI\Console->run()
11 SYSTEMPATH/Boot.php(166): CodeIgniter\Boot::runCommand(Object(CodeIgniter\CLI\Console))
12 ROOTPATH/spark(87): CodeIgniter\Boot::bootSpark(Object(Config\Paths))
WARNING - 2026-08-30 04:46:43 --> [DEPRECATED] Since fakerphp/faker 1.14: Accessing property "phoneNumber" is deprecated, use "phoneNumber()" instead. in VENDORPATH/symfony/deprecation-contracts/function.php on line 25.
 1 VENDORPATH/symfony/deprecation-contracts/function.php(25): trigger_error('Since fakerphp/faker 1.14: Accessing property "phoneNumber" is deprecated, use "phoneNumber()" instead.', 16384)
 2 VENDORPATH/fakerphp/faker/src/Faker/Generator.php(962): trigger_deprecation('fakerphp/faker', '1.14', 'Accessing property "%s" is deprecated, use "%s()" instead.', 'phoneNumber', 'phoneNumber')
 3 APPPATH/Database/Seeds/ClientSeeder.php(26): Faker\Generator->__get('phoneNumber')
 4 SYSTEMPATH/Database/Seeder.php(155): App\Database\Seeds\ClientSeeder->run()
 5 APPPATH/Database/Seeds/MouvementSeeder.php(25): CodeIgniter\Database\Seeder->call('App\\Database\\Seeds\\ClientSeeder')
 6 SYSTEMPATH/Database/Seeder.php(155): App\Database\Seeds\MouvementSeeder->run()
 7 SYSTEMPATH/Commands/Database/Seed.php(79): CodeIgniter\Database\Seeder->call('App\\Database\\Seeds\\MouvementSeeder')
 8 SYSTEMPATH/CLI/Commands.php(72): CodeIgniter\Commands\Database\Seed->run([])
 9 SYSTEMPATH/CLI/Console.php(47): CodeIgniter\CLI\Commands->run('db:seed', [...])
10 SYSTEMPATH/Boot.php(444): CodeIgniter\CLI\Console->run()
11 SYSTEMPATH/Boot.php(166): CodeIgniter\Boot::runCommand(Object(CodeIgniter\CLI\Console))
12 ROOTPATH/spark(87): CodeIgniter\Boot::bootSpark(Object(Config\Paths))
WARNING - 2026-08-30 04:46:43 --> [DEPRECATED] Since fakerphp/faker 1.14: Accessing property "address" is deprecated, use "address()" instead. in VENDORPATH/symfony/deprecation-contracts/function.php on line 25.
 1 VENDORPATH/symfony/deprecation-contracts/function.php(25): trigger_error('Since fakerphp/faker 1.14: Accessing property "address" is deprecated, use "address()" instead.', 16384)
 2 VENDORPATH/fakerphp/faker/src/Faker/Generator.php(962): trigger_deprecation('fakerphp/faker', '1.14', 'Accessing property "%s" is deprecated, use "%s()" instead.', 'address', 'address')
 3 APPPATH/Database/Seeds/ClientSeeder.php(27): Faker\Generator->__get('address')
 4 SYSTEMPATH/Database/Seeder.php(155): App\Database\Seeds\ClientSeeder->run()
 5 APPPATH/Database/Seeds/MouvementSeeder.php(25): CodeIgniter\Database\Seeder->call('App\\Database\\Seeds\\ClientSeeder')
 6 SYSTEMPATH/Database/Seeder.php(155): App\Database\Seeds\MouvementSeeder->run()
 7 SYSTEMPATH/Commands/Database/Seed.php(79): CodeIgniter\Database\Seeder->call('App\\Database\\Seeds\\MouvementSeeder')
 8 SYSTEMPATH/CLI/Commands.php(72): CodeIgniter\Commands\Database\Seed->run([])
 9 SYSTEMPATH/CLI/Console.php(47): CodeIgniter\CLI\Commands->run('db:seed', [...])
10 SYSTEMPATH/Boot.php(444): CodeIgniter\CLI\Console->run()
11 SYSTEMPATH/Boot.php(166): CodeIgniter\Boot::runCommand(Object(CodeIgniter\CLI\Console))
12 ROOTPATH/spark(87): CodeIgniter\Boot::bootSpark(Object(Config\Paths))
WARNING - 2026-08-30 04:46:43 --> [DEPRECATED] Since fakerphp/faker 1.14: Accessing property "company" is deprecated, use "company()" instead. in VENDORPATH/symfony/deprecation-contracts/function.php on line 25.
 1 VENDORPATH/symfony/deprecation-contracts/function.php(25): trigger_error('Since fakerphp/faker 1.14: Accessing property "company" is deprecated, use "company()" instead.', 16384)
 2 VENDORPATH/fakerphp/faker/src/Faker/Generator.php(962): trigger_deprecation('fakerphp/faker', '1.14', 'Accessing property "%s" is deprecated, use "%s()" instead.', 'company', 'company')
 3 APPPATH/Database/Seeds/ClientSeeder.php(18): Faker\Generator->__get('company')
 4 SYSTEMPATH/Database/Seeder.php(155): App\Database\Seeds\ClientSeeder->run()
 5 APPPATH/Database/Seeds/MouvementSeeder.php(25): CodeIgniter\Database\Seeder->call('App\\Database\\Seeds\\ClientSeeder')
 6 SYSTEMPATH/Database/Seeder.php(155): App\Database\Seeds\MouvementSeeder->run()
 7 SYSTEMPATH/Commands/Database/Seed.php(79): CodeIgniter\Database\Seeder->call('App\\Database\\Seeds\\MouvementSeeder')
 8 SYSTEMPATH/CLI/Commands.php(72): CodeIgniter\Commands\Database\Seed->run([])
 9 SYSTEMPATH/CLI/Console.php(47): CodeIgniter\CLI\Commands->run('db:seed', [...])
10 SYSTEMPATH/Boot.php(444): CodeIgniter\CLI\Console->run()
11 SYSTEMPATH/Boot.php(166): CodeIgniter\Boot::runCommand(Object(CodeIgniter\CLI\Console))
12 ROOTPATH/spark(87): CodeIgniter\Boot::bootSpark(Object(Config\Paths))
WARNING - 2026-08-30 04:46:43 --> [DEPRECATED] Since fakerphp/faker 1.14: Accessing property "phoneNumber" is deprecated, use "phoneNumber()" instead. in VENDORPATH/symfony/deprecation-contracts/function.php on line 25.
 1 VENDORPATH/symfony/deprecation-contracts/function.php(25): trigger_error('Since fakerphp/faker 1.14: Accessing property "phoneNumber" is deprecated, use "phoneNumber()" instead.', 16384)
 2 VENDORPATH/fakerphp/faker/src/Faker/Generator.php(962): trigger_deprecation('fakerphp/faker', '1.14', 'Accessing property "%s" is deprecated, use "%s()" instead.', 'phoneNumber', 'phoneNumber')
 3 APPPATH/Database/Seeds/ClientSeeder.php(26): Faker\Generator->__get('phoneNumber')
 4 SYSTEMPATH/Database/Seeder.php(155): App\Database\Seeds\ClientSeeder->run()
 5 APPPATH/Database/Seeds/MouvementSeeder.php(25): CodeIgniter\Database\Seeder->call('App\\Database\\Seeds\\ClientSeeder')
 6 SYSTEMPATH/Database/Seeder.php(155): App\Database\Seeds\MouvementSeeder->run()
 7 SYSTEMPATH/Commands/Database/Seed.php(79): CodeIgniter\Database\Seeder->call('App\\Database\\Seeds\\MouvementSeeder')
 8 SYSTEMPATH/CLI/Commands.php(72): CodeIgniter\Commands\Database\Seed->run([])
 9 SYSTEMPATH/CLI/Console.php(47): CodeIgniter\CLI\Commands->run('db:seed', [...])
10 SYSTEMPATH/Boot.php(444): CodeIgniter\CLI\Console->run()
11 SYSTEMPATH/Boot.php(166): CodeIgniter\Boot::runCommand(Object(CodeIgniter\CLI\Console))
12 ROOTPATH/spark(87): CodeIgniter\Boot::bootSpark(Object(Config\Paths))
WARNING - 2026-08-30 04:46:43 --> [DEPRECATED] Since fakerphp/faker 1.14: Accessing property "address" is deprecated, use "address()" instead. in VENDORPATH/symfony/deprecation-contracts/function.php on line 25.
 1 VENDORPATH/symfony/deprecation-contracts/function.php(25): trigger_error('Since fakerphp/faker 1.14: Accessing property "address" is deprecated, use "address()" instead.', 16384)
 2 VENDORPATH/fakerphp/faker/src/Faker/Generator.php(962): trigger_deprecation('fakerphp/faker', '1.14', 'Accessing property "%s" is deprecated, use "%s()" instead.', 'address', 'address')
 3 APPPATH/Database/Seeds/ClientSeeder.php(27): Faker\Generator->__get('address')
 4 SYSTEMPATH/Database/Seeder.php(155): App\Database\Seeds\ClientSeeder->run()
 5 APPPATH/Database/Seeds/MouvementSeeder.php(25): CodeIgniter\Database\Seeder->call('App\\Database\\Seeds\\ClientSeeder')
 6 SYSTEMPATH/Database/Seeder.php(155): App\Database\Seeds\MouvementSeeder->run()
 7 SYSTEMPATH/Commands/Database/Seed.php(79): CodeIgniter\Database\Seeder->call('App\\Database\\Seeds\\MouvementSeeder')
 8 SYSTEMPATH/CLI/Commands.php(72): CodeIgniter\Commands\Database\Seed->run([])
 9 SYSTEMPATH/CLI/Console.php(47): CodeIgniter\CLI\Commands->run('db:seed', [...])
10 SYSTEMPATH/Boot.php(444): CodeIgniter\CLI\Console->run()
11 SYSTEMPATH/Boot.php(166): CodeIgniter\Boot::runCommand(Object(CodeIgniter\CLI\Console))
12 ROOTPATH/spark(87): CodeIgniter\Boot::bootSpark(Object(Config\Paths))
WARNING - 2026-08-30 04:46:43 --> [DEPRECATED] Since fakerphp/faker 1.14: Accessing property "company" is deprecated, use "company()" instead. in VENDORPATH/symfony/deprecation-contracts/function.php on line 25.
 1 VENDORPATH/symfony/deprecation-contracts/function.php(25): trigger_error('Since fakerphp/faker 1.14: Accessing property "company" is deprecated, use "company()" instead.', 16384)
 2 VENDORPATH/fakerphp/faker/src/Faker/Generator.php(962): trigger_deprecation('fakerphp/faker', '1.14', 'Accessing property "%s" is deprecated, use "%s()" instead.', 'company', 'company')
 3 APPPATH/Database/Seeds/ClientSeeder.php(18): Faker\Generator->__get('company')
 4 SYSTEMPATH/Database/Seeder.php(155): App\Database\Seeds\ClientSeeder->run()
 5 APPPATH/Database/Seeds/MouvementSeeder.php(25): CodeIgniter\Database\Seeder->call('App\\Database\\Seeds\\ClientSeeder')
 6 SYSTEMPATH/Database/Seeder.php(155): App\Database\Seeds\MouvementSeeder->run()
 7 SYSTEMPATH/Commands/Database/Seed.php(79): CodeIgniter\Database\Seeder->call('App\\Database\\Seeds\\MouvementSeeder')
 8 SYSTEMPATH/CLI/Commands.php(72): CodeIgniter\Commands\Database\Seed->run([])
 9 SYSTEMPATH/CLI/Console.php(47): CodeIgniter\CLI\Commands->run('db:seed', [...])
10 SYSTEMPATH/Boot.php(444): CodeIgniter\CLI\Console->run()
11 SYSTEMPATH/Boot.php(166): CodeIgniter\Boot::runCommand(Object(CodeIgniter\CLI\Console))
12 ROOTPATH/spark(87): CodeIgniter\Boot::bootSpark(Object(Config\Paths))
WARNING - 2026-08-30 04:46:43 --> [DEPRECATED] Since fakerphp/faker 1.14: Accessing property "phoneNumber" is deprecated, use "phoneNumber()" instead. in VENDORPATH/symfony/deprecation-contracts/function.php on line 25.
 1 VENDORPATH/symfony/deprecation-contracts/function.php(25): trigger_error('Since fakerphp/faker 1.14: Accessing property "phoneNumber" is deprecated, use "phoneNumber()" instead.', 16384)
 2 VENDORPATH/fakerphp/faker/src/Faker/Generator.php(962): trigger_deprecation('fakerphp/faker', '1.14', 'Accessing property "%s" is deprecated, use "%s()" instead.', 'phoneNumber', 'phoneNumber')
 3 APPPATH/Database/Seeds/ClientSeeder.php(26): Faker\Generator->__get('phoneNumber')
 4 SYSTEMPATH/Database/Seeder.php(155): App\Database\Seeds\ClientSeeder->run()
 5 APPPATH/Database/Seeds/MouvementSeeder.php(25): CodeIgniter\Database\Seeder->call('App\\Database\\Seeds\\ClientSeeder')
 6 SYSTEMPATH/Database/Seeder.php(155): App\Database\Seeds\MouvementSeeder->run()
 7 SYSTEMPATH/Commands/Database/Seed.php(79): CodeIgniter\Database\Seeder->call('App\\Database\\Seeds\\MouvementSeeder')
 8 SYSTEMPATH/CLI/Commands.php(72): CodeIgniter\Commands\Database\Seed->run([])
 9 SYSTEMPATH/CLI/Console.php(47): CodeIgniter\CLI\Commands->run('db:seed', [...])
10 SYSTEMPATH/Boot.php(444): CodeIgniter\CLI\Console->run()
11 SYSTEMPATH/Boot.php(166): CodeIgniter\Boot::runCommand(Object(CodeIgniter\CLI\Console))
12 ROOTPATH/spark(87): CodeIgniter\Boot::bootSpark(Object(Config\Paths))
WARNING - 2026-08-30 04:46:43 --> [DEPRECATED] Since fakerphp/faker 1.14: Accessing property "address" is deprecated, use "address()" instead. in VENDORPATH/symfony/deprecation-contracts/function.php on line 25.
 1 VENDORPATH/symfony/deprecation-contracts/function.php(25): trigger_error('Since fakerphp/faker 1.14: Accessing property "address" is deprecated, use "address()" instead.', 16384)
 2 VENDORPATH/fakerphp/faker/src/Faker/Generator.php(962): trigger_deprecation('fakerphp/faker', '1.14', 'Accessing property "%s" is deprecated, use "%s()" instead.', 'address', 'address')
 3 APPPATH/Database/Seeds/ClientSeeder.php(27): Faker\Generator->__get('address')
 4 SYSTEMPATH/Database/Seeder.php(155): App\Database\Seeds\ClientSeeder->run()
 5 APPPATH/Database/Seeds/MouvementSeeder.php(25): CodeIgniter\Database\Seeder->call('App\\Database\\Seeds\\ClientSeeder')
 6 SYSTEMPATH/Database/Seeder.php(155): App\Database\Seeds\MouvementSeeder->run()
 7 SYSTEMPATH/Commands/Database/Seed.php(79): CodeIgniter\Database\Seeder->call('App\\Database\\Seeds\\MouvementSeeder')
 8 SYSTEMPATH/CLI/Commands.php(72): CodeIgniter\Commands\Database\Seed->run([])
 9 SYSTEMPATH/CLI/Console.php(47): CodeIgniter\CLI\Commands->run('db:seed', [...])
10 SYSTEMPATH/Boot.php(444): CodeIgniter\CLI\Console->run()
11 SYSTEMPATH/Boot.php(166): CodeIgniter\Boot::runCommand(Object(CodeIgniter\CLI\Console))
12 ROOTPATH/spark(87): CodeIgniter\Boot::bootSpark(Object(Config\Paths))
WARNING - 2026-08-30 04:46:43 --> [DEPRECATED] Since fakerphp/faker 1.14: Accessing property "company" is deprecated, use "company()" instead. in VENDORPATH/symfony/deprecation-contracts/function.php on line 25.
 1 VENDORPATH/symfony/deprecation-contracts/function.php(25): trigger_error('Since fakerphp/faker 1.14: Accessing property "company" is deprecated, use "company()" instead.', 16384)
 2 VENDORPATH/fakerphp/faker/src/Faker/Generator.php(962): trigger_deprecation('fakerphp/faker', '1.14', 'Accessing property "%s" is deprecated, use "%s()" instead.', 'company', 'company')
 3 APPPATH/Database/Seeds/ClientSeeder.php(18): Faker\Generator->__get('company')
 4 SYSTEMPATH/Database/Seeder.php(155): App\Database\Seeds\ClientSeeder->run()
 5 APPPATH/Database/Seeds/MouvementSeeder.php(25): CodeIgniter\Database\Seeder->call('App\\Database\\Seeds\\ClientSeeder')
 6 SYSTEMPATH/Database/Seeder.php(155): App\Database\Seeds\MouvementSeeder->run()
 7 SYSTEMPATH/Commands/Database/Seed.php(79): CodeIgniter\Database\Seeder->call('App\\Database\\Seeds\\MouvementSeeder')
 8 SYSTEMPATH/CLI/Commands.php(72): CodeIgniter\Commands\Database\Seed->run([])
 9 SYSTEMPATH/CLI/Console.php(47): CodeIgniter\CLI\Commands->run('db:seed', [...])
10 SYSTEMPATH/Boot.php(444): CodeIgniter\CLI\Console->run()
11 SYSTEMPATH/Boot.php(166): CodeIgniter\Boot::runCommand(Object(CodeIgniter\CLI\Console))
12 ROOTPATH/spark(87): CodeIgniter\Boot::bootSpark(Object(Config\Paths))
WARNING - 2026-08-30 04:46:43 --> [DEPRECATED] Since fakerphp/faker 1.14: Accessing property "name" is deprecated, use "name()" instead. in VENDORPATH/symfony/deprecation-contracts/function.php on line 25.
 1 VENDORPATH/symfony/deprecation-contracts/function.php(25): trigger_error('Since fakerphp/faker 1.14: Accessing property "name" is deprecated, use "name()" instead.', 16384)
 2 VENDORPATH/fakerphp/faker/src/Faker/Generator.php(962): trigger_deprecation('fakerphp/faker', '1.14', 'Accessing property "%s" is deprecated, use "%s()" instead.', 'name', 'name')
 3 APPPATH/Database/Seeds/ClientSeeder.php(21): Faker\Generator->__get('name')
 4 SYSTEMPATH/Database/Seeder.php(155): App\Database\Seeds\ClientSeeder->run()
 5 APPPATH/Database/Seeds/MouvementSeeder.php(25): CodeIgniter\Database\Seeder->call('App\\Database\\Seeds\\ClientSeeder')
 6 SYSTEMPATH/Database/Seeder.php(155): App\Database\Seeds\MouvementSeeder->run()
 7 SYSTEMPATH/Commands/Database/Seed.php(79): CodeIgniter\Database\Seeder->call('App\\Database\\Seeds\\MouvementSeeder')
 8 SYSTEMPATH/CLI/Commands.php(72): CodeIgniter\Commands\Database\Seed->run([])
 9 SYSTEMPATH/CLI/Console.php(47): CodeIgniter\CLI\Commands->run('db:seed', [...])
10 SYSTEMPATH/Boot.php(444): CodeIgniter\CLI\Console->run()
11 SYSTEMPATH/Boot.php(166): CodeIgniter\Boot::runCommand(Object(CodeIgniter\CLI\Console))
12 ROOTPATH/spark(87): CodeIgniter\Boot::bootSpark(Object(Config\Paths))
WARNING - 2026-08-30 04:46:43 --> [DEPRECATED] Since fakerphp/faker 1.14: Accessing property "phoneNumber" is deprecated, use "phoneNumber()" instead. in VENDORPATH/symfony/deprecation-contracts/function.php on line 25.
 1 VENDORPATH/symfony/deprecation-contracts/function.php(25): trigger_error('Since fakerphp/faker 1.14: Accessing property "phoneNumber" is deprecated, use "phoneNumber()" instead.', 16384)
 2 VENDORPATH/fakerphp/faker/src/Faker/Generator.php(962): trigger_deprecation('fakerphp/faker', '1.14', 'Accessing property "%s" is deprecated, use "%s()" instead.', 'phoneNumber', 'phoneNumber')
 3 APPPATH/Database/Seeds/ClientSeeder.php(26): Faker\Generator->__get('phoneNumber')
 4 SYSTEMPATH/Database/Seeder.php(155): App\Database\Seeds\ClientSeeder->run()
 5 APPPATH/Database/Seeds/MouvementSeeder.php(25): CodeIgniter\Database\Seeder->call('App\\Database\\Seeds\\ClientSeeder')
 6 SYSTEMPATH/Database/Seeder.php(155): App\Database\Seeds\MouvementSeeder->run()
 7 SYSTEMPATH/Commands/Database/Seed.php(79): CodeIgniter\Database\Seeder->call('App\\Database\\Seeds\\MouvementSeeder')
 8 SYSTEMPATH/CLI/Commands.php(72): CodeIgniter\Commands\Database\Seed->run([])
 9 SYSTEMPATH/CLI/Console.php(47): CodeIgniter\CLI\Commands->run('db:seed', [...])
10 SYSTEMPATH/Boot.php(444): CodeIgniter\CLI\Console->run()
11 SYSTEMPATH/Boot.php(166): CodeIgniter\Boot::runCommand(Object(CodeIgniter\CLI\Console))
12 ROOTPATH/spark(87): CodeIgniter\Boot::bootSpark(Object(Config\Paths))
WARNING - 2026-08-30 04:46:43 --> [DEPRECATED] Since fakerphp/faker 1.14: Accessing property "address" is deprecated, use "address()" instead. in VENDORPATH/symfony/deprecation-contracts/function.php on line 25.
 1 VENDORPATH/symfony/deprecation-contracts/function.php(25): trigger_error('Since fakerphp/faker 1.14: Accessing property "address" is deprecated, use "address()" instead.', 16384)
 2 VENDORPATH/fakerphp/faker/src/Faker/Generator.php(962): trigger_deprecation('fakerphp/faker', '1.14', 'Accessing property "%s" is deprecated, use "%s()" instead.', 'address', 'address')
 3 APPPATH/Database/Seeds/ClientSeeder.php(27): Faker\Generator->__get('address')
 4 SYSTEMPATH/Database/Seeder.php(155): App\Database\Seeds\ClientSeeder->run()
 5 APPPATH/Database/Seeds/MouvementSeeder.php(25): CodeIgniter\Database\Seeder->call('App\\Database\\Seeds\\ClientSeeder')
 6 SYSTEMPATH/Database/Seeder.php(155): App\Database\Seeds\MouvementSeeder->run()
 7 SYSTEMPATH/Commands/Database/Seed.php(79): CodeIgniter\Database\Seeder->call('App\\Database\\Seeds\\MouvementSeeder')
 8 SYSTEMPATH/CLI/Commands.php(72): CodeIgniter\Commands\Database\Seed->run([])
 9 SYSTEMPATH/CLI/Console.php(47): CodeIgniter\CLI\Commands->run('db:seed', [...])
10 SYSTEMPATH/Boot.php(444): CodeIgniter\CLI\Console->run()
11 SYSTEMPATH/Boot.php(166): CodeIgniter\Boot::runCommand(Object(CodeIgniter\CLI\Console))
12 ROOTPATH/spark(87): CodeIgniter\Boot::bootSpark(Object(Config\Paths))
WARNING - 2026-08-30 04:46:43 --> [DEPRECATED] Since fakerphp/faker 1.14: Accessing property "company" is deprecated, use "company()" instead. in VENDORPATH/symfony/deprecation-contracts/function.php on line 25.
 1 VENDORPATH/symfony/deprecation-contracts/function.php(25): trigger_error('Since fakerphp/faker 1.14: Accessing property "company" is deprecated, use "company()" instead.', 16384)
 2 VENDORPATH/fakerphp/faker/src/Faker/Generator.php(962): trigger_deprecation('fakerphp/faker', '1.14', 'Accessing property "%s" is deprecated, use "%s()" instead.', 'company', 'company')
 3 APPPATH/Database/Seeds/ClientSeeder.php(18): Faker\Generator->__get('company')
 4 SYSTEMPATH/Database/Seeder.php(155): App\Database\Seeds\ClientSeeder->run()
 5 APPPATH/Database/Seeds/MouvementSeeder.php(25): CodeIgniter\Database\Seeder->call('App\\Database\\Seeds\\ClientSeeder')
 6 SYSTEMPATH/Database/Seeder.php(155): App\Database\Seeds\MouvementSeeder->run()
 7 SYSTEMPATH/Commands/Database/Seed.php(79): CodeIgniter\Database\Seeder->call('App\\Database\\Seeds\\MouvementSeeder')
 8 SYSTEMPATH/CLI/Commands.php(72): CodeIgniter\Commands\Database\Seed->run([])
 9 SYSTEMPATH/CLI/Console.php(47): CodeIgniter\CLI\Commands->run('db:seed', [...])
10 SYSTEMPATH/Boot.php(444): CodeIgniter\CLI\Console->run()
11 SYSTEMPATH/Boot.php(166): CodeIgniter\Boot::runCommand(Object(CodeIgniter\CLI\Console))
12 ROOTPATH/spark(87): CodeIgniter\Boot::bootSpark(Object(Config\Paths))
WARNING - 2026-08-30 04:46:43 --> [DEPRECATED] Since fakerphp/faker 1.14: Accessing property "phoneNumber" is deprecated, use "phoneNumber()" instead. in VENDORPATH/symfony/deprecation-contracts/function.php on line 25.
 1 VENDORPATH/symfony/deprecation-contracts/function.php(25): trigger_error('Since fakerphp/faker 1.14: Accessing property "phoneNumber" is deprecated, use "phoneNumber()" instead.', 16384)
 2 VENDORPATH/fakerphp/faker/src/Faker/Generator.php(962): trigger_deprecation('fakerphp/faker', '1.14', 'Accessing property "%s" is deprecated, use "%s()" instead.', 'phoneNumber', 'phoneNumber')
 3 APPPATH/Database/Seeds/ClientSeeder.php(26): Faker\Generator->__get('phoneNumber')
 4 SYSTEMPATH/Database/Seeder.php(155): App\Database\Seeds\ClientSeeder->run()
 5 APPPATH/Database/Seeds/MouvementSeeder.php(25): CodeIgniter\Database\Seeder->call('App\\Database\\Seeds\\ClientSeeder')
 6 SYSTEMPATH/Database/Seeder.php(155): App\Database\Seeds\MouvementSeeder->run()
 7 SYSTEMPATH/Commands/Database/Seed.php(79): CodeIgniter\Database\Seeder->call('App\\Database\\Seeds\\MouvementSeeder')
 8 SYSTEMPATH/CLI/Commands.php(72): CodeIgniter\Commands\Database\Seed->run([])
 9 SYSTEMPATH/CLI/Console.php(47): CodeIgniter\CLI\Commands->run('db:seed', [...])
10 SYSTEMPATH/Boot.php(444): CodeIgniter\CLI\Console->run()
11 SYSTEMPATH/Boot.php(166): CodeIgniter\Boot::runCommand(Object(CodeIgniter\CLI\Console))
12 ROOTPATH/spark(87): CodeIgniter\Boot::bootSpark(Object(Config\Paths))
WARNING - 2026-08-30 04:46:43 --> [DEPRECATED] Since fakerphp/faker 1.14: Accessing property "address" is deprecated, use "address()" instead. in VENDORPATH/symfony/deprecation-contracts/function.php on line 25.
 1 VENDORPATH/symfony/deprecation-contracts/function.php(25): trigger_error('Since fakerphp/faker 1.14: Accessing property "address" is deprecated, use "address()" instead.', 16384)
 2 VENDORPATH/fakerphp/faker/src/Faker/Generator.php(962): trigger_deprecation('fakerphp/faker', '1.14', 'Accessing property "%s" is deprecated, use "%s()" instead.', 'address', 'address')
 3 APPPATH/Database/Seeds/ClientSeeder.php(27): Faker\Generator->__get('address')
 4 SYSTEMPATH/Database/Seeder.php(155): App\Database\Seeds\ClientSeeder->run()
 5 APPPATH/Database/Seeds/MouvementSeeder.php(25): CodeIgniter\Database\Seeder->call('App\\Database\\Seeds\\ClientSeeder')
 6 SYSTEMPATH/Database/Seeder.php(155): App\Database\Seeds\MouvementSeeder->run()
 7 SYSTEMPATH/Commands/Database/Seed.php(79): CodeIgniter\Database\Seeder->call('App\\Database\\Seeds\\MouvementSeeder')
 8 SYSTEMPATH/CLI/Commands.php(72): CodeIgniter\Commands\Database\Seed->run([])
 9 SYSTEMPATH/CLI/Console.php(47): CodeIgniter\CLI\Commands->run('db:seed', [...])
10 SYSTEMPATH/Boot.php(444): CodeIgniter\CLI\Console->run()
11 SYSTEMPATH/Boot.php(166): CodeIgniter\Boot::runCommand(Object(CodeIgniter\CLI\Console))
12 ROOTPATH/spark(87): CodeIgniter\Boot::bootSpark(Object(Config\Paths))
WARNING - 2026-08-30 04:46:43 --> [DEPRECATED] Since fakerphp/faker 1.14: Accessing property "company" is deprecated, use "company()" instead. in VENDORPATH/symfony/deprecation-contracts/function.php on line 25.
 1 VENDORPATH/symfony/deprecation-contracts/function.php(25): trigger_error('Since fakerphp/faker 1.14: Accessing property "company" is deprecated, use "company()" instead.', 16384)
 2 VENDORPATH/fakerphp/faker/src/Faker/Generator.php(962): trigger_deprecation('fakerphp/faker', '1.14', 'Accessing property "%s" is deprecated, use "%s()" instead.', 'company', 'company')
 3 APPPATH/Database/Seeds/ClientSeeder.php(18): Faker\Generator->__get('company')
 4 SYSTEMPATH/Database/Seeder.php(155): App\Database\Seeds\ClientSeeder->run()
 5 APPPATH/Database/Seeds/MouvementSeeder.php(25): CodeIgniter\Database\Seeder->call('App\\Database\\Seeds\\ClientSeeder')
 6 SYSTEMPATH/Database/Seeder.php(155): App\Database\Seeds\MouvementSeeder->run()
 7 SYSTEMPATH/Commands/Database/Seed.php(79): CodeIgniter\Database\Seeder->call('App\\Database\\Seeds\\MouvementSeeder')
 8 SYSTEMPATH/CLI/Commands.php(72): CodeIgniter\Commands\Database\Seed->run([])
 9 SYSTEMPATH/CLI/Console.php(47): CodeIgniter\CLI\Commands->run('db:seed', [...])
10 SYSTEMPATH/Boot.php(444): CodeIgniter\CLI\Console->run()
11 SYSTEMPATH/Boot.php(166): CodeIgniter\Boot::runCommand(Object(CodeIgniter\CLI\Console))
12 ROOTPATH/spark(87): CodeIgniter\Boot::bootSpark(Object(Config\Paths))
WARNING - 2026-08-30 04:46:43 --> [DEPRECATED] Since fakerphp/faker 1.14: Accessing property "phoneNumber" is deprecated, use "phoneNumber()" instead. in VENDORPATH/symfony/deprecation-contracts/function.php on line 25.
 1 VENDORPATH/symfony/deprecation-contracts/function.php(25): trigger_error('Since fakerphp/faker 1.14: Accessing property "phoneNumber" is deprecated, use "phoneNumber()" instead.', 16384)
 2 VENDORPATH/fakerphp/faker/src/Faker/Generator.php(962): trigger_deprecation('fakerphp/faker', '1.14', 'Accessing property "%s" is deprecated, use "%s()" instead.', 'phoneNumber', 'phoneNumber')
 3 APPPATH/Database/Seeds/ClientSeeder.php(26): Faker\Generator->__get('phoneNumber')
 4 SYSTEMPATH/Database/Seeder.php(155): App\Database\Seeds\ClientSeeder->run()
 5 APPPATH/Database/Seeds/MouvementSeeder.php(25): CodeIgniter\Database\Seeder->call('App\\Database\\Seeds\\ClientSeeder')
 6 SYSTEMPATH/Database/Seeder.php(155): App\Database\Seeds\MouvementSeeder->run()
 7 SYSTEMPATH/Commands/Database/Seed.php(79): CodeIgniter\Database\Seeder->call('App\\Database\\Seeds\\MouvementSeeder')
 8 SYSTEMPATH/CLI/Commands.php(72): CodeIgniter\Commands\Database\Seed->run([])
 9 SYSTEMPATH/CLI/Console.php(47): CodeIgniter\CLI\Commands->run('db:seed', [...])
10 SYSTEMPATH/Boot.php(444): CodeIgniter\CLI\Console->run()
11 SYSTEMPATH/Boot.php(166): CodeIgniter\Boot::runCommand(Object(CodeIgniter\CLI\Console))
12 ROOTPATH/spark(87): CodeIgniter\Boot::bootSpark(Object(Config\Paths))
WARNING - 2026-08-30 04:46:43 --> [DEPRECATED] Since fakerphp/faker 1.14: Accessing property "address" is deprecated, use "address()" instead. in VENDORPATH/symfony/deprecation-contracts/function.php on line 25.
 1 VENDORPATH/symfony/deprecation-contracts/function.php(25): trigger_error('Since fakerphp/faker 1.14: Accessing property "address" is deprecated, use "address()" instead.', 16384)
 2 VENDORPATH/fakerphp/faker/src/Faker/Generator.php(962): trigger_deprecation('fakerphp/faker', '1.14', 'Accessing property "%s" is deprecated, use "%s()" instead.', 'address', 'address')
 3 APPPATH/Database/Seeds/ClientSeeder.php(27): Faker\Generator->__get('address')
 4 SYSTEMPATH/Database/Seeder.php(155): App\Database\Seeds\ClientSeeder->run()
 5 APPPATH/Database/Seeds/MouvementSeeder.php(25): CodeIgniter\Database\Seeder->call('App\\Database\\Seeds\\ClientSeeder')
 6 SYSTEMPATH/Database/Seeder.php(155): App\Database\Seeds\MouvementSeeder->run()
 7 SYSTEMPATH/Commands/Database/Seed.php(79): CodeIgniter\Database\Seeder->call('App\\Database\\Seeds\\MouvementSeeder')
 8 SYSTEMPATH/CLI/Commands.php(72): CodeIgniter\Commands\Database\Seed->run([])
 9 SYSTEMPATH/CLI/Console.php(47): CodeIgniter\CLI\Commands->run('db:seed', [...])
10 SYSTEMPATH/Boot.php(444): CodeIgniter\CLI\Console->run()
11 SYSTEMPATH/Boot.php(166): CodeIgniter\Boot::runCommand(Object(CodeIgniter\CLI\Console))
12 ROOTPATH/spark(87): CodeIgniter\Boot::bootSpark(Object(Config\Paths))
WARNING - 2026-08-30 04:46:43 --> [DEPRECATED] Since fakerphp/faker 1.14: Accessing property "company" is deprecated, use "company()" instead. in VENDORPATH/symfony/deprecation-contracts/function.php on line 25.
 1 VENDORPATH/symfony/deprecation-contracts/function.php(25): trigger_error('Since fakerphp/faker 1.14: Accessing property "company" is deprecated, use "company()" instead.', 16384)
 2 VENDORPATH/fakerphp/faker/src/Faker/Generator.php(962): trigger_deprecation('fakerphp/faker', '1.14', 'Accessing property "%s" is deprecated, use "%s()" instead.', 'company', 'company')
 3 APPPATH/Database/Seeds/ClientSeeder.php(18): Faker\Generator->__get('company')
 4 SYSTEMPATH/Database/Seeder.php(155): App\Database\Seeds\ClientSeeder->run()
 5 APPPATH/Database/Seeds/MouvementSeeder.php(25): CodeIgniter\Database\Seeder->call('App\\Database\\Seeds\\ClientSeeder')
 6 SYSTEMPATH/Database/Seeder.php(155): App\Database\Seeds\MouvementSeeder->run()
 7 SYSTEMPATH/Commands/Database/Seed.php(79): CodeIgniter\Database\Seeder->call('App\\Database\\Seeds\\MouvementSeeder')
 8 SYSTEMPATH/CLI/Commands.php(72): CodeIgniter\Commands\Database\Seed->run([])
 9 SYSTEMPATH/CLI/Console.php(47): CodeIgniter\CLI\Commands->run('db:seed', [...])
10 SYSTEMPATH/Boot.php(444): CodeIgniter\CLI\Console->run()
11 SYSTEMPATH/Boot.php(166): CodeIgniter\Boot::runCommand(Object(CodeIgniter\CLI\Console))
12 ROOTPATH/spark(87): CodeIgniter\Boot::bootSpark(Object(Config\Paths))
WARNING - 2026-08-30 04:46:43 --> [DEPRECATED] Since fakerphp/faker 1.14: Accessing property "name" is deprecated, use "name()" instead. in VENDORPATH/symfony/deprecation-contracts/function.php on line 25.
 1 VENDORPATH/symfony/deprecation-contracts/function.php(25): trigger_error('Since fakerphp/faker 1.14: Accessing property "name" is deprecated, use "name()" instead.', 16384)
 2 VENDORPATH/fakerphp/faker/src/Faker/Generator.php(962): trigger_deprecation('fakerphp/faker', '1.14', 'Accessing property "%s" is deprecated, use "%s()" instead.', 'name', 'name')
 3 APPPATH/Database/Seeds/ClientSeeder.php(21): Faker\Generator->__get('name')
 4 SYSTEMPATH/Database/Seeder.php(155): App\Database\Seeds\ClientSeeder->run()
 5 APPPATH/Database/Seeds/MouvementSeeder.php(25): CodeIgniter\Database\Seeder->call('App\\Database\\Seeds\\ClientSeeder')
 6 SYSTEMPATH/Database/Seeder.php(155): App\Database\Seeds\MouvementSeeder->run()
 7 SYSTEMPATH/Commands/Database/Seed.php(79): CodeIgniter\Database\Seeder->call('App\\Database\\Seeds\\MouvementSeeder')
 8 SYSTEMPATH/CLI/Commands.php(72): CodeIgniter\Commands\Database\Seed->run([])
 9 SYSTEMPATH/CLI/Console.php(47): CodeIgniter\CLI\Commands->run('db:seed', [...])
10 SYSTEMPATH/Boot.php(444): CodeIgniter\CLI\Console->run()
11 SYSTEMPATH/Boot.php(166): CodeIgniter\Boot::runCommand(Object(CodeIgniter\CLI\Console))
12 ROOTPATH/spark(87): CodeIgniter\Boot::bootSpark(Object(Config\Paths))
WARNING - 2026-08-30 04:46:43 --> [DEPRECATED] Since fakerphp/faker 1.14: Accessing property "phoneNumber" is deprecated, use "phoneNumber()" instead. in VENDORPATH/symfony/deprecation-contracts/function.php on line 25.
 1 VENDORPATH/symfony/deprecation-contracts/function.php(25): trigger_error('Since fakerphp/faker 1.14: Accessing property "phoneNumber" is deprecated, use "phoneNumber()" instead.', 16384)
 2 VENDORPATH/fakerphp/faker/src/Faker/Generator.php(962): trigger_deprecation('fakerphp/faker', '1.14', 'Accessing property "%s" is deprecated, use "%s()" instead.', 'phoneNumber', 'phoneNumber')
 3 APPPATH/Database/Seeds/ClientSeeder.php(26): Faker\Generator->__get('phoneNumber')
 4 SYSTEMPATH/Database/Seeder.php(155): App\Database\Seeds\ClientSeeder->run()
 5 APPPATH/Database/Seeds/MouvementSeeder.php(25): CodeIgniter\Database\Seeder->call('App\\Database\\Seeds\\ClientSeeder')
 6 SYSTEMPATH/Database/Seeder.php(155): App\Database\Seeds\MouvementSeeder->run()
 7 SYSTEMPATH/Commands/Database/Seed.php(79): CodeIgniter\Database\Seeder->call('App\\Database\\Seeds\\MouvementSeeder')
 8 SYSTEMPATH/CLI/Commands.php(72): CodeIgniter\Commands\Database\Seed->run([])
 9 SYSTEMPATH/CLI/Console.php(47): CodeIgniter\CLI\Commands->run('db:seed', [...])
10 SYSTEMPATH/Boot.php(444): CodeIgniter\CLI\Console->run()
11 SYSTEMPATH/Boot.php(166): CodeIgniter\Boot::runCommand(Object(CodeIgniter\CLI\Console))
12 ROOTPATH/spark(87): CodeIgniter\Boot::bootSpark(Object(Config\Paths))
WARNING - 2026-08-30 04:46:43 --> [DEPRECATED] Since fakerphp/faker 1.14: Accessing property "address" is deprecated, use "address()" instead. in VENDORPATH/symfony/deprecation-contracts/function.php on line 25.
 1 VENDORPATH/symfony/deprecation-contracts/function.php(25): trigger_error('Since fakerphp/faker 1.14: Accessing property "address" is deprecated, use "address()" instead.', 16384)
 2 VENDORPATH/fakerphp/faker/src/Faker/Generator.php(962): trigger_deprecation('fakerphp/faker', '1.14', 'Accessing property "%s" is deprecated, use "%s()" instead.', 'address', 'address')
 3 APPPATH/Database/Seeds/ClientSeeder.php(27): Faker\Generator->__get('address')
 4 SYSTEMPATH/Database/Seeder.php(155): App\Database\Seeds\ClientSeeder->run()
 5 APPPATH/Database/Seeds/MouvementSeeder.php(25): CodeIgniter\Database\Seeder->call('App\\Database\\Seeds\\ClientSeeder')
 6 SYSTEMPATH/Database/Seeder.php(155): App\Database\Seeds\MouvementSeeder->run()
 7 SYSTEMPATH/Commands/Database/Seed.php(79): CodeIgniter\Database\Seeder->call('App\\Database\\Seeds\\MouvementSeeder')
 8 SYSTEMPATH/CLI/Commands.php(72): CodeIgniter\Commands\Database\Seed->run([])
 9 SYSTEMPATH/CLI/Console.php(47): CodeIgniter\CLI\Commands->run('db:seed', [...])
10 SYSTEMPATH/Boot.php(444): CodeIgniter\CLI\Console->run()
11 SYSTEMPATH/Boot.php(166): CodeIgniter\Boot::runCommand(Object(CodeIgniter\CLI\Console))
12 ROOTPATH/spark(87): CodeIgniter\Boot::bootSpark(Object(Config\Paths))
WARNING - 2026-08-30 04:46:43 --> [DEPRECATED] Since fakerphp/faker 1.14: Accessing property "company" is deprecated, use "company()" instead. in VENDORPATH/symfony/deprecation-contracts/function.php on line 25.
 1 VENDORPATH/symfony/deprecation-contracts/function.php(25): trigger_error('Since fakerphp/faker 1.14: Accessing property "company" is deprecated, use "company()" instead.', 16384)
 2 VENDORPATH/fakerphp/faker/src/Faker/Generator.php(962): trigger_deprecation('fakerphp/faker', '1.14', 'Accessing property "%s" is deprecated, use "%s()" instead.', 'company', 'company')
 3 APPPATH/Database/Seeds/ClientSeeder.php(18): Faker\Generator->__get('company')
 4 SYSTEMPATH/Database/Seeder.php(155): App\Database\Seeds\ClientSeeder->run()
 5 APPPATH/Database/Seeds/MouvementSeeder.php(25): CodeIgniter\Database\Seeder->call('App\\Database\\Seeds\\ClientSeeder')
 6 SYSTEMPATH/Database/Seeder.php(155): App\Database\Seeds\MouvementSeeder->run()
 7 SYSTEMPATH/Commands/Database/Seed.php(79): CodeIgniter\Database\Seeder->call('App\\Database\\Seeds\\MouvementSeeder')
 8 SYSTEMPATH/CLI/Commands.php(72): CodeIgniter\Commands\Database\Seed->run([])
 9 SYSTEMPATH/CLI/Console.php(47): CodeIgniter\CLI\Commands->run('db:seed', [...])
10 SYSTEMPATH/Boot.php(444): CodeIgniter\CLI\Console->run()
11 SYSTEMPATH/Boot.php(166): CodeIgniter\Boot::runCommand(Object(CodeIgniter\CLI\Console))
12 ROOTPATH/spark(87): CodeIgniter\Boot::bootSpark(Object(Config\Paths))
WARNING - 2026-08-30 04:46:43 --> [DEPRECATED] Since fakerphp/faker 1.14: Accessing property "phoneNumber" is deprecated, use "phoneNumber()" instead. in VENDORPATH/symfony/deprecation-contracts/function.php on line 25.
 1 VENDORPATH/symfony/deprecation-contracts/function.php(25): trigger_error('Since fakerphp/faker 1.14: Accessing property "phoneNumber" is deprecated, use "phoneNumber()" instead.', 16384)
 2 VENDORPATH/fakerphp/faker/src/Faker/Generator.php(962): trigger_deprecation('fakerphp/faker', '1.14', 'Accessing property "%s" is deprecated, use "%s()" instead.', 'phoneNumber', 'phoneNumber')
 3 APPPATH/Database/Seeds/ClientSeeder.php(26): Faker\Generator->__get('phoneNumber')
 4 SYSTEMPATH/Database/Seeder.php(155): App\Database\Seeds\ClientSeeder->run()
 5 APPPATH/Database/Seeds/MouvementSeeder.php(25): CodeIgniter\Database\Seeder->call('App\\Database\\Seeds\\ClientSeeder')
 6 SYSTEMPATH/Database/Seeder.php(155): App\Database\Seeds\MouvementSeeder->run()
 7 SYSTEMPATH/Commands/Database/Seed.php(79): CodeIgniter\Database\Seeder->call('App\\Database\\Seeds\\MouvementSeeder')
 8 SYSTEMPATH/CLI/Commands.php(72): CodeIgniter\Commands\Database\Seed->run([])
 9 SYSTEMPATH/CLI/Console.php(47): CodeIgniter\CLI\Commands->run('db:seed', [...])
10 SYSTEMPATH/Boot.php(444): CodeIgniter\CLI\Console->run()
11 SYSTEMPATH/Boot.php(166): CodeIgniter\Boot::runCommand(Object(CodeIgniter\CLI\Console))
12 ROOTPATH/spark(87): CodeIgniter\Boot::bootSpark(Object(Config\Paths))
WARNING - 2026-08-30 04:46:43 --> [DEPRECATED] Since fakerphp/faker 1.14: Accessing property "address" is deprecated, use "address()" instead. in VENDORPATH/symfony/deprecation-contracts/function.php on line 25.
 1 VENDORPATH/symfony/deprecation-contracts/function.php(25): trigger_error('Since fakerphp/faker 1.14: Accessing property "address" is deprecated, use "address()" instead.', 16384)
 2 VENDORPATH/fakerphp/faker/src/Faker/Generator.php(962): trigger_deprecation('fakerphp/faker', '1.14', 'Accessing property "%s" is deprecated, use "%s()" instead.', 'address', 'address')
 3 APPPATH/Database/Seeds/ClientSeeder.php(27): Faker\Generator->__get('address')
 4 SYSTEMPATH/Database/Seeder.php(155): App\Database\Seeds\ClientSeeder->run()
 5 APPPATH/Database/Seeds/MouvementSeeder.php(25): CodeIgniter\Database\Seeder->call('App\\Database\\Seeds\\ClientSeeder')
 6 SYSTEMPATH/Database/Seeder.php(155): App\Database\Seeds\MouvementSeeder->run()
 7 SYSTEMPATH/Commands/Database/Seed.php(79): CodeIgniter\Database\Seeder->call('App\\Database\\Seeds\\MouvementSeeder')
 8 SYSTEMPATH/CLI/Commands.php(72): CodeIgniter\Commands\Database\Seed->run([])
 9 SYSTEMPATH/CLI/Console.php(47): CodeIgniter\CLI\Commands->run('db:seed', [...])
10 SYSTEMPATH/Boot.php(444): CodeIgniter\CLI\Console->run()
11 SYSTEMPATH/Boot.php(166): CodeIgniter\Boot::runCommand(Object(CodeIgniter\CLI\Console))
12 ROOTPATH/spark(87): CodeIgniter\Boot::bootSpark(Object(Config\Paths))
WARNING - 2026-08-30 04:46:43 --> [DEPRECATED] Since fakerphp/faker 1.14: Accessing property "company" is deprecated, use "company()" instead. in VENDORPATH/symfony/deprecation-contracts/function.php on line 25.
 1 VENDORPATH/symfony/deprecation-contracts/function.php(25): trigger_error('Since fakerphp/faker 1.14: Accessing property "company" is deprecated, use "company()" instead.', 16384)
 2 VENDORPATH/fakerphp/faker/src/Faker/Generator.php(962): trigger_deprecation('fakerphp/faker', '1.14', 'Accessing property "%s" is deprecated, use "%s()" instead.', 'company', 'company')
 3 APPPATH/Database/Seeds/ClientSeeder.php(18): Faker\Generator->__get('company')
 4 SYSTEMPATH/Database/Seeder.php(155): App\Database\Seeds\ClientSeeder->run()
 5 APPPATH/Database/Seeds/MouvementSeeder.php(25): CodeIgniter\Database\Seeder->call('App\\Database\\Seeds\\ClientSeeder')
 6 SYSTEMPATH/Database/Seeder.php(155): App\Database\Seeds\MouvementSeeder->run()
 7 SYSTEMPATH/Commands/Database/Seed.php(79): CodeIgniter\Database\Seeder->call('App\\Database\\Seeds\\MouvementSeeder')
 8 SYSTEMPATH/CLI/Commands.php(72): CodeIgniter\Commands\Database\Seed->run([])
 9 SYSTEMPATH/CLI/Console.php(47): CodeIgniter\CLI\Commands->run('db:seed', [...])
10 SYSTEMPATH/Boot.php(444): CodeIgniter\CLI\Console->run()
11 SYSTEMPATH/Boot.php(166): CodeIgniter\Boot::runCommand(Object(CodeIgniter\CLI\Console))
12 ROOTPATH/spark(87): CodeIgniter\Boot::bootSpark(Object(Config\Paths))
WARNING - 2026-08-30 04:46:43 --> [DEPRECATED] Since fakerphp/faker 1.14: Accessing property "phoneNumber" is deprecated, use "phoneNumber()" instead. in VENDORPATH/symfony/deprecation-contracts/function.php on line 25.
 1 VENDORPATH/symfony/deprecation-contracts/function.php(25): trigger_error('Since fakerphp/faker 1.14: Accessing property "phoneNumber" is deprecated, use "phoneNumber()" instead.', 16384)
 2 VENDORPATH/fakerphp/faker/src/Faker/Generator.php(962): trigger_deprecation('fakerphp/faker', '1.14', 'Accessing property "%s" is deprecated, use "%s()" instead.', 'phoneNumber', 'phoneNumber')
 3 APPPATH/Database/Seeds/ClientSeeder.php(26): Faker\Generator->__get('phoneNumber')
 4 SYSTEMPATH/Database/Seeder.php(155): App\Database\Seeds\ClientSeeder->run()
 5 APPPATH/Database/Seeds/MouvementSeeder.php(25): CodeIgniter\Database\Seeder->call('App\\Database\\Seeds\\ClientSeeder')
 6 SYSTEMPATH/Database/Seeder.php(155): App\Database\Seeds\MouvementSeeder->run()
 7 SYSTEMPATH/Commands/Database/Seed.php(79): CodeIgniter\Database\Seeder->call('App\\Database\\Seeds\\MouvementSeeder')
 8 SYSTEMPATH/CLI/Commands.php(72): CodeIgniter\Commands\Database\Seed->run([])
 9 SYSTEMPATH/CLI/Console.php(47): CodeIgniter\CLI\Commands->run('db:seed', [...])
10 SYSTEMPATH/Boot.php(444): CodeIgniter\CLI\Console->run()
11 SYSTEMPATH/Boot.php(166): CodeIgniter\Boot::runCommand(Object(CodeIgniter\CLI\Console))
12 ROOTPATH/spark(87): CodeIgniter\Boot::bootSpark(Object(Config\Paths))
WARNING - 2026-08-30 04:46:43 --> [DEPRECATED] Since fakerphp/faker 1.14: Accessing property "address" is deprecated, use "address()" instead. in VENDORPATH/symfony/deprecation-contracts/function.php on line 25.
 1 VENDORPATH/symfony/deprecation-contracts/function.php(25): trigger_error('Since fakerphp/faker 1.14: Accessing property "address" is deprecated, use "address()" instead.', 16384)
 2 VENDORPATH/fakerphp/faker/src/Faker/Generator.php(962): trigger_deprecation('fakerphp/faker', '1.14', 'Accessing property "%s" is deprecated, use "%s()" instead.', 'address', 'address')
 3 APPPATH/Database/Seeds/ClientSeeder.php(27): Faker\Generator->__get('address')
 4 SYSTEMPATH/Database/Seeder.php(155): App\Database\Seeds\ClientSeeder->run()
 5 APPPATH/Database/Seeds/MouvementSeeder.php(25): CodeIgniter\Database\Seeder->call('App\\Database\\Seeds\\ClientSeeder')
 6 SYSTEMPATH/Database/Seeder.php(155): App\Database\Seeds\MouvementSeeder->run()
 7 SYSTEMPATH/Commands/Database/Seed.php(79): CodeIgniter\Database\Seeder->call('App\\Database\\Seeds\\MouvementSeeder')
 8 SYSTEMPATH/CLI/Commands.php(72): CodeIgniter\Commands\Database\Seed->run([])
 9 SYSTEMPATH/CLI/Console.php(47): CodeIgniter\CLI\Commands->run('db:seed', [...])
10 SYSTEMPATH/Boot.php(444): CodeIgniter\CLI\Console->run()
11 SYSTEMPATH/Boot.php(166): CodeIgniter\Boot::runCommand(Object(CodeIgniter\CLI\Console))
12 ROOTPATH/spark(87): CodeIgniter\Boot::bootSpark(Object(Config\Paths))
WARNING - 2026-08-30 04:46:43 --> [DEPRECATED] Since fakerphp/faker 1.14: Accessing property "company" is deprecated, use "company()" instead. in VENDORPATH/symfony/deprecation-contracts/function.php on line 25.
 1 VENDORPATH/symfony/deprecation-contracts/function.php(25): trigger_error('Since fakerphp/faker 1.14: Accessing property "company" is deprecated, use "company()" instead.', 16384)
 2 VENDORPATH/fakerphp/faker/src/Faker/Generator.php(962): trigger_deprecation('fakerphp/faker', '1.14', 'Accessing property "%s" is deprecated, use "%s()" instead.', 'company', 'company')
 3 APPPATH/Database/Seeds/ClientSeeder.php(18): Faker\Generator->__get('company')
 4 SYSTEMPATH/Database/Seeder.php(155): App\Database\Seeds\ClientSeeder->run()
 5 APPPATH/Database/Seeds/MouvementSeeder.php(25): CodeIgniter\Database\Seeder->call('App\\Database\\Seeds\\ClientSeeder')
 6 SYSTEMPATH/Database/Seeder.php(155): App\Database\Seeds\MouvementSeeder->run()
 7 SYSTEMPATH/Commands/Database/Seed.php(79): CodeIgniter\Database\Seeder->call('App\\Database\\Seeds\\MouvementSeeder')
 8 SYSTEMPATH/CLI/Commands.php(72): CodeIgniter\Commands\Database\Seed->run([])
 9 SYSTEMPATH/CLI/Console.php(47): CodeIgniter\CLI\Commands->run('db:seed', [...])
10 SYSTEMPATH/Boot.php(444): CodeIgniter\CLI\Console->run()
11 SYSTEMPATH/Boot.php(166): CodeIgniter\Boot::runCommand(Object(CodeIgniter\CLI\Console))
12 ROOTPATH/spark(87): CodeIgniter\Boot::bootSpark(Object(Config\Paths))
WARNING - 2026-08-30 04:46:43 --> [DEPRECATED] Since fakerphp/faker 1.14: Accessing property "name" is deprecated, use "name()" instead. in VENDORPATH/symfony/deprecation-contracts/function.php on line 25.
 1 VENDORPATH/symfony/deprecation-contracts/function.php(25): trigger_error('Since fakerphp/faker 1.14: Accessing property "name" is deprecated, use "name()" instead.', 16384)
 2 VENDORPATH/fakerphp/faker/src/Faker/Generator.php(962): trigger_deprecation('fakerphp/faker', '1.14', 'Accessing property "%s" is deprecated, use "%s()" instead.', 'name', 'name')
 3 APPPATH/Database/Seeds/ClientSeeder.php(21): Faker\Generator->__get('name')
 4 SYSTEMPATH/Database/Seeder.php(155): App\Database\Seeds\ClientSeeder->run()
 5 APPPATH/Database/Seeds/MouvementSeeder.php(25): CodeIgniter\Database\Seeder->call('App\\Database\\Seeds\\ClientSeeder')
 6 SYSTEMPATH/Database/Seeder.php(155): App\Database\Seeds\MouvementSeeder->run()
 7 SYSTEMPATH/Commands/Database/Seed.php(79): CodeIgniter\Database\Seeder->call('App\\Database\\Seeds\\MouvementSeeder')
 8 SYSTEMPATH/CLI/Commands.php(72): CodeIgniter\Commands\Database\Seed->run([])
 9 SYSTEMPATH/CLI/Console.php(47): CodeIgniter\CLI\Commands->run('db:seed', [...])
10 SYSTEMPATH/Boot.php(444): CodeIgniter\CLI\Console->run()
11 SYSTEMPATH/Boot.php(166): CodeIgniter\Boot::runCommand(Object(CodeIgniter\CLI\Console))
12 ROOTPATH/spark(87): CodeIgniter\Boot::bootSpark(Object(Config\Paths))
WARNING - 2026-08-30 04:46:43 --> [DEPRECATED] Since fakerphp/faker 1.14: Accessing property "phoneNumber" is deprecated, use "phoneNumber()" instead. in VENDORPATH/symfony/deprecation-contracts/function.php on line 25.
 1 VENDORPATH/symfony/deprecation-contracts/function.php(25): trigger_error('Since fakerphp/faker 1.14: Accessing property "phoneNumber" is deprecated, use "phoneNumber()" instead.', 16384)
 2 VENDORPATH/fakerphp/faker/src/Faker/Generator.php(962): trigger_deprecation('fakerphp/faker', '1.14', 'Accessing property "%s" is deprecated, use "%s()" instead.', 'phoneNumber', 'phoneNumber')
 3 APPPATH/Database/Seeds/ClientSeeder.php(26): Faker\Generator->__get('phoneNumber')
 4 SYSTEMPATH/Database/Seeder.php(155): App\Database\Seeds\ClientSeeder->run()
 5 APPPATH/Database/Seeds/MouvementSeeder.php(25): CodeIgniter\Database\Seeder->call('App\\Database\\Seeds\\ClientSeeder')
 6 SYSTEMPATH/Database/Seeder.php(155): App\Database\Seeds\MouvementSeeder->run()
 7 SYSTEMPATH/Commands/Database/Seed.php(79): CodeIgniter\Database\Seeder->call('App\\Database\\Seeds\\MouvementSeeder')
 8 SYSTEMPATH/CLI/Commands.php(72): CodeIgniter\Commands\Database\Seed->run([])
 9 SYSTEMPATH/CLI/Console.php(47): CodeIgniter\CLI\Commands->run('db:seed', [...])
10 SYSTEMPATH/Boot.php(444): CodeIgniter\CLI\Console->run()
11 SYSTEMPATH/Boot.php(166): CodeIgniter\Boot::runCommand(Object(CodeIgniter\CLI\Console))
12 ROOTPATH/spark(87): CodeIgniter\Boot::bootSpark(Object(Config\Paths))
WARNING - 2026-08-30 04:46:43 --> [DEPRECATED] Since fakerphp/faker 1.14: Accessing property "address" is deprecated, use "address()" instead. in VENDORPATH/symfony/deprecation-contracts/function.php on line 25.
 1 VENDORPATH/symfony/deprecation-contracts/function.php(25): trigger_error('Since fakerphp/faker 1.14: Accessing property "address" is deprecated, use "address()" instead.', 16384)
 2 VENDORPATH/fakerphp/faker/src/Faker/Generator.php(962): trigger_deprecation('fakerphp/faker', '1.14', 'Accessing property "%s" is deprecated, use "%s()" instead.', 'address', 'address')
 3 APPPATH/Database/Seeds/ClientSeeder.php(27): Faker\Generator->__get('address')
 4 SYSTEMPATH/Database/Seeder.php(155): App\Database\Seeds\ClientSeeder->run()
 5 APPPATH/Database/Seeds/MouvementSeeder.php(25): CodeIgniter\Database\Seeder->call('App\\Database\\Seeds\\ClientSeeder')
 6 SYSTEMPATH/Database/Seeder.php(155): App\Database\Seeds\MouvementSeeder->run()
 7 SYSTEMPATH/Commands/Database/Seed.php(79): CodeIgniter\Database\Seeder->call('App\\Database\\Seeds\\MouvementSeeder')
 8 SYSTEMPATH/CLI/Commands.php(72): CodeIgniter\Commands\Database\Seed->run([])
 9 SYSTEMPATH/CLI/Console.php(47): CodeIgniter\CLI\Commands->run('db:seed', [...])
10 SYSTEMPATH/Boot.php(444): CodeIgniter\CLI\Console->run()
11 SYSTEMPATH/Boot.php(166): CodeIgniter\Boot::runCommand(Object(CodeIgniter\CLI\Console))
12 ROOTPATH/spark(87): CodeIgniter\Boot::bootSpark(Object(Config\Paths))
WARNING - 2026-08-30 04:46:43 --> [DEPRECATED] Since fakerphp/faker 1.14: Accessing property "company" is deprecated, use "company()" instead. in VENDORPATH/symfony/deprecation-contracts/function.php on line 25.
 1 VENDORPATH/symfony/deprecation-contracts/function.php(25): trigger_error('Since fakerphp/faker 1.14: Accessing property "company" is deprecated, use "company()" instead.', 16384)
 2 VENDORPATH/fakerphp/faker/src/Faker/Generator.php(962): trigger_deprecation('fakerphp/faker', '1.14', 'Accessing property "%s" is deprecated, use "%s()" instead.', 'company', 'company')
 3 APPPATH/Database/Seeds/ClientSeeder.php(18): Faker\Generator->__get('company')
 4 SYSTEMPATH/Database/Seeder.php(155): App\Database\Seeds\ClientSeeder->run()
 5 APPPATH/Database/Seeds/MouvementSeeder.php(25): CodeIgniter\Database\Seeder->call('App\\Database\\Seeds\\ClientSeeder')
 6 SYSTEMPATH/Database/Seeder.php(155): App\Database\Seeds\MouvementSeeder->run()
 7 SYSTEMPATH/Commands/Database/Seed.php(79): CodeIgniter\Database\Seeder->call('App\\Database\\Seeds\\MouvementSeeder')
 8 SYSTEMPATH/CLI/Commands.php(72): CodeIgniter\Commands\Database\Seed->run([])
 9 SYSTEMPATH/CLI/Console.php(47): CodeIgniter\CLI\Commands->run('db:seed', [...])
10 SYSTEMPATH/Boot.php(444): CodeIgniter\CLI\Console->run()
11 SYSTEMPATH/Boot.php(166): CodeIgniter\Boot::runCommand(Object(CodeIgniter\CLI\Console))
12 ROOTPATH/spark(87): CodeIgniter\Boot::bootSpark(Object(Config\Paths))
WARNING - 2026-08-30 04:46:43 --> [DEPRECATED] Since fakerphp/faker 1.14: Accessing property "phoneNumber" is deprecated, use "phoneNumber()" instead. in VENDORPATH/symfony/deprecation-contracts/function.php on line 25.
 1 VENDORPATH/symfony/deprecation-contracts/function.php(25): trigger_error('Since fakerphp/faker 1.14: Accessing property "phoneNumber" is deprecated, use "phoneNumber()" instead.', 16384)
 2 VENDORPATH/fakerphp/faker/src/Faker/Generator.php(962): trigger_deprecation('fakerphp/faker', '1.14', 'Accessing property "%s" is deprecated, use "%s()" instead.', 'phoneNumber', 'phoneNumber')
 3 APPPATH/Database/Seeds/ClientSeeder.php(26): Faker\Generator->__get('phoneNumber')
 4 SYSTEMPATH/Database/Seeder.php(155): App\Database\Seeds\ClientSeeder->run()
 5 APPPATH/Database/Seeds/MouvementSeeder.php(25): CodeIgniter\Database\Seeder->call('App\\Database\\Seeds\\ClientSeeder')
 6 SYSTEMPATH/Database/Seeder.php(155): App\Database\Seeds\MouvementSeeder->run()
 7 SYSTEMPATH/Commands/Database/Seed.php(79): CodeIgniter\Database\Seeder->call('App\\Database\\Seeds\\MouvementSeeder')
 8 SYSTEMPATH/CLI/Commands.php(72): CodeIgniter\Commands\Database\Seed->run([])
 9 SYSTEMPATH/CLI/Console.php(47): CodeIgniter\CLI\Commands->run('db:seed', [...])
10 SYSTEMPATH/Boot.php(444): CodeIgniter\CLI\Console->run()
11 SYSTEMPATH/Boot.php(166): CodeIgniter\Boot::runCommand(Object(CodeIgniter\CLI\Console))
12 ROOTPATH/spark(87): CodeIgniter\Boot::bootSpark(Object(Config\Paths))
WARNING - 2026-08-30 04:46:43 --> [DEPRECATED] Since fakerphp/faker 1.14: Accessing property "address" is deprecated, use "address()" instead. in VENDORPATH/symfony/deprecation-contracts/function.php on line 25.
 1 VENDORPATH/symfony/deprecation-contracts/function.php(25): trigger_error('Since fakerphp/faker 1.14: Accessing property "address" is deprecated, use "address()" instead.', 16384)
 2 VENDORPATH/fakerphp/faker/src/Faker/Generator.php(962): trigger_deprecation('fakerphp/faker', '1.14', 'Accessing property "%s" is deprecated, use "%s()" instead.', 'address', 'address')
 3 APPPATH/Database/Seeds/ClientSeeder.php(27): Faker\Generator->__get('address')
 4 SYSTEMPATH/Database/Seeder.php(155): App\Database\Seeds\ClientSeeder->run()
 5 APPPATH/Database/Seeds/MouvementSeeder.php(25): CodeIgniter\Database\Seeder->call('App\\Database\\Seeds\\ClientSeeder')
 6 SYSTEMPATH/Database/Seeder.php(155): App\Database\Seeds\MouvementSeeder->run()
 7 SYSTEMPATH/Commands/Database/Seed.php(79): CodeIgniter\Database\Seeder->call('App\\Database\\Seeds\\MouvementSeeder')
 8 SYSTEMPATH/CLI/Commands.php(72): CodeIgniter\Commands\Database\Seed->run([])
 9 SYSTEMPATH/CLI/Console.php(47): CodeIgniter\CLI\Commands->run('db:seed', [...])
10 SYSTEMPATH/Boot.php(444): CodeIgniter\CLI\Console->run()
11 SYSTEMPATH/Boot.php(166): CodeIgniter\Boot::runCommand(Object(CodeIgniter\CLI\Console))
12 ROOTPATH/spark(87): CodeIgniter\Boot::bootSpark(Object(Config\Paths))
WARNING - 2026-08-30 04:46:43 --> [DEPRECATED] Since fakerphp/faker 1.14: Accessing property "company" is deprecated, use "company()" instead. in VENDORPATH/symfony/deprecation-contracts/function.php on line 25.
 1 VENDORPATH/symfony/deprecation-contracts/function.php(25): trigger_error('Since fakerphp/faker 1.14: Accessing property "company" is deprecated, use "company()" instead.', 16384)
 2 VENDORPATH/fakerphp/faker/src/Faker/Generator.php(962): trigger_deprecation('fakerphp/faker', '1.14', 'Accessing property "%s" is deprecated, use "%s()" instead.', 'company', 'company')
 3 APPPATH/Database/Seeds/ClientSeeder.php(18): Faker\Generator->__get('company')
 4 SYSTEMPATH/Database/Seeder.php(155): App\Database\Seeds\ClientSeeder->run()
 5 APPPATH/Database/Seeds/MouvementSeeder.php(25): CodeIgniter\Database\Seeder->call('App\\Database\\Seeds\\ClientSeeder')
 6 SYSTEMPATH/Database/Seeder.php(155): App\Database\Seeds\MouvementSeeder->run()
 7 SYSTEMPATH/Commands/Database/Seed.php(79): CodeIgniter\Database\Seeder->call('App\\Database\\Seeds\\MouvementSeeder')
 8 SYSTEMPATH/CLI/Commands.php(72): CodeIgniter\Commands\Database\Seed->run([])
 9 SYSTEMPATH/CLI/Console.php(47): CodeIgniter\CLI\Commands->run('db:seed', [...])
10 SYSTEMPATH/Boot.php(444): CodeIgniter\CLI\Console->run()
11 SYSTEMPATH/Boot.php(166): CodeIgniter\Boot::runCommand(Object(CodeIgniter\CLI\Console))
12 ROOTPATH/spark(87): CodeIgniter\Boot::bootSpark(Object(Config\Paths))
WARNING - 2026-08-30 04:46:43 --> [DEPRECATED] Since fakerphp/faker 1.14: Accessing property "phoneNumber" is deprecated, use "phoneNumber()" instead. in VENDORPATH/symfony/deprecation-contracts/function.php on line 25.
 1 VENDORPATH/symfony/deprecation-contracts/function.php(25): trigger_error('Since fakerphp/faker 1.14: Accessing property "phoneNumber" is deprecated, use "phoneNumber()" instead.', 16384)
 2 VENDORPATH/fakerphp/faker/src/Faker/Generator.php(962): trigger_deprecation('fakerphp/faker', '1.14', 'Accessing property "%s" is deprecated, use "%s()" instead.', 'phoneNumber', 'phoneNumber')
 3 APPPATH/Database/Seeds/ClientSeeder.php(26): Faker\Generator->__get('phoneNumber')
 4 SYSTEMPATH/Database/Seeder.php(155): App\Database\Seeds\ClientSeeder->run()
 5 APPPATH/Database/Seeds/MouvementSeeder.php(25): CodeIgniter\Database\Seeder->call('App\\Database\\Seeds\\ClientSeeder')
 6 SYSTEMPATH/Database/Seeder.php(155): App\Database\Seeds\MouvementSeeder->run()
 7 SYSTEMPATH/Commands/Database/Seed.php(79): CodeIgniter\Database\Seeder->call('App\\Database\\Seeds\\MouvementSeeder')
 8 SYSTEMPATH/CLI/Commands.php(72): CodeIgniter\Commands\Database\Seed->run([])
 9 SYSTEMPATH/CLI/Console.php(47): CodeIgniter\CLI\Commands->run('db:seed', [...])
10 SYSTEMPATH/Boot.php(444): CodeIgniter\CLI\Console->run()
11 SYSTEMPATH/Boot.php(166): CodeIgniter\Boot::runCommand(Object(CodeIgniter\CLI\Console))
12 ROOTPATH/spark(87): CodeIgniter\Boot::bootSpark(Object(Config\Paths))
WARNING - 2026-08-30 04:46:43 --> [DEPRECATED] Since fakerphp/faker 1.14: Accessing property "address" is deprecated, use "address()" instead. in VENDORPATH/symfony/deprecation-contracts/function.php on line 25.
 1 VENDORPATH/symfony/deprecation-contracts/function.php(25): trigger_error('Since fakerphp/faker 1.14: Accessing property "address" is deprecated, use "address()" instead.', 16384)
 2 VENDORPATH/fakerphp/faker/src/Faker/Generator.php(962): trigger_deprecation('fakerphp/faker', '1.14', 'Accessing property "%s" is deprecated, use "%s()" instead.', 'address', 'address')
 3 APPPATH/Database/Seeds/ClientSeeder.php(27): Faker\Generator->__get('address')
 4 SYSTEMPATH/Database/Seeder.php(155): App\Database\Seeds\ClientSeeder->run()
 5 APPPATH/Database/Seeds/MouvementSeeder.php(25): CodeIgniter\Database\Seeder->call('App\\Database\\Seeds\\ClientSeeder')
 6 SYSTEMPATH/Database/Seeder.php(155): App\Database\Seeds\MouvementSeeder->run()
 7 SYSTEMPATH/Commands/Database/Seed.php(79): CodeIgniter\Database\Seeder->call('App\\Database\\Seeds\\MouvementSeeder')
 8 SYSTEMPATH/CLI/Commands.php(72): CodeIgniter\Commands\Database\Seed->run([])
 9 SYSTEMPATH/CLI/Console.php(47): CodeIgniter\CLI\Commands->run('db:seed', [...])
10 SYSTEMPATH/Boot.php(444): CodeIgniter\CLI\Console->run()
11 SYSTEMPATH/Boot.php(166): CodeIgniter\Boot::runCommand(Object(CodeIgniter\CLI\Console))
12 ROOTPATH/spark(87): CodeIgniter\Boot::bootSpark(Object(Config\Paths))
WARNING - 2026-08-30 04:46:43 --> [DEPRECATED] Since fakerphp/faker 1.14: Accessing property "company" is deprecated, use "company()" instead. in VENDORPATH/symfony/deprecation-contracts/function.php on line 25.
 1 VENDORPATH/symfony/deprecation-contracts/function.php(25): trigger_error('Since fakerphp/faker 1.14: Accessing property "company" is deprecated, use "company()" instead.', 16384)
 2 VENDORPATH/fakerphp/faker/src/Faker/Generator.php(962): trigger_deprecation('fakerphp/faker', '1.14', 'Accessing property "%s" is deprecated, use "%s()" instead.', 'company', 'company')
 3 APPPATH/Database/Seeds/ClientSeeder.php(18): Faker\Generator->__get('company')
 4 SYSTEMPATH/Database/Seeder.php(155): App\Database\Seeds\ClientSeeder->run()
 5 APPPATH/Database/Seeds/MouvementSeeder.php(25): CodeIgniter\Database\Seeder->call('App\\Database\\Seeds\\ClientSeeder')
 6 SYSTEMPATH/Database/Seeder.php(155): App\Database\Seeds\MouvementSeeder->run()
 7 SYSTEMPATH/Commands/Database/Seed.php(79): CodeIgniter\Database\Seeder->call('App\\Database\\Seeds\\MouvementSeeder')
 8 SYSTEMPATH/CLI/Commands.php(72): CodeIgniter\Commands\Database\Seed->run([])
 9 SYSTEMPATH/CLI/Console.php(47): CodeIgniter\CLI\Commands->run('db:seed', [...])
10 SYSTEMPATH/Boot.php(444): CodeIgniter\CLI\Console->run()
11 SYSTEMPATH/Boot.php(166): CodeIgniter\Boot::runCommand(Object(CodeIgniter\CLI\Console))
12 ROOTPATH/spark(87): CodeIgniter\Boot::bootSpark(Object(Config\Paths))
WARNING - 2026-08-30 04:46:43 --> [DEPRECATED] Since fakerphp/faker 1.14: Accessing property "name" is deprecated, use "name()" instead. in VENDORPATH/symfony/deprecation-contracts/function.php on line 25.
 1 VENDORPATH/symfony/deprecation-contracts/function.php(25): trigger_error('Since fakerphp/faker 1.14: Accessing property "name" is deprecated, use "name()" instead.', 16384)
 2 VENDORPATH/fakerphp/faker/src/Faker/Generator.php(962): trigger_deprecation('fakerphp/faker', '1.14', 'Accessing property "%s" is deprecated, use "%s()" instead.', 'name', 'name')
 3 APPPATH/Database/Seeds/ClientSeeder.php(21): Faker\Generator->__get('name')
 4 SYSTEMPATH/Database/Seeder.php(155): App\Database\Seeds\ClientSeeder->run()
 5 APPPATH/Database/Seeds/MouvementSeeder.php(25): CodeIgniter\Database\Seeder->call('App\\Database\\Seeds\\ClientSeeder')
 6 SYSTEMPATH/Database/Seeder.php(155): App\Database\Seeds\MouvementSeeder->run()
 7 SYSTEMPATH/Commands/Database/Seed.php(79): CodeIgniter\Database\Seeder->call('App\\Database\\Seeds\\MouvementSeeder')
 8 SYSTEMPATH/CLI/Commands.php(72): CodeIgniter\Commands\Database\Seed->run([])
 9 SYSTEMPATH/CLI/Console.php(47): CodeIgniter\CLI\Commands->run('db:seed', [...])
10 SYSTEMPATH/Boot.php(444): CodeIgniter\CLI\Console->run()
11 SYSTEMPATH/Boot.php(166): CodeIgniter\Boot::runCommand(Object(CodeIgniter\CLI\Console))
12 ROOTPATH/spark(87): CodeIgniter\Boot::bootSpark(Object(Config\Paths))
WARNING - 2026-08-30 04:46:43 --> [DEPRECATED] Since fakerphp/faker 1.14: Accessing property "phoneNumber" is deprecated, use "phoneNumber()" instead. in VENDORPATH/symfony/deprecation-contracts/function.php on line 25.
 1 VENDORPATH/symfony/deprecation-contracts/function.php(25): trigger_error('Since fakerphp/faker 1.14: Accessing property "phoneNumber" is deprecated, use "phoneNumber()" instead.', 16384)
 2 VENDORPATH/fakerphp/faker/src/Faker/Generator.php(962): trigger_deprecation('fakerphp/faker', '1.14', 'Accessing property "%s" is deprecated, use "%s()" instead.', 'phoneNumber', 'phoneNumber')
 3 APPPATH/Database/Seeds/ClientSeeder.php(26): Faker\Generator->__get('phoneNumber')
 4 SYSTEMPATH/Database/Seeder.php(155): App\Database\Seeds\ClientSeeder->run()
 5 APPPATH/Database/Seeds/MouvementSeeder.php(25): CodeIgniter\Database\Seeder->call('App\\Database\\Seeds\\ClientSeeder')
 6 SYSTEMPATH/Database/Seeder.php(155): App\Database\Seeds\MouvementSeeder->run()
 7 SYSTEMPATH/Commands/Database/Seed.php(79): CodeIgniter\Database\Seeder->call('App\\Database\\Seeds\\MouvementSeeder')
 8 SYSTEMPATH/CLI/Commands.php(72): CodeIgniter\Commands\Database\Seed->run([])
 9 SYSTEMPATH/CLI/Console.php(47): CodeIgniter\CLI\Commands->run('db:seed', [...])
10 SYSTEMPATH/Boot.php(444): CodeIgniter\CLI\Console->run()
11 SYSTEMPATH/Boot.php(166): CodeIgniter\Boot::runCommand(Object(CodeIgniter\CLI\Console))
12 ROOTPATH/spark(87): CodeIgniter\Boot::bootSpark(Object(Config\Paths))
WARNING - 2026-08-30 04:46:43 --> [DEPRECATED] Since fakerphp/faker 1.14: Accessing property "address" is deprecated, use "address()" instead. in VENDORPATH/symfony/deprecation-contracts/function.php on line 25.
 1 VENDORPATH/symfony/deprecation-contracts/function.php(25): trigger_error('Since fakerphp/faker 1.14: Accessing property "address" is deprecated, use "address()" instead.', 16384)
 2 VENDORPATH/fakerphp/faker/src/Faker/Generator.php(962): trigger_deprecation('fakerphp/faker', '1.14', 'Accessing property "%s" is deprecated, use "%s()" instead.', 'address', 'address')
 3 APPPATH/Database/Seeds/ClientSeeder.php(27): Faker\Generator->__get('address')
 4 SYSTEMPATH/Database/Seeder.php(155): App\Database\Seeds\ClientSeeder->run()
 5 APPPATH/Database/Seeds/MouvementSeeder.php(25): CodeIgniter\Database\Seeder->call('App\\Database\\Seeds\\ClientSeeder')
 6 SYSTEMPATH/Database/Seeder.php(155): App\Database\Seeds\MouvementSeeder->run()
 7 SYSTEMPATH/Commands/Database/Seed.php(79): CodeIgniter\Database\Seeder->call('App\\Database\\Seeds\\MouvementSeeder')
 8 SYSTEMPATH/CLI/Commands.php(72): CodeIgniter\Commands\Database\Seed->run([])
 9 SYSTEMPATH/CLI/Console.php(47): CodeIgniter\CLI\Commands->run('db:seed', [...])
10 SYSTEMPATH/Boot.php(444): CodeIgniter\CLI\Console->run()
11 SYSTEMPATH/Boot.php(166): CodeIgniter\Boot::runCommand(Object(CodeIgniter\CLI\Console))
12 ROOTPATH/spark(87): CodeIgniter\Boot::bootSpark(Object(Config\Paths))
WARNING - 2026-08-30 04:46:43 --> [DEPRECATED] Since fakerphp/faker 1.14: Accessing property "company" is deprecated, use "company()" instead. in VENDORPATH/symfony/deprecation-contracts/function.php on line 25.
 1 VENDORPATH/symfony/deprecation-contracts/function.php(25): trigger_error('Since fakerphp/faker 1.14: Accessing property "company" is deprecated, use "company()" instead.', 16384)
 2 VENDORPATH/fakerphp/faker/src/Faker/Generator.php(962): trigger_deprecation('fakerphp/faker', '1.14', 'Accessing property "%s" is deprecated, use "%s()" instead.', 'company', 'company')
 3 APPPATH/Database/Seeds/ClientSeeder.php(18): Faker\Generator->__get('company')
 4 SYSTEMPATH/Database/Seeder.php(155): App\Database\Seeds\ClientSeeder->run()
 5 APPPATH/Database/Seeds/MouvementSeeder.php(25): CodeIgniter\Database\Seeder->call('App\\Database\\Seeds\\ClientSeeder')
 6 SYSTEMPATH/Database/Seeder.php(155): App\Database\Seeds\MouvementSeeder->run()
 7 SYSTEMPATH/Commands/Database/Seed.php(79): CodeIgniter\Database\Seeder->call('App\\Database\\Seeds\\MouvementSeeder')
 8 SYSTEMPATH/CLI/Commands.php(72): CodeIgniter\Commands\Database\Seed->run([])
 9 SYSTEMPATH/CLI/Console.php(47): CodeIgniter\CLI\Commands->run('db:seed', [...])
10 SYSTEMPATH/Boot.php(444): CodeIgniter\CLI\Console->run()
11 SYSTEMPATH/Boot.php(166): CodeIgniter\Boot::runCommand(Object(CodeIgniter\CLI\Console))
12 ROOTPATH/spark(87): CodeIgniter\Boot::bootSpark(Object(Config\Paths))
WARNING - 2026-08-30 04:46:43 --> [DEPRECATED] Since fakerphp/faker 1.14: Accessing property "phoneNumber" is deprecated, use "phoneNumber()" instead. in VENDORPATH/symfony/deprecation-contracts/function.php on line 25.
 1 VENDORPATH/symfony/deprecation-contracts/function.php(25): trigger_error('Since fakerphp/faker 1.14: Accessing property "phoneNumber" is deprecated, use "phoneNumber()" instead.', 16384)
 2 VENDORPATH/fakerphp/faker/src/Faker/Generator.php(962): trigger_deprecation('fakerphp/faker', '1.14', 'Accessing property "%s" is deprecated, use "%s()" instead.', 'phoneNumber', 'phoneNumber')
 3 APPPATH/Database/Seeds/ClientSeeder.php(26): Faker\Generator->__get('phoneNumber')
 4 SYSTEMPATH/Database/Seeder.php(155): App\Database\Seeds\ClientSeeder->run()
 5 APPPATH/Database/Seeds/MouvementSeeder.php(25): CodeIgniter\Database\Seeder->call('App\\Database\\Seeds\\ClientSeeder')
 6 SYSTEMPATH/Database/Seeder.php(155): App\Database\Seeds\MouvementSeeder->run()
 7 SYSTEMPATH/Commands/Database/Seed.php(79): CodeIgniter\Database\Seeder->call('App\\Database\\Seeds\\MouvementSeeder')
 8 SYSTEMPATH/CLI/Commands.php(72): CodeIgniter\Commands\Database\Seed->run([])
 9 SYSTEMPATH/CLI/Console.php(47): CodeIgniter\CLI\Commands->run('db:seed', [...])
10 SYSTEMPATH/Boot.php(444): CodeIgniter\CLI\Console->run()
11 SYSTEMPATH/Boot.php(166): CodeIgniter\Boot::runCommand(Object(CodeIgniter\CLI\Console))
12 ROOTPATH/spark(87): CodeIgniter\Boot::bootSpark(Object(Config\Paths))
WARNING - 2026-08-30 04:46:43 --> [DEPRECATED] Since fakerphp/faker 1.14: Accessing property "address" is deprecated, use "address()" instead. in VENDORPATH/symfony/deprecation-contracts/function.php on line 25.
 1 VENDORPATH/symfony/deprecation-contracts/function.php(25): trigger_error('Since fakerphp/faker 1.14: Accessing property "address" is deprecated, use "address()" instead.', 16384)
 2 VENDORPATH/fakerphp/faker/src/Faker/Generator.php(962): trigger_deprecation('fakerphp/faker', '1.14', 'Accessing property "%s" is deprecated, use "%s()" instead.', 'address', 'address')
 3 APPPATH/Database/Seeds/ClientSeeder.php(27): Faker\Generator->__get('address')
 4 SYSTEMPATH/Database/Seeder.php(155): App\Database\Seeds\ClientSeeder->run()
 5 APPPATH/Database/Seeds/MouvementSeeder.php(25): CodeIgniter\Database\Seeder->call('App\\Database\\Seeds\\ClientSeeder')
 6 SYSTEMPATH/Database/Seeder.php(155): App\Database\Seeds\MouvementSeeder->run()
 7 SYSTEMPATH/Commands/Database/Seed.php(79): CodeIgniter\Database\Seeder->call('App\\Database\\Seeds\\MouvementSeeder')
 8 SYSTEMPATH/CLI/Commands.php(72): CodeIgniter\Commands\Database\Seed->run([])
 9 SYSTEMPATH/CLI/Console.php(47): CodeIgniter\CLI\Commands->run('db:seed', [...])
10 SYSTEMPATH/Boot.php(444): CodeIgniter\CLI\Console->run()
11 SYSTEMPATH/Boot.php(166): CodeIgniter\Boot::runCommand(Object(CodeIgniter\CLI\Console))
12 ROOTPATH/spark(87): CodeIgniter\Boot::bootSpark(Object(Config\Paths))
WARNING - 2026-08-30 04:46:43 --> [DEPRECATED] Since fakerphp/faker 1.14: Accessing property "company" is deprecated, use "company()" instead. in VENDORPATH/symfony/deprecation-contracts/function.php on line 25.
 1 VENDORPATH/symfony/deprecation-contracts/function.php(25): trigger_error('Since fakerphp/faker 1.14: Accessing property "company" is deprecated, use "company()" instead.', 16384)
 2 VENDORPATH/fakerphp/faker/src/Faker/Generator.php(962): trigger_deprecation('fakerphp/faker', '1.14', 'Accessing property "%s" is deprecated, use "%s()" instead.', 'company', 'company')
 3 APPPATH/Database/Seeds/ClientSeeder.php(18): Faker\Generator->__get('company')
 4 SYSTEMPATH/Database/Seeder.php(155): App\Database\Seeds\ClientSeeder->run()
 5 APPPATH/Database/Seeds/MouvementSeeder.php(25): CodeIgniter\Database\Seeder->call('App\\Database\\Seeds\\ClientSeeder')
 6 SYSTEMPATH/Database/Seeder.php(155): App\Database\Seeds\MouvementSeeder->run()
 7 SYSTEMPATH/Commands/Database/Seed.php(79): CodeIgniter\Database\Seeder->call('App\\Database\\Seeds\\MouvementSeeder')
 8 SYSTEMPATH/CLI/Commands.php(72): CodeIgniter\Commands\Database\Seed->run([])
 9 SYSTEMPATH/CLI/Console.php(47): CodeIgniter\CLI\Commands->run('db:seed', [...])
10 SYSTEMPATH/Boot.php(444): CodeIgniter\CLI\Console->run()
11 SYSTEMPATH/Boot.php(166): CodeIgniter\Boot::runCommand(Object(CodeIgniter\CLI\Console))
12 ROOTPATH/spark(87): CodeIgniter\Boot::bootSpark(Object(Config\Paths))
WARNING - 2026-08-30 04:46:43 --> [DEPRECATED] Since fakerphp/faker 1.14: Accessing property "phoneNumber" is deprecated, use "phoneNumber()" instead. in VENDORPATH/symfony/deprecation-contracts/function.php on line 25.
 1 VENDORPATH/symfony/deprecation-contracts/function.php(25): trigger_error('Since fakerphp/faker 1.14: Accessing property "phoneNumber" is deprecated, use "phoneNumber()" instead.', 16384)
 2 VENDORPATH/fakerphp/faker/src/Faker/Generator.php(962): trigger_deprecation('fakerphp/faker', '1.14', 'Accessing property "%s" is deprecated, use "%s()" instead.', 'phoneNumber', 'phoneNumber')
 3 APPPATH/Database/Seeds/ClientSeeder.php(26): Faker\Generator->__get('phoneNumber')
 4 SYSTEMPATH/Database/Seeder.php(155): App\Database\Seeds\ClientSeeder->run()
 5 APPPATH/Database/Seeds/MouvementSeeder.php(25): CodeIgniter\Database\Seeder->call('App\\Database\\Seeds\\ClientSeeder')
 6 SYSTEMPATH/Database/Seeder.php(155): App\Database\Seeds\MouvementSeeder->run()
 7 SYSTEMPATH/Commands/Database/Seed.php(79): CodeIgniter\Database\Seeder->call('App\\Database\\Seeds\\MouvementSeeder')
 8 SYSTEMPATH/CLI/Commands.php(72): CodeIgniter\Commands\Database\Seed->run([])
 9 SYSTEMPATH/CLI/Console.php(47): CodeIgniter\CLI\Commands->run('db:seed', [...])
10 SYSTEMPATH/Boot.php(444): CodeIgniter\CLI\Console->run()
11 SYSTEMPATH/Boot.php(166): CodeIgniter\Boot::runCommand(Object(CodeIgniter\CLI\Console))
12 ROOTPATH/spark(87): CodeIgniter\Boot::bootSpark(Object(Config\Paths))
WARNING - 2026-08-30 04:46:43 --> [DEPRECATED] Since fakerphp/faker 1.14: Accessing property "address" is deprecated, use "address()" instead. in VENDORPATH/symfony/deprecation-contracts/function.php on line 25.
 1 VENDORPATH/symfony/deprecation-contracts/function.php(25): trigger_error('Since fakerphp/faker 1.14: Accessing property "address" is deprecated, use "address()" instead.', 16384)
 2 VENDORPATH/fakerphp/faker/src/Faker/Generator.php(962): trigger_deprecation('fakerphp/faker', '1.14', 'Accessing property "%s" is deprecated, use "%s()" instead.', 'address', 'address')
 3 APPPATH/Database/Seeds/ClientSeeder.php(27): Faker\Generator->__get('address')
 4 SYSTEMPATH/Database/Seeder.php(155): App\Database\Seeds\ClientSeeder->run()
 5 APPPATH/Database/Seeds/MouvementSeeder.php(25): CodeIgniter\Database\Seeder->call('App\\Database\\Seeds\\ClientSeeder')
 6 SYSTEMPATH/Database/Seeder.php(155): App\Database\Seeds\MouvementSeeder->run()
 7 SYSTEMPATH/Commands/Database/Seed.php(79): CodeIgniter\Database\Seeder->call('App\\Database\\Seeds\\MouvementSeeder')
 8 SYSTEMPATH/CLI/Commands.php(72): CodeIgniter\Commands\Database\Seed->run([])
 9 SYSTEMPATH/CLI/Console.php(47): CodeIgniter\CLI\Commands->run('db:seed', [...])
10 SYSTEMPATH/Boot.php(444): CodeIgniter\CLI\Console->run()
11 SYSTEMPATH/Boot.php(166): CodeIgniter\Boot::runCommand(Object(CodeIgniter\CLI\Console))
12 ROOTPATH/spark(87): CodeIgniter\Boot::bootSpark(Object(Config\Paths))
WARNING - 2026-08-30 04:46:43 --> [DEPRECATED] Since fakerphp/faker 1.14: Accessing property "company" is deprecated, use "company()" instead. in VENDORPATH/symfony/deprecation-contracts/function.php on line 25.
 1 VENDORPATH/symfony/deprecation-contracts/function.php(25): trigger_error('Since fakerphp/faker 1.14: Accessing property "company" is deprecated, use "company()" instead.', 16384)
 2 VENDORPATH/fakerphp/faker/src/Faker/Generator.php(962): trigger_deprecation('fakerphp/faker', '1.14', 'Accessing property "%s" is deprecated, use "%s()" instead.', 'company', 'company')
 3 APPPATH/Database/Seeds/ClientSeeder.php(18): Faker\Generator->__get('company')
 4 SYSTEMPATH/Database/Seeder.php(155): App\Database\Seeds\ClientSeeder->run()
 5 APPPATH/Database/Seeds/MouvementSeeder.php(25): CodeIgniter\Database\Seeder->call('App\\Database\\Seeds\\ClientSeeder')
 6 SYSTEMPATH/Database/Seeder.php(155): App\Database\Seeds\MouvementSeeder->run()
 7 SYSTEMPATH/Commands/Database/Seed.php(79): CodeIgniter\Database\Seeder->call('App\\Database\\Seeds\\MouvementSeeder')
 8 SYSTEMPATH/CLI/Commands.php(72): CodeIgniter\Commands\Database\Seed->run([])
 9 SYSTEMPATH/CLI/Console.php(47): CodeIgniter\CLI\Commands->run('db:seed', [...])
10 SYSTEMPATH/Boot.php(444): CodeIgniter\CLI\Console->run()
11 SYSTEMPATH/Boot.php(166): CodeIgniter\Boot::runCommand(Object(CodeIgniter\CLI\Console))
12 ROOTPATH/spark(87): CodeIgniter\Boot::bootSpark(Object(Config\Paths))
WARNING - 2026-08-30 04:46:43 --> [DEPRECATED] Since fakerphp/faker 1.14: Accessing property "name" is deprecated, use "name()" instead. in VENDORPATH/symfony/deprecation-contracts/function.php on line 25.
 1 VENDORPATH/symfony/deprecation-contracts/function.php(25): trigger_error('Since fakerphp/faker 1.14: Accessing property "name" is deprecated, use "name()" instead.', 16384)
 2 VENDORPATH/fakerphp/faker/src/Faker/Generator.php(962): trigger_deprecation('fakerphp/faker', '1.14', 'Accessing property "%s" is deprecated, use "%s()" instead.', 'name', 'name')
 3 APPPATH/Database/Seeds/ClientSeeder.php(21): Faker\Generator->__get('name')
 4 SYSTEMPATH/Database/Seeder.php(155): App\Database\Seeds\ClientSeeder->run()
 5 APPPATH/Database/Seeds/MouvementSeeder.php(25): CodeIgniter\Database\Seeder->call('App\\Database\\Seeds\\ClientSeeder')
 6 SYSTEMPATH/Database/Seeder.php(155): App\Database\Seeds\MouvementSeeder->run()
 7 SYSTEMPATH/Commands/Database/Seed.php(79): CodeIgniter\Database\Seeder->call('App\\Database\\Seeds\\MouvementSeeder')
 8 SYSTEMPATH/CLI/Commands.php(72): CodeIgniter\Commands\Database\Seed->run([])
 9 SYSTEMPATH/CLI/Console.php(47): CodeIgniter\CLI\Commands->run('db:seed', [...])
10 SYSTEMPATH/Boot.php(444): CodeIgniter\CLI\Console->run()
11 SYSTEMPATH/Boot.php(166): CodeIgniter\Boot::runCommand(Object(CodeIgniter\CLI\Console))
12 ROOTPATH/spark(87): CodeIgniter\Boot::bootSpark(Object(Config\Paths))
WARNING - 2026-08-30 04:46:43 --> [DEPRECATED] Since fakerphp/faker 1.14: Accessing property "phoneNumber" is deprecated, use "phoneNumber()" instead. in VENDORPATH/symfony/deprecation-contracts/function.php on line 25.
 1 VENDORPATH/symfony/deprecation-contracts/function.php(25): trigger_error('Since fakerphp/faker 1.14: Accessing property "phoneNumber" is deprecated, use "phoneNumber()" instead.', 16384)
 2 VENDORPATH/fakerphp/faker/src/Faker/Generator.php(962): trigger_deprecation('fakerphp/faker', '1.14', 'Accessing property "%s" is deprecated, use "%s()" instead.', 'phoneNumber', 'phoneNumber')
 3 APPPATH/Database/Seeds/ClientSeeder.php(26): Faker\Generator->__get('phoneNumber')
 4 SYSTEMPATH/Database/Seeder.php(155): App\Database\Seeds\ClientSeeder->run()
 5 APPPATH/Database/Seeds/MouvementSeeder.php(25): CodeIgniter\Database\Seeder->call('App\\Database\\Seeds\\ClientSeeder')
 6 SYSTEMPATH/Database/Seeder.php(155): App\Database\Seeds\MouvementSeeder->run()
 7 SYSTEMPATH/Commands/Database/Seed.php(79): CodeIgniter\Database\Seeder->call('App\\Database\\Seeds\\MouvementSeeder')
 8 SYSTEMPATH/CLI/Commands.php(72): CodeIgniter\Commands\Database\Seed->run([])
 9 SYSTEMPATH/CLI/Console.php(47): CodeIgniter\CLI\Commands->run('db:seed', [...])
10 SYSTEMPATH/Boot.php(444): CodeIgniter\CLI\Console->run()
11 SYSTEMPATH/Boot.php(166): CodeIgniter\Boot::runCommand(Object(CodeIgniter\CLI\Console))
12 ROOTPATH/spark(87): CodeIgniter\Boot::bootSpark(Object(Config\Paths))
WARNING - 2026-08-30 04:46:43 --> [DEPRECATED] Since fakerphp/faker 1.14: Accessing property "address" is deprecated, use "address()" instead. in VENDORPATH/symfony/deprecation-contracts/function.php on line 25.
 1 VENDORPATH/symfony/deprecation-contracts/function.php(25): trigger_error('Since fakerphp/faker 1.14: Accessing property "address" is deprecated, use "address()" instead.', 16384)
 2 VENDORPATH/fakerphp/faker/src/Faker/Generator.php(962): trigger_deprecation('fakerphp/faker', '1.14', 'Accessing property "%s" is deprecated, use "%s()" instead.', 'address', 'address')
 3 APPPATH/Database/Seeds/ClientSeeder.php(27): Faker\Generator->__get('address')
 4 SYSTEMPATH/Database/Seeder.php(155): App\Database\Seeds\ClientSeeder->run()
 5 APPPATH/Database/Seeds/MouvementSeeder.php(25): CodeIgniter\Database\Seeder->call('App\\Database\\Seeds\\ClientSeeder')
 6 SYSTEMPATH/Database/Seeder.php(155): App\Database\Seeds\MouvementSeeder->run()
 7 SYSTEMPATH/Commands/Database/Seed.php(79): CodeIgniter\Database\Seeder->call('App\\Database\\Seeds\\MouvementSeeder')
 8 SYSTEMPATH/CLI/Commands.php(72): CodeIgniter\Commands\Database\Seed->run([])
 9 SYSTEMPATH/CLI/Console.php(47): CodeIgniter\CLI\Commands->run('db:seed', [...])
10 SYSTEMPATH/Boot.php(444): CodeIgniter\CLI\Console->run()
11 SYSTEMPATH/Boot.php(166): CodeIgniter\Boot::runCommand(Object(CodeIgniter\CLI\Console))
12 ROOTPATH/spark(87): CodeIgniter\Boot::bootSpark(Object(Config\Paths))
WARNING - 2026-08-30 04:46:43 --> [DEPRECATED] Since fakerphp/faker 1.14: Accessing property "company" is deprecated, use "company()" instead. in VENDORPATH/symfony/deprecation-contracts/function.php on line 25.
 1 VENDORPATH/symfony/deprecation-contracts/function.php(25): trigger_error('Since fakerphp/faker 1.14: Accessing property "company" is deprecated, use "company()" instead.', 16384)
 2 VENDORPATH/fakerphp/faker/src/Faker/Generator.php(962): trigger_deprecation('fakerphp/faker', '1.14', 'Accessing property "%s" is deprecated, use "%s()" instead.', 'company', 'company')
 3 APPPATH/Database/Seeds/ClientSeeder.php(18): Faker\Generator->__get('company')
 4 SYSTEMPATH/Database/Seeder.php(155): App\Database\Seeds\ClientSeeder->run()
 5 APPPATH/Database/Seeds/MouvementSeeder.php(25): CodeIgniter\Database\Seeder->call('App\\Database\\Seeds\\ClientSeeder')
 6 SYSTEMPATH/Database/Seeder.php(155): App\Database\Seeds\MouvementSeeder->run()
 7 SYSTEMPATH/Commands/Database/Seed.php(79): CodeIgniter\Database\Seeder->call('App\\Database\\Seeds\\MouvementSeeder')
 8 SYSTEMPATH/CLI/Commands.php(72): CodeIgniter\Commands\Database\Seed->run([])
 9 SYSTEMPATH/CLI/Console.php(47): CodeIgniter\CLI\Commands->run('db:seed', [...])
10 SYSTEMPATH/Boot.php(444): CodeIgniter\CLI\Console->run()
11 SYSTEMPATH/Boot.php(166): CodeIgniter\Boot::runCommand(Object(CodeIgniter\CLI\Console))
12 ROOTPATH/spark(87): CodeIgniter\Boot::bootSpark(Object(Config\Paths))
WARNING - 2026-08-30 04:46:43 --> [DEPRECATED] Since fakerphp/faker 1.14: Accessing property "phoneNumber" is deprecated, use "phoneNumber()" instead. in VENDORPATH/symfony/deprecation-contracts/function.php on line 25.
 1 VENDORPATH/symfony/deprecation-contracts/function.php(25): trigger_error('Since fakerphp/faker 1.14: Accessing property "phoneNumber" is deprecated, use "phoneNumber()" instead.', 16384)
 2 VENDORPATH/fakerphp/faker/src/Faker/Generator.php(962): trigger_deprecation('fakerphp/faker', '1.14', 'Accessing property "%s" is deprecated, use "%s()" instead.', 'phoneNumber', 'phoneNumber')
 3 APPPATH/Database/Seeds/ClientSeeder.php(26): Faker\Generator->__get('phoneNumber')
 4 SYSTEMPATH/Database/Seeder.php(155): App\Database\Seeds\ClientSeeder->run()
 5 APPPATH/Database/Seeds/MouvementSeeder.php(25): CodeIgniter\Database\Seeder->call('App\\Database\\Seeds\\ClientSeeder')
 6 SYSTEMPATH/Database/Seeder.php(155): App\Database\Seeds\MouvementSeeder->run()
 7 SYSTEMPATH/Commands/Database/Seed.php(79): CodeIgniter\Database\Seeder->call('App\\Database\\Seeds\\MouvementSeeder')
 8 SYSTEMPATH/CLI/Commands.php(72): CodeIgniter\Commands\Database\Seed->run([])
 9 SYSTEMPATH/CLI/Console.php(47): CodeIgniter\CLI\Commands->run('db:seed', [...])
10 SYSTEMPATH/Boot.php(444): CodeIgniter\CLI\Console->run()
11 SYSTEMPATH/Boot.php(166): CodeIgniter\Boot::runCommand(Object(CodeIgniter\CLI\Console))
12 ROOTPATH/spark(87): CodeIgniter\Boot::bootSpark(Object(Config\Paths))
WARNING - 2026-08-30 04:46:43 --> [DEPRECATED] Since fakerphp/faker 1.14: Accessing property "address" is deprecated, use "address()" instead. in VENDORPATH/symfony/deprecation-contracts/function.php on line 25.
 1 VENDORPATH/symfony/deprecation-contracts/function.php(25): trigger_error('Since fakerphp/faker 1.14: Accessing property "address" is deprecated, use "address()" instead.', 16384)
 2 VENDORPATH/fakerphp/faker/src/Faker/Generator.php(962): trigger_deprecation('fakerphp/faker', '1.14', 'Accessing property "%s" is deprecated, use "%s()" instead.', 'address', 'address')
 3 APPPATH/Database/Seeds/ClientSeeder.php(27): Faker\Generator->__get('address')
 4 SYSTEMPATH/Database/Seeder.php(155): App\Database\Seeds\ClientSeeder->run()
 5 APPPATH/Database/Seeds/MouvementSeeder.php(25): CodeIgniter\Database\Seeder->call('App\\Database\\Seeds\\ClientSeeder')
 6 SYSTEMPATH/Database/Seeder.php(155): App\Database\Seeds\MouvementSeeder->run()
 7 SYSTEMPATH/Commands/Database/Seed.php(79): CodeIgniter\Database\Seeder->call('App\\Database\\Seeds\\MouvementSeeder')
 8 SYSTEMPATH/CLI/Commands.php(72): CodeIgniter\Commands\Database\Seed->run([])
 9 SYSTEMPATH/CLI/Console.php(47): CodeIgniter\CLI\Commands->run('db:seed', [...])
10 SYSTEMPATH/Boot.php(444): CodeIgniter\CLI\Console->run()
11 SYSTEMPATH/Boot.php(166): CodeIgniter\Boot::runCommand(Object(CodeIgniter\CLI\Console))
12 ROOTPATH/spark(87): CodeIgniter\Boot::bootSpark(Object(Config\Paths))
WARNING - 2026-08-30 04:46:43 --> [DEPRECATED] Since fakerphp/faker 1.14: Accessing property "company" is deprecated, use "company()" instead. in VENDORPATH/symfony/deprecation-contracts/function.php on line 25.
 1 VENDORPATH/symfony/deprecation-contracts/function.php(25): trigger_error('Since fakerphp/faker 1.14: Accessing property "company" is deprecated, use "company()" instead.', 16384)
 2 VENDORPATH/fakerphp/faker/src/Faker/Generator.php(962): trigger_deprecation('fakerphp/faker', '1.14', 'Accessing property "%s" is deprecated, use "%s()" instead.', 'company', 'company')
 3 APPPATH/Database/Seeds/ClientSeeder.php(18): Faker\Generator->__get('company')
 4 SYSTEMPATH/Database/Seeder.php(155): App\Database\Seeds\ClientSeeder->run()
 5 APPPATH/Database/Seeds/MouvementSeeder.php(25): CodeIgniter\Database\Seeder->call('App\\Database\\Seeds\\ClientSeeder')
 6 SYSTEMPATH/Database/Seeder.php(155): App\Database\Seeds\MouvementSeeder->run()
 7 SYSTEMPATH/Commands/Database/Seed.php(79): CodeIgniter\Database\Seeder->call('App\\Database\\Seeds\\MouvementSeeder')
 8 SYSTEMPATH/CLI/Commands.php(72): CodeIgniter\Commands\Database\Seed->run([])
 9 SYSTEMPATH/CLI/Console.php(47): CodeIgniter\CLI\Commands->run('db:seed', [...])
10 SYSTEMPATH/Boot.php(444): CodeIgniter\CLI\Console->run()
11 SYSTEMPATH/Boot.php(166): CodeIgniter\Boot::runCommand(Object(CodeIgniter\CLI\Console))
12 ROOTPATH/spark(87): CodeIgniter\Boot::bootSpark(Object(Config\Paths))
WARNING - 2026-08-30 04:46:43 --> [DEPRECATED] Since fakerphp/faker 1.14: Accessing property "phoneNumber" is deprecated, use "phoneNumber()" instead. in VENDORPATH/symfony/deprecation-contracts/function.php on line 25.
 1 VENDORPATH/symfony/deprecation-contracts/function.php(25): trigger_error('Since fakerphp/faker 1.14: Accessing property "phoneNumber" is deprecated, use "phoneNumber()" instead.', 16384)
 2 VENDORPATH/fakerphp/faker/src/Faker/Generator.php(962): trigger_deprecation('fakerphp/faker', '1.14', 'Accessing property "%s" is deprecated, use "%s()" instead.', 'phoneNumber', 'phoneNumber')
 3 APPPATH/Database/Seeds/ClientSeeder.php(26): Faker\Generator->__get('phoneNumber')
 4 SYSTEMPATH/Database/Seeder.php(155): App\Database\Seeds\ClientSeeder->run()
 5 APPPATH/Database/Seeds/MouvementSeeder.php(25): CodeIgniter\Database\Seeder->call('App\\Database\\Seeds\\ClientSeeder')
 6 SYSTEMPATH/Database/Seeder.php(155): App\Database\Seeds\MouvementSeeder->run()
 7 SYSTEMPATH/Commands/Database/Seed.php(79): CodeIgniter\Database\Seeder->call('App\\Database\\Seeds\\MouvementSeeder')
 8 SYSTEMPATH/CLI/Commands.php(72): CodeIgniter\Commands\Database\Seed->run([])
 9 SYSTEMPATH/CLI/Console.php(47): CodeIgniter\CLI\Commands->run('db:seed', [...])
10 SYSTEMPATH/Boot.php(444): CodeIgniter\CLI\Console->run()
11 SYSTEMPATH/Boot.php(166): CodeIgniter\Boot::runCommand(Object(CodeIgniter\CLI\Console))
12 ROOTPATH/spark(87): CodeIgniter\Boot::bootSpark(Object(Config\Paths))
WARNING - 2026-08-30 04:46:43 --> [DEPRECATED] Since fakerphp/faker 1.14: Accessing property "address" is deprecated, use "address()" instead. in VENDORPATH/symfony/deprecation-contracts/function.php on line 25.
 1 VENDORPATH/symfony/deprecation-contracts/function.php(25): trigger_error('Since fakerphp/faker 1.14: Accessing property "address" is deprecated, use "address()" instead.', 16384)
 2 VENDORPATH/fakerphp/faker/src/Faker/Generator.php(962): trigger_deprecation('fakerphp/faker', '1.14', 'Accessing property "%s" is deprecated, use "%s()" instead.', 'address', 'address')
 3 APPPATH/Database/Seeds/ClientSeeder.php(27): Faker\Generator->__get('address')
 4 SYSTEMPATH/Database/Seeder.php(155): App\Database\Seeds\ClientSeeder->run()
 5 APPPATH/Database/Seeds/MouvementSeeder.php(25): CodeIgniter\Database\Seeder->call('App\\Database\\Seeds\\ClientSeeder')
 6 SYSTEMPATH/Database/Seeder.php(155): App\Database\Seeds\MouvementSeeder->run()
 7 SYSTEMPATH/Commands/Database/Seed.php(79): CodeIgniter\Database\Seeder->call('App\\Database\\Seeds\\MouvementSeeder')
 8 SYSTEMPATH/CLI/Commands.php(72): CodeIgniter\Commands\Database\Seed->run([])
 9 SYSTEMPATH/CLI/Console.php(47): CodeIgniter\CLI\Commands->run('db:seed', [...])
10 SYSTEMPATH/Boot.php(444): CodeIgniter\CLI\Console->run()
11 SYSTEMPATH/Boot.php(166): CodeIgniter\Boot::runCommand(Object(CodeIgniter\CLI\Console))
12 ROOTPATH/spark(87): CodeIgniter\Boot::bootSpark(Object(Config\Paths))
WARNING - 2026-08-30 04:46:43 --> [DEPRECATED] Since fakerphp/faker 1.14: Accessing property "company" is deprecated, use "company()" instead. in VENDORPATH/symfony/deprecation-contracts/function.php on line 25.
 1 VENDORPATH/symfony/deprecation-contracts/function.php(25): trigger_error('Since fakerphp/faker 1.14: Accessing property "company" is deprecated, use "company()" instead.', 16384)
 2 VENDORPATH/fakerphp/faker/src/Faker/Generator.php(962): trigger_deprecation('fakerphp/faker', '1.14', 'Accessing property "%s" is deprecated, use "%s()" instead.', 'company', 'company')
 3 APPPATH/Database/Seeds/ClientSeeder.php(18): Faker\Generator->__get('company')
 4 SYSTEMPATH/Database/Seeder.php(155): App\Database\Seeds\ClientSeeder->run()
 5 APPPATH/Database/Seeds/MouvementSeeder.php(25): CodeIgniter\Database\Seeder->call('App\\Database\\Seeds\\ClientSeeder')
 6 SYSTEMPATH/Database/Seeder.php(155): App\Database\Seeds\MouvementSeeder->run()
 7 SYSTEMPATH/Commands/Database/Seed.php(79): CodeIgniter\Database\Seeder->call('App\\Database\\Seeds\\MouvementSeeder')
 8 SYSTEMPATH/CLI/Commands.php(72): CodeIgniter\Commands\Database\Seed->run([])
 9 SYSTEMPATH/CLI/Console.php(47): CodeIgniter\CLI\Commands->run('db:seed', [...])
10 SYSTEMPATH/Boot.php(444): CodeIgniter\CLI\Console->run()
11 SYSTEMPATH/Boot.php(166): CodeIgniter\Boot::runCommand(Object(CodeIgniter\CLI\Console))
12 ROOTPATH/spark(87): CodeIgniter\Boot::bootSpark(Object(Config\Paths))
WARNING - 2026-08-30 04:46:43 --> [DEPRECATED] Since fakerphp/faker 1.14: Accessing property "name" is deprecated, use "name()" instead. in VENDORPATH/symfony/deprecation-contracts/function.php on line 25.
 1 VENDORPATH/symfony/deprecation-contracts/function.php(25): trigger_error('Since fakerphp/faker 1.14: Accessing property "name" is deprecated, use "name()" instead.', 16384)
 2 VENDORPATH/fakerphp/faker/src/Faker/Generator.php(962): trigger_deprecation('fakerphp/faker', '1.14', 'Accessing property "%s" is deprecated, use "%s()" instead.', 'name', 'name')
 3 APPPATH/Database/Seeds/ClientSeeder.php(21): Faker\Generator->__get('name')
 4 SYSTEMPATH/Database/Seeder.php(155): App\Database\Seeds\ClientSeeder->run()
 5 APPPATH/Database/Seeds/MouvementSeeder.php(25): CodeIgniter\Database\Seeder->call('App\\Database\\Seeds\\ClientSeeder')
 6 SYSTEMPATH/Database/Seeder.php(155): App\Database\Seeds\MouvementSeeder->run()
 7 SYSTEMPATH/Commands/Database/Seed.php(79): CodeIgniter\Database\Seeder->call('App\\Database\\Seeds\\MouvementSeeder')
 8 SYSTEMPATH/CLI/Commands.php(72): CodeIgniter\Commands\Database\Seed->run([])
 9 SYSTEMPATH/CLI/Console.php(47): CodeIgniter\CLI\Commands->run('db:seed', [...])
10 SYSTEMPATH/Boot.php(444): CodeIgniter\CLI\Console->run()
11 SYSTEMPATH/Boot.php(166): CodeIgniter\Boot::runCommand(Object(CodeIgniter\CLI\Console))
12 ROOTPATH/spark(87): CodeIgniter\Boot::bootSpark(Object(Config\Paths))
WARNING - 2026-08-30 04:46:43 --> [DEPRECATED] Since fakerphp/faker 1.14: Accessing property "phoneNumber" is deprecated, use "phoneNumber()" instead. in VENDORPATH/symfony/deprecation-contracts/function.php on line 25.
 1 VENDORPATH/symfony/deprecation-contracts/function.php(25): trigger_error('Since fakerphp/faker 1.14: Accessing property "phoneNumber" is deprecated, use "phoneNumber()" instead.', 16384)
 2 VENDORPATH/fakerphp/faker/src/Faker/Generator.php(962): trigger_deprecation('fakerphp/faker', '1.14', 'Accessing property "%s" is deprecated, use "%s()" instead.', 'phoneNumber', 'phoneNumber')
 3 APPPATH/Database/Seeds/ClientSeeder.php(26): Faker\Generator->__get('phoneNumber')
 4 SYSTEMPATH/Database/Seeder.php(155): App\Database\Seeds\ClientSeeder->run()
 5 APPPATH/Database/Seeds/MouvementSeeder.php(25): CodeIgniter\Database\Seeder->call('App\\Database\\Seeds\\ClientSeeder')
 6 SYSTEMPATH/Database/Seeder.php(155): App\Database\Seeds\MouvementSeeder->run()
 7 SYSTEMPATH/Commands/Database/Seed.php(79): CodeIgniter\Database\Seeder->call('App\\Database\\Seeds\\MouvementSeeder')
 8 SYSTEMPATH/CLI/Commands.php(72): CodeIgniter\Commands\Database\Seed->run([])
 9 SYSTEMPATH/CLI/Console.php(47): CodeIgniter\CLI\Commands->run('db:seed', [...])
10 SYSTEMPATH/Boot.php(444): CodeIgniter\CLI\Console->run()
11 SYSTEMPATH/Boot.php(166): CodeIgniter\Boot::runCommand(Object(CodeIgniter\CLI\Console))
12 ROOTPATH/spark(87): CodeIgniter\Boot::bootSpark(Object(Config\Paths))
WARNING - 2026-08-30 04:46:43 --> [DEPRECATED] Since fakerphp/faker 1.14: Accessing property "address" is deprecated, use "address()" instead. in VENDORPATH/symfony/deprecation-contracts/function.php on line 25.
 1 VENDORPATH/symfony/deprecation-contracts/function.php(25): trigger_error('Since fakerphp/faker 1.14: Accessing property "address" is deprecated, use "address()" instead.', 16384)
 2 VENDORPATH/fakerphp/faker/src/Faker/Generator.php(962): trigger_deprecation('fakerphp/faker', '1.14', 'Accessing property "%s" is deprecated, use "%s()" instead.', 'address', 'address')
 3 APPPATH/Database/Seeds/ClientSeeder.php(27): Faker\Generator->__get('address')
 4 SYSTEMPATH/Database/Seeder.php(155): App\Database\Seeds\ClientSeeder->run()
 5 APPPATH/Database/Seeds/MouvementSeeder.php(25): CodeIgniter\Database\Seeder->call('App\\Database\\Seeds\\ClientSeeder')
 6 SYSTEMPATH/Database/Seeder.php(155): App\Database\Seeds\MouvementSeeder->run()
 7 SYSTEMPATH/Commands/Database/Seed.php(79): CodeIgniter\Database\Seeder->call('App\\Database\\Seeds\\MouvementSeeder')
 8 SYSTEMPATH/CLI/Commands.php(72): CodeIgniter\Commands\Database\Seed->run([])
 9 SYSTEMPATH/CLI/Console.php(47): CodeIgniter\CLI\Commands->run('db:seed', [...])
10 SYSTEMPATH/Boot.php(444): CodeIgniter\CLI\Console->run()
11 SYSTEMPATH/Boot.php(166): CodeIgniter\Boot::runCommand(Object(CodeIgniter\CLI\Console))
12 ROOTPATH/spark(87): CodeIgniter\Boot::bootSpark(Object(Config\Paths))
WARNING - 2026-08-30 04:46:43 --> [DEPRECATED] Since fakerphp/faker 1.14: Accessing property "company" is deprecated, use "company()" instead. in VENDORPATH/symfony/deprecation-contracts/function.php on line 25.
 1 VENDORPATH/symfony/deprecation-contracts/function.php(25): trigger_error('Since fakerphp/faker 1.14: Accessing property "company" is deprecated, use "company()" instead.', 16384)
 2 VENDORPATH/fakerphp/faker/src/Faker/Generator.php(962): trigger_deprecation('fakerphp/faker', '1.14', 'Accessing property "%s" is deprecated, use "%s()" instead.', 'company', 'company')
 3 APPPATH/Database/Seeds/ClientSeeder.php(18): Faker\Generator->__get('company')
 4 SYSTEMPATH/Database/Seeder.php(155): App\Database\Seeds\ClientSeeder->run()
 5 SYSTEMPATH/Commands/Database/Seed.php(79): CodeIgniter\Database\Seeder->call('App\\Database\\Seeds\\ClientSeeder')
 6 SYSTEMPATH/CLI/Commands.php(72): CodeIgniter\Commands\Database\Seed->run([])
 7 SYSTEMPATH/CLI/Console.php(47): CodeIgniter\CLI\Commands->run('db:seed', [...])
 8 SYSTEMPATH/Boot.php(444): CodeIgniter\CLI\Console->run()
 9 SYSTEMPATH/Boot.php(166): CodeIgniter\Boot::runCommand(Object(CodeIgniter\CLI\Console))
10 ROOTPATH/spark(87): CodeIgniter\Boot::bootSpark(Object(Config\Paths))
WARNING - 2026-08-30 04:46:43 --> [DEPRECATED] Since fakerphp/faker 1.14: Accessing property "name" is deprecated, use "name()" instead. in VENDORPATH/symfony/deprecation-contracts/function.php on line 25.
 1 VENDORPATH/symfony/deprecation-contracts/function.php(25): trigger_error('Since fakerphp/faker 1.14: Accessing property "name" is deprecated, use "name()" instead.', 16384)
 2 VENDORPATH/fakerphp/faker/src/Faker/Generator.php(962): trigger_deprecation('fakerphp/faker', '1.14', 'Accessing property "%s" is deprecated, use "%s()" instead.', 'name', 'name')
 3 APPPATH/Database/Seeds/ClientSeeder.php(21): Faker\Generator->__get('name')
 4 SYSTEMPATH/Database/Seeder.php(155): App\Database\Seeds\ClientSeeder->run()
 5 SYSTEMPATH/Commands/Database/Seed.php(79): CodeIgniter\Database\Seeder->call('App\\Database\\Seeds\\ClientSeeder')
 6 SYSTEMPATH/CLI/Commands.php(72): CodeIgniter\Commands\Database\Seed->run([])
 7 SYSTEMPATH/CLI/Console.php(47): CodeIgniter\CLI\Commands->run('db:seed', [...])
 8 SYSTEMPATH/Boot.php(444): CodeIgniter\CLI\Console->run()
 9 SYSTEMPATH/Boot.php(166): CodeIgniter\Boot::runCommand(Object(CodeIgniter\CLI\Console))
10 ROOTPATH/spark(87): CodeIgniter\Boot::bootSpark(Object(Config\Paths))
WARNING - 2026-08-30 04:46:43 --> [DEPRECATED] Since fakerphp/faker 1.14: Accessing property "phoneNumber" is deprecated, use "phoneNumber()" instead. in VENDORPATH/symfony/deprecation-contracts/function.php on line 25.
 1 VENDORPATH/symfony/deprecation-contracts/function.php(25): trigger_error('Since fakerphp/faker 1.14: Accessing property "phoneNumber" is deprecated, use "phoneNumber()" instead.', 16384)
 2 VENDORPATH/fakerphp/faker/src/Faker/Generator.php(962): trigger_deprecation('fakerphp/faker', '1.14', 'Accessing property "%s" is deprecated, use "%s()" instead.', 'phoneNumber', 'phoneNumber')
 3 APPPATH/Database/Seeds/ClientSeeder.php(26): Faker\Generator->__get('phoneNumber')
 4 SYSTEMPATH/Database/Seeder.php(155): App\Database\Seeds\ClientSeeder->run()
 5 SYSTEMPATH/Commands/Database/Seed.php(79): CodeIgniter\Database\Seeder->call('App\\Database\\Seeds\\ClientSeeder')
 6 SYSTEMPATH/CLI/Commands.php(72): CodeIgniter\Commands\Database\Seed->run([])
 7 SYSTEMPATH/CLI/Console.php(47): CodeIgniter\CLI\Commands->run('db:seed', [...])
 8 SYSTEMPATH/Boot.php(444): CodeIgniter\CLI\Console->run()
 9 SYSTEMPATH/Boot.php(166): CodeIgniter\Boot::runCommand(Object(CodeIgniter\CLI\Console))
10 ROOTPATH/spark(87): CodeIgniter\Boot::bootSpark(Object(Config\Paths))
WARNING - 2026-08-30 04:46:43 --> [DEPRECATED] Since fakerphp/faker 1.14: Accessing property "address" is deprecated, use "address()" instead. in VENDORPATH/symfony/deprecation-contracts/function.php on line 25.
 1 VENDORPATH/symfony/deprecation-contracts/function.php(25): trigger_error('Since fakerphp/faker 1.14: Accessing property "address" is deprecated, use "address()" instead.', 16384)
 2 VENDORPATH/fakerphp/faker/src/Faker/Generator.php(962): trigger_deprecation('fakerphp/faker', '1.14', 'Accessing property "%s" is deprecated, use "%s()" instead.', 'address', 'address')
 3 APPPATH/Database/Seeds/ClientSeeder.php(27): Faker\Generator->__get('address')
 4 SYSTEMPATH/Database/Seeder.php(155): App\Database\Seeds\ClientSeeder->run()
 5 SYSTEMPATH/Commands/Database/Seed.php(79): CodeIgniter\Database\Seeder->call('App\\Database\\Seeds\\ClientSeeder')
 6 SYSTEMPATH/CLI/Commands.php(72): CodeIgniter\Commands\Database\Seed->run([])
 7 SYSTEMPATH/CLI/Console.php(47): CodeIgniter\CLI\Commands->run('db:seed', [...])
 8 SYSTEMPATH/Boot.php(444): CodeIgniter\CLI\Console->run()
 9 SYSTEMPATH/Boot.php(166): CodeIgniter\Boot::runCommand(Object(CodeIgniter\CLI\Console))
10 ROOTPATH/spark(87): CodeIgniter\Boot::bootSpark(Object(Config\Paths))
WARNING - 2026-08-30 04:46:43 --> [DEPRECATED] Since fakerphp/faker 1.14: Accessing property "company" is deprecated, use "company()" instead. in VENDORPATH/symfony/deprecation-contracts/function.php on line 25.
 1 VENDORPATH/symfony/deprecation-contracts/function.php(25): trigger_error('Since fakerphp/faker 1.14: Accessing property "company" is deprecated, use "company()" instead.', 16384)
 2 VENDORPATH/fakerphp/faker/src/Faker/Generator.php(962): trigger_deprecation('fakerphp/faker', '1.14', 'Accessing property "%s" is deprecated, use "%s()" instead.', 'company', 'company')
 3 APPPATH/Database/Seeds/ClientSeeder.php(18): Faker\Generator->__get('company')
 4 SYSTEMPATH/Database/Seeder.php(155): App\Database\Seeds\ClientSeeder->run()
 5 SYSTEMPATH/Commands/Database/Seed.php(79): CodeIgniter\Database\Seeder->call('App\\Database\\Seeds\\ClientSeeder')
 6 SYSTEMPATH/CLI/Commands.php(72): CodeIgniter\Commands\Database\Seed->run([])
 7 SYSTEMPATH/CLI/Console.php(47): CodeIgniter\CLI\Commands->run('db:seed', [...])
 8 SYSTEMPATH/Boot.php(444): CodeIgniter\CLI\Console->run()
 9 SYSTEMPATH/Boot.php(166): CodeIgniter\Boot::runCommand(Object(CodeIgniter\CLI\Console))
10 ROOTPATH/spark(87): CodeIgniter\Boot::bootSpark(Object(Config\Paths))
WARNING - 2026-08-30 04:46:43 --> [DEPRECATED] Since fakerphp/faker 1.14: Accessing property "phoneNumber" is deprecated, use "phoneNumber()" instead. in VENDORPATH/symfony/deprecation-contracts/function.php on line 25.
 1 VENDORPATH/symfony/deprecation-contracts/function.php(25): trigger_error('Since fakerphp/faker 1.14: Accessing property "phoneNumber" is deprecated, use "phoneNumber()" instead.', 16384)
 2 VENDORPATH/fakerphp/faker/src/Faker/Generator.php(962): trigger_deprecation('fakerphp/faker', '1.14', 'Accessing property "%s" is deprecated, use "%s()" instead.', 'phoneNumber', 'phoneNumber')
 3 APPPATH/Database/Seeds/ClientSeeder.php(26): Faker\Generator->__get('phoneNumber')
 4 SYSTEMPATH/Database/Seeder.php(155): App\Database\Seeds\ClientSeeder->run()
 5 SYSTEMPATH/Commands/Database/Seed.php(79): CodeIgniter\Database\Seeder->call('App\\Database\\Seeds\\ClientSeeder')
 6 SYSTEMPATH/CLI/Commands.php(72): CodeIgniter\Commands\Database\Seed->run([])
 7 SYSTEMPATH/CLI/Console.php(47): CodeIgniter\CLI\Commands->run('db:seed', [...])
 8 SYSTEMPATH/Boot.php(444): CodeIgniter\CLI\Console->run()
 9 SYSTEMPATH/Boot.php(166): CodeIgniter\Boot::runCommand(Object(CodeIgniter\CLI\Console))
10 ROOTPATH/spark(87): CodeIgniter\Boot::bootSpark(Object(Config\Paths))
WARNING - 2026-08-30 04:46:43 --> [DEPRECATED] Since fakerphp/faker 1.14: Accessing property "address" is deprecated, use "address()" instead. in VENDORPATH/symfony/deprecation-contracts/function.php on line 25.
 1 VENDORPATH/symfony/deprecation-contracts/function.php(25): trigger_error('Since fakerphp/faker 1.14: Accessing property "address" is deprecated, use "address()" instead.', 16384)
 2 VENDORPATH/fakerphp/faker/src/Faker/Generator.php(962): trigger_deprecation('fakerphp/faker', '1.14', 'Accessing property "%s" is deprecated, use "%s()" instead.', 'address', 'address')
 3 APPPATH/Database/Seeds/ClientSeeder.php(27): Faker\Generator->__get('address')
 4 SYSTEMPATH/Database/Seeder.php(155): App\Database\Seeds\ClientSeeder->run()
 5 SYSTEMPATH/Commands/Database/Seed.php(79): CodeIgniter\Database\Seeder->call('App\\Database\\Seeds\\ClientSeeder')
 6 SYSTEMPATH/CLI/Commands.php(72): CodeIgniter\Commands\Database\Seed->run([])
 7 SYSTEMPATH/CLI/Console.php(47): CodeIgniter\CLI\Commands->run('db:seed', [...])
 8 SYSTEMPATH/Boot.php(444): CodeIgniter\CLI\Console->run()
 9 SYSTEMPATH/Boot.php(166): CodeIgniter\Boot::runCommand(Object(CodeIgniter\CLI\Console))
10 ROOTPATH/spark(87): CodeIgniter\Boot::bootSpark(Object(Config\Paths))
WARNING - 2026-08-30 04:46:43 --> [DEPRECATED] Since fakerphp/faker 1.14: Accessing property "company" is deprecated, use "company()" instead. in VENDORPATH/symfony/deprecation-contracts/function.php on line 25.
 1 VENDORPATH/symfony/deprecation-contracts/function.php(25): trigger_error('Since fakerphp/faker 1.14: Accessing property "company" is deprecated, use "company()" instead.', 16384)
 2 VENDORPATH/fakerphp/faker/src/Faker/Generator.php(962): trigger_deprecation('fakerphp/faker', '1.14', 'Accessing property "%s" is deprecated, use "%s()" instead.', 'company', 'company')
 3 APPPATH/Database/Seeds/ClientSeeder.php(18): Faker\Generator->__get('company')
 4 SYSTEMPATH/Database/Seeder.php(155): App\Database\Seeds\ClientSeeder->run()
 5 SYSTEMPATH/Commands/Database/Seed.php(79): CodeIgniter\Database\Seeder->call('App\\Database\\Seeds\\ClientSeeder')
 6 SYSTEMPATH/CLI/Commands.php(72): CodeIgniter\Commands\Database\Seed->run([])
 7 SYSTEMPATH/CLI/Console.php(47): CodeIgniter\CLI\Commands->run('db:seed', [...])
 8 SYSTEMPATH/Boot.php(444): CodeIgniter\CLI\Console->run()
 9 SYSTEMPATH/Boot.php(166): CodeIgniter\Boot::runCommand(Object(CodeIgniter\CLI\Console))
10 ROOTPATH/spark(87): CodeIgniter\Boot::bootSpark(Object(Config\Paths))
WARNING - 2026-08-30 04:46:43 --> [DEPRECATED] Since fakerphp/faker 1.14: Accessing property "phoneNumber" is deprecated, use "phoneNumber()" instead. in VENDORPATH/symfony/deprecation-contracts/function.php on line 25.
 1 VENDORPATH/symfony/deprecation-contracts/function.php(25): trigger_error('Since fakerphp/faker 1.14: Accessing property "phoneNumber" is deprecated, use "phoneNumber()" instead.', 16384)
 2 VENDORPATH/fakerphp/faker/src/Faker/Generator.php(962): trigger_deprecation('fakerphp/faker', '1.14', 'Accessing property "%s" is deprecated, use "%s()" instead.', 'phoneNumber', 'phoneNumber')
 3 APPPATH/Database/Seeds/ClientSeeder.php(26): Faker\Generator->__get('phoneNumber')
 4 SYSTEMPATH/Database/Seeder.php(155): App\Database\Seeds\ClientSeeder->run()
 5 SYSTEMPATH/Commands/Database/Seed.php(79): CodeIgniter\Database\Seeder->call('App\\Database\\Seeds\\ClientSeeder')
 6 SYSTEMPATH/CLI/Commands.php(72): CodeIgniter\Commands\Database\Seed->run([])
 7 SYSTEMPATH/CLI/Console.php(47): CodeIgniter\CLI\Commands->run('db:seed', [...])
 8 SYSTEMPATH/Boot.php(444): CodeIgniter\CLI\Console->run()
 9 SYSTEMPATH/Boot.php(166): CodeIgniter\Boot::runCommand(Object(CodeIgniter\CLI\Console))
10 ROOTPATH/spark(87): CodeIgniter\Boot::bootSpark(Object(Config\Paths))
WARNING - 2026-08-30 04:46:43 --> [DEPRECATED] Since fakerphp/faker 1.14: Accessing property "address" is deprecated, use "address()" instead. in VENDORPATH/symfony/deprecation-contracts/function.php on line 25.
 1 VENDORPATH/symfony/deprecation-contracts/function.php(25): trigger_error('Since fakerphp/faker 1.14: Accessing property "address" is deprecated, use "address()" instead.', 16384)
 2 VENDORPATH/fakerphp/faker/src/Faker/Generator.php(962): trigger_deprecation('fakerphp/faker', '1.14', 'Accessing property "%s" is deprecated, use "%s()" instead.', 'address', 'address')
 3 APPPATH/Database/Seeds/ClientSeeder.php(27): Faker\Generator->__get('address')
 4 SYSTEMPATH/Database/Seeder.php(155): App\Database\Seeds\ClientSeeder->run()
 5 SYSTEMPATH/Commands/Database/Seed.php(79): CodeIgniter\Database\Seeder->call('App\\Database\\Seeds\\ClientSeeder')
 6 SYSTEMPATH/CLI/Commands.php(72): CodeIgniter\Commands\Database\Seed->run([])
 7 SYSTEMPATH/CLI/Console.php(47): CodeIgniter\CLI\Commands->run('db:seed', [...])
 8 SYSTEMPATH/Boot.php(444): CodeIgniter\CLI\Console->run()
 9 SYSTEMPATH/Boot.php(166): CodeIgniter\Boot::runCommand(Object(CodeIgniter\CLI\Console))
10 ROOTPATH/spark(87): CodeIgniter\Boot::bootSpark(Object(Config\Paths))
WARNING - 2026-08-30 04:46:43 --> [DEPRECATED] Since fakerphp/faker 1.14: Accessing property "company" is deprecated, use "company()" instead. in VENDORPATH/symfony/deprecation-contracts/function.php on line 25.
 1 VENDORPATH/symfony/deprecation-contracts/function.php(25): trigger_error('Since fakerphp/faker 1.14: Accessing property "company" is deprecated, use "company()" instead.', 16384)
 2 VENDORPATH/fakerphp/faker/src/Faker/Generator.php(962): trigger_deprecation('fakerphp/faker', '1.14', 'Accessing property "%s" is deprecated, use "%s()" instead.', 'company', 'company')
 3 APPPATH/Database/Seeds/ClientSeeder.php(18): Faker\Generator->__get('company')
 4 SYSTEMPATH/Database/Seeder.php(155): App\Database\Seeds\ClientSeeder->run()
 5 SYSTEMPATH/Commands/Database/Seed.php(79): CodeIgniter\Database\Seeder->call('App\\Database\\Seeds\\ClientSeeder')
 6 SYSTEMPATH/CLI/Commands.php(72): CodeIgniter\Commands\Database\Seed->run([])
 7 SYSTEMPATH/CLI/Console.php(47): CodeIgniter\CLI\Commands->run('db:seed', [...])
 8 SYSTEMPATH/Boot.php(444): CodeIgniter\CLI\Console->run()
 9 SYSTEMPATH/Boot.php(166): CodeIgniter\Boot::runCommand(Object(CodeIgniter\CLI\Console))
10 ROOTPATH/spark(87): CodeIgniter\Boot::bootSpark(Object(Config\Paths))
WARNING - 2026-08-30 04:46:43 --> [DEPRECATED] Since fakerphp/faker 1.14: Accessing property "name" is deprecated, use "name()" instead. in VENDORPATH/symfony/deprecation-contracts/function.php on line 25.
 1 VENDORPATH/symfony/deprecation-contracts/function.php(25): trigger_error('Since fakerphp/faker 1.14: Accessing property "name" is deprecated, use "name()" instead.', 16384)
 2 VENDORPATH/fakerphp/faker/src/Faker/Generator.php(962): trigger_deprecation('fakerphp/faker', '1.14', 'Accessing property "%s" is deprecated, use "%s()" instead.', 'name', 'name')
 3 APPPATH/Database/Seeds/ClientSeeder.php(21): Faker\Generator->__get('name')
 4 SYSTEMPATH/Database/Seeder.php(155): App\Database\Seeds\ClientSeeder->run()
 5 SYSTEMPATH/Commands/Database/Seed.php(79): CodeIgniter\Database\Seeder->call('App\\Database\\Seeds\\ClientSeeder')
 6 SYSTEMPATH/CLI/Commands.php(72): CodeIgniter\Commands\Database\Seed->run([])
 7 SYSTEMPATH/CLI/Console.php(47): CodeIgniter\CLI\Commands->run('db:seed', [...])
 8 SYSTEMPATH/Boot.php(444): CodeIgniter\CLI\Console->run()
 9 SYSTEMPATH/Boot.php(166): CodeIgniter\Boot::runCommand(Object(CodeIgniter\CLI\Console))
10 ROOTPATH/spark(87): CodeIgniter\Boot::bootSpark(Object(Config\Paths))
WARNING - 2026-08-30 04:46:43 --> [DEPRECATED] Since fakerphp/faker 1.14: Accessing property "phoneNumber" is deprecated, use "phoneNumber()" instead. in VENDORPATH/symfony/deprecation-contracts/function.php on line 25.
 1 VENDORPATH/symfony/deprecation-contracts/function.php(25): trigger_error('Since fakerphp/faker 1.14: Accessing property "phoneNumber" is deprecated, use "phoneNumber()" instead.', 16384)
 2 VENDORPATH/fakerphp/faker/src/Faker/Generator.php(962): trigger_deprecation('fakerphp/faker', '1.14', 'Accessing property "%s" is deprecated, use "%s()" instead.', 'phoneNumber', 'phoneNumber')
 3 APPPATH/Database/Seeds/ClientSeeder.php(26): Faker\Generator->__get('phoneNumber')
 4 SYSTEMPATH/Database/Seeder.php(155): App\Database\Seeds\ClientSeeder->run()
 5 SYSTEMPATH/Commands/Database/Seed.php(79): CodeIgniter\Database\Seeder->call('App\\Database\\Seeds\\ClientSeeder')
 6 SYSTEMPATH/CLI/Commands.php(72): CodeIgniter\Commands\Database\Seed->run([])
 7 SYSTEMPATH/CLI/Console.php(47): CodeIgniter\CLI\Commands->run('db:seed', [...])
 8 SYSTEMPATH/Boot.php(444): CodeIgniter\CLI\Console->run()
 9 SYSTEMPATH/Boot.php(166): CodeIgniter\Boot::runCommand(Object(CodeIgniter\CLI\Console))
10 ROOTPATH/spark(87): CodeIgniter\Boot::bootSpark(Object(Config\Paths))
WARNING - 2026-08-30 04:46:43 --> [DEPRECATED] Since fakerphp/faker 1.14: Accessing property "address" is deprecated, use "address()" instead. in VENDORPATH/symfony/deprecation-contracts/function.php on line 25.
 1 VENDORPATH/symfony/deprecation-contracts/function.php(25): trigger_error('Since fakerphp/faker 1.14: Accessing property "address" is deprecated, use "address()" instead.', 16384)
 2 VENDORPATH/fakerphp/faker/src/Faker/Generator.php(962): trigger_deprecation('fakerphp/faker', '1.14', 'Accessing property "%s" is deprecated, use "%s()" instead.', 'address', 'address')
 3 APPPATH/Database/Seeds/ClientSeeder.php(27): Faker\Generator->__get('address')
 4 SYSTEMPATH/Database/Seeder.php(155): App\Database\Seeds\ClientSeeder->run()
 5 SYSTEMPATH/Commands/Database/Seed.php(79): CodeIgniter\Database\Seeder->call('App\\Database\\Seeds\\ClientSeeder')
 6 SYSTEMPATH/CLI/Commands.php(72): CodeIgniter\Commands\Database\Seed->run([])
 7 SYSTEMPATH/CLI/Console.php(47): CodeIgniter\CLI\Commands->run('db:seed', [...])
 8 SYSTEMPATH/Boot.php(444): CodeIgniter\CLI\Console->run()
 9 SYSTEMPATH/Boot.php(166): CodeIgniter\Boot::runCommand(Object(CodeIgniter\CLI\Console))
10 ROOTPATH/spark(87): CodeIgniter\Boot::bootSpark(Object(Config\Paths))
WARNING - 2026-08-30 04:46:43 --> [DEPRECATED] Since fakerphp/faker 1.14: Accessing property "company" is deprecated, use "company()" instead. in VENDORPATH/symfony/deprecation-contracts/function.php on line 25.
 1 VENDORPATH/symfony/deprecation-contracts/function.php(25): trigger_error('Since fakerphp/faker 1.14: Accessing property "company" is deprecated, use "company()" instead.', 16384)
 2 VENDORPATH/fakerphp/faker/src/Faker/Generator.php(962): trigger_deprecation('fakerphp/faker', '1.14', 'Accessing property "%s" is deprecated, use "%s()" instead.', 'company', 'company')
 3 APPPATH/Database/Seeds/ClientSeeder.php(18): Faker\Generator->__get('company')
 4 SYSTEMPATH/Database/Seeder.php(155): App\Database\Seeds\ClientSeeder->run()
 5 SYSTEMPATH/Commands/Database/Seed.php(79): CodeIgniter\Database\Seeder->call('App\\Database\\Seeds\\ClientSeeder')
 6 SYSTEMPATH/CLI/Commands.php(72): CodeIgniter\Commands\Database\Seed->run([])
 7 SYSTEMPATH/CLI/Console.php(47): CodeIgniter\CLI\Commands->run('db:seed', [...])
 8 SYSTEMPATH/Boot.php(444): CodeIgniter\CLI\Console->run()
 9 SYSTEMPATH/Boot.php(166): CodeIgniter\Boot::runCommand(Object(CodeIgniter\CLI\Console))
10 ROOTPATH/spark(87): CodeIgniter\Boot::bootSpark(Object(Config\Paths))
WARNING - 2026-08-30 04:46:43 --> [DEPRECATED] Since fakerphp/faker 1.14: Accessing property "phoneNumber" is deprecated, use "phoneNumber()" instead. in VENDORPATH/symfony/deprecation-contracts/function.php on line 25.
 1 VENDORPATH/symfony/deprecation-contracts/function.php(25): trigger_error('Since fakerphp/faker 1.14: Accessing property "phoneNumber" is deprecated, use "phoneNumber()" instead.', 16384)
 2 VENDORPATH/fakerphp/faker/src/Faker/Generator.php(962): trigger_deprecation('fakerphp/faker', '1.14', 'Accessing property "%s" is deprecated, use "%s()" instead.', 'phoneNumber', 'phoneNumber')
 3 APPPATH/Database/Seeds/ClientSeeder.php(26): Faker\Generator->__get('phoneNumber')
 4 SYSTEMPATH/Database/Seeder.php(155): App\Database\Seeds\ClientSeeder->run()
 5 SYSTEMPATH/Commands/Database/Seed.php(79): CodeIgniter\Database\Seeder->call('App\\Database\\Seeds\\ClientSeeder')
 6 SYSTEMPATH/CLI/Commands.php(72): CodeIgniter\Commands\Database\Seed->run([])
 7 SYSTEMPATH/CLI/Console.php(47): CodeIgniter\CLI\Commands->run('db:seed', [...])
 8 SYSTEMPATH/Boot.php(444): CodeIgniter\CLI\Console->run()
 9 SYSTEMPATH/Boot.php(166): CodeIgniter\Boot::runCommand(Object(CodeIgniter\CLI\Console))
10 ROOTPATH/spark(87): CodeIgniter\Boot::bootSpark(Object(Config\Paths))
WARNING - 2026-08-30 04:46:43 --> [DEPRECATED] Since fakerphp/faker 1.14: Accessing property "address" is deprecated, use "address()" instead. in VENDORPATH/symfony/deprecation-contracts/function.php on line 25.
 1 VENDORPATH/symfony/deprecation-contracts/function.php(25): trigger_error('Since fakerphp/faker 1.14: Accessing property "address" is deprecated, use "address()" instead.', 16384)
 2 VENDORPATH/fakerphp/faker/src/Faker/Generator.php(962): trigger_deprecation('fakerphp/faker', '1.14', 'Accessing property "%s" is deprecated, use "%s()" instead.', 'address', 'address')
 3 APPPATH/Database/Seeds/ClientSeeder.php(27): Faker\Generator->__get('address')
 4 SYSTEMPATH/Database/Seeder.php(155): App\Database\Seeds\ClientSeeder->run()
 5 SYSTEMPATH/Commands/Database/Seed.php(79): CodeIgniter\Database\Seeder->call('App\\Database\\Seeds\\ClientSeeder')
 6 SYSTEMPATH/CLI/Commands.php(72): CodeIgniter\Commands\Database\Seed->run([])
 7 SYSTEMPATH/CLI/Console.php(47): CodeIgniter\CLI\Commands->run('db:seed', [...])
 8 SYSTEMPATH/Boot.php(444): CodeIgniter\CLI\Console->run()
 9 SYSTEMPATH/Boot.php(166): CodeIgniter\Boot::runCommand(Object(CodeIgniter\CLI\Console))
10 ROOTPATH/spark(87): CodeIgniter\Boot::bootSpark(Object(Config\Paths))
WARNING - 2026-08-30 04:46:43 --> [DEPRECATED] Since fakerphp/faker 1.14: Accessing property "company" is deprecated, use "company()" instead. in VENDORPATH/symfony/deprecation-contracts/function.php on line 25.
 1 VENDORPATH/symfony/deprecation-contracts/function.php(25): trigger_error('Since fakerphp/faker 1.14: Accessing property "company" is deprecated, use "company()" instead.', 16384)
 2 VENDORPATH/fakerphp/faker/src/Faker/Generator.php(962): trigger_deprecation('fakerphp/faker', '1.14', 'Accessing property "%s" is deprecated, use "%s()" instead.', 'company', 'company')
 3 APPPATH/Database/Seeds/ClientSeeder.php(18): Faker\Generator->__get('company')
 4 SYSTEMPATH/Database/Seeder.php(155): App\Database\Seeds\ClientSeeder->run()
 5 SYSTEMPATH/Commands/Database/Seed.php(79): CodeIgniter\Database\Seeder->call('App\\Database\\Seeds\\ClientSeeder')
 6 SYSTEMPATH/CLI/Commands.php(72): CodeIgniter\Commands\Database\Seed->run([])
 7 SYSTEMPATH/CLI/Console.php(47): CodeIgniter\CLI\Commands->run('db:seed', [...])
 8 SYSTEMPATH/Boot.php(444): CodeIgniter\CLI\Console->run()
 9 SYSTEMPATH/Boot.php(166): CodeIgniter\Boot::runCommand(Object(CodeIgniter\CLI\Console))
10 ROOTPATH/spark(87): CodeIgniter\Boot::bootSpark(Object(Config\Paths))
WARNING - 2026-08-30 04:46:43 --> [DEPRECATED] Since fakerphp/faker 1.14: Accessing property "phoneNumber" is deprecated, use "phoneNumber()" instead. in VENDORPATH/symfony/deprecation-contracts/function.php on line 25.
 1 VENDORPATH/symfony/deprecation-contracts/function.php(25): trigger_error('Since fakerphp/faker 1.14: Accessing property "phoneNumber" is deprecated, use "phoneNumber()" instead.', 16384)
 2 VENDORPATH/fakerphp/faker/src/Faker/Generator.php(962): trigger_deprecation('fakerphp/faker', '1.14', 'Accessing property "%s" is deprecated, use "%s()" instead.', 'phoneNumber', 'phoneNumber')
 3 APPPATH/Database/Seeds/ClientSeeder.php(26): Faker\Generator->__get('phoneNumber')
 4 SYSTEMPATH/Database/Seeder.php(155): App\Database\Seeds\ClientSeeder->run()
 5 SYSTEMPATH/Commands/Database/Seed.php(79): CodeIgniter\Database\Seeder->call('App\\Database\\Seeds\\ClientSeeder')
 6 SYSTEMPATH/CLI/Commands.php(72): CodeIgniter\Commands\Database\Seed->run([])
 7 SYSTEMPATH/CLI/Console.php(47): CodeIgniter\CLI\Commands->run('db:seed', [...])
 8 SYSTEMPATH/Boot.php(444): CodeIgniter\CLI\Console->run()
 9 SYSTEMPATH/Boot.php(166): CodeIgniter\Boot::runCommand(Object(CodeIgniter\CLI\Console))
10 ROOTPATH/spark(87): CodeIgniter\Boot::bootSpark(Object(Config\Paths))
WARNING - 2026-08-30 04:46:43 --> [DEPRECATED] Since fakerphp/faker 1.14: Accessing property "address" is deprecated, use "address()" instead. in VENDORPATH/symfony/deprecation-contracts/function.php on line 25.
 1 VENDORPATH/symfony/deprecation-contracts/function.php(25): trigger_error('Since fakerphp/faker 1.14: Accessing property "address" is deprecated, use "address()" instead.', 16384)
 2 VENDORPATH/fakerphp/faker/src/Faker/Generator.php(962): trigger_deprecation('fakerphp/faker', '1.14', 'Accessing property "%s" is deprecated, use "%s()" instead.', 'address', 'address')
 3 APPPATH/Database/Seeds/ClientSeeder.php(27): Faker\Generator->__get('address')
 4 SYSTEMPATH/Database/Seeder.php(155): App\Database\Seeds\ClientSeeder->run()
 5 SYSTEMPATH/Commands/Database/Seed.php(79): CodeIgniter\Database\Seeder->call('App\\Database\\Seeds\\ClientSeeder')
 6 SYSTEMPATH/CLI/Commands.php(72): CodeIgniter\Commands\Database\Seed->run([])
 7 SYSTEMPATH/CLI/Console.php(47): CodeIgniter\CLI\Commands->run('db:seed', [...])
 8 SYSTEMPATH/Boot.php(444): CodeIgniter\CLI\Console->run()
 9 SYSTEMPATH/Boot.php(166): CodeIgniter\Boot::runCommand(Object(CodeIgniter\CLI\Console))
10 ROOTPATH/spark(87): CodeIgniter\Boot::bootSpark(Object(Config\Paths))
WARNING - 2026-08-30 04:46:43 --> [DEPRECATED] Since fakerphp/faker 1.14: Accessing property "company" is deprecated, use "company()" instead. in VENDORPATH/symfony/deprecation-contracts/function.php on line 25.
 1 VENDORPATH/symfony/deprecation-contracts/function.php(25): trigger_error('Since fakerphp/faker 1.14: Accessing property "company" is deprecated, use "company()" instead.', 16384)
 2 VENDORPATH/fakerphp/faker/src/Faker/Generator.php(962): trigger_deprecation('fakerphp/faker', '1.14', 'Accessing property "%s" is deprecated, use "%s()" instead.', 'company', 'company')
 3 APPPATH/Database/Seeds/ClientSeeder.php(18): Faker\Generator->__get('company')
 4 SYSTEMPATH/Database/Seeder.php(155): App\Database\Seeds\ClientSeeder->run()
 5 SYSTEMPATH/Commands/Database/Seed.php(79): CodeIgniter\Database\Seeder->call('App\\Database\\Seeds\\ClientSeeder')
 6 SYSTEMPATH/CLI/Commands.php(72): CodeIgniter\Commands\Database\Seed->run([])
 7 SYSTEMPATH/CLI/Console.php(47): CodeIgniter\CLI\Commands->run('db:seed', [...])
 8 SYSTEMPATH/Boot.php(444): CodeIgniter\CLI\Console->run()
 9 SYSTEMPATH/Boot.php(166): CodeIgniter\Boot::runCommand(Object(CodeIgniter\CLI\Console))
10 ROOTPATH/spark(87): CodeIgniter\Boot::bootSpark(Object(Config\Paths))
WARNING - 2026-08-30 04:46:43 --> [DEPRECATED] Since fakerphp/faker 1.14: Accessing property "name" is deprecated, use "name()" instead. in VENDORPATH/symfony/deprecation-contracts/function.php on line 25.
 1 VENDORPATH/symfony/deprecation-contracts/function.php(25): trigger_error('Since fakerphp/faker 1.14: Accessing property "name" is deprecated, use "name()" instead.', 16384)
 2 VENDORPATH/fakerphp/faker/src/Faker/Generator.php(962): trigger_deprecation('fakerphp/faker', '1.14', 'Accessing property "%s" is deprecated, use "%s()" instead.', 'name', 'name')
 3 APPPATH/Database/Seeds/ClientSeeder.php(21): Faker\Generator->__get('name')
 4 SYSTEMPATH/Database/Seeder.php(155): App\Database\Seeds\ClientSeeder->run()
 5 SYSTEMPATH/Commands/Database/Seed.php(79): CodeIgniter\Database\Seeder->call('App\\Database\\Seeds\\ClientSeeder')
 6 SYSTEMPATH/CLI/Commands.php(72): CodeIgniter\Commands\Database\Seed->run([])
 7 SYSTEMPATH/CLI/Console.php(47): CodeIgniter\CLI\Commands->run('db:seed', [...])
 8 SYSTEMPATH/Boot.php(444): CodeIgniter\CLI\Console->run()
 9 SYSTEMPATH/Boot.php(166): CodeIgniter\Boot::runCommand(Object(CodeIgniter\CLI\Console))
10 ROOTPATH/spark(87): CodeIgniter\Boot::bootSpark(Object(Config\Paths))
WARNING - 2026-08-30 04:46:43 --> [DEPRECATED] Since fakerphp/faker 1.14: Accessing property "phoneNumber" is deprecated, use "phoneNumber()" instead. in VENDORPATH/symfony/deprecation-contracts/function.php on line 25.
 1 VENDORPATH/symfony/deprecation-contracts/function.php(25): trigger_error('Since fakerphp/faker 1.14: Accessing property "phoneNumber" is deprecated, use "phoneNumber()" instead.', 16384)
 2 VENDORPATH/fakerphp/faker/src/Faker/Generator.php(962): trigger_deprecation('fakerphp/faker', '1.14', 'Accessing property "%s" is deprecated, use "%s()" instead.', 'phoneNumber', 'phoneNumber')
 3 APPPATH/Database/Seeds/ClientSeeder.php(26): Faker\Generator->__get('phoneNumber')
 4 SYSTEMPATH/Database/Seeder.php(155): App\Database\Seeds\ClientSeeder->run()
 5 SYSTEMPATH/Commands/Database/Seed.php(79): CodeIgniter\Database\Seeder->call('App\\Database\\Seeds\\ClientSeeder')
 6 SYSTEMPATH/CLI/Commands.php(72): CodeIgniter\Commands\Database\Seed->run([])
 7 SYSTEMPATH/CLI/Console.php(47): CodeIgniter\CLI\Commands->run('db:seed', [...])
 8 SYSTEMPATH/Boot.php(444): CodeIgniter\CLI\Console->run()
 9 SYSTEMPATH/Boot.php(166): CodeIgniter\Boot::runCommand(Object(CodeIgniter\CLI\Console))
10 ROOTPATH/spark(87): CodeIgniter\Boot::bootSpark(Object(Config\Paths))
WARNING - 2026-08-30 04:46:43 --> [DEPRECATED] Since fakerphp/faker 1.14: Accessing property "address" is deprecated, use "address()" instead. in VENDORPATH/symfony/deprecation-contracts/function.php on line 25.
 1 VENDORPATH/symfony/deprecation-contracts/function.php(25): trigger_error('Since fakerphp/faker 1.14: Accessing property "address" is deprecated, use "address()" instead.', 16384)
 2 VENDORPATH/fakerphp/faker/src/Faker/Generator.php(962): trigger_deprecation('fakerphp/faker', '1.14', 'Accessing property "%s" is deprecated, use "%s()" instead.', 'address', 'address')
 3 APPPATH/Database/Seeds/ClientSeeder.php(27): Faker\Generator->__get('address')
 4 SYSTEMPATH/Database/Seeder.php(155): App\Database\Seeds\ClientSeeder->run()
 5 SYSTEMPATH/Commands/Database/Seed.php(79): CodeIgniter\Database\Seeder->call('App\\Database\\Seeds\\ClientSeeder')
 6 SYSTEMPATH/CLI/Commands.php(72): CodeIgniter\Commands\Database\Seed->run([])
 7 SYSTEMPATH/CLI/Console.php(47): CodeIgniter\CLI\Commands->run('db:seed', [...])
 8 SYSTEMPATH/Boot.php(444): CodeIgniter\CLI\Console->run()
 9 SYSTEMPATH/Boot.php(166): CodeIgniter\Boot::runCommand(Object(CodeIgniter\CLI\Console))
10 ROOTPATH/spark(87): CodeIgniter\Boot::bootSpark(Object(Config\Paths))
WARNING - 2026-08-30 04:46:43 --> [DEPRECATED] Since fakerphp/faker 1.14: Accessing property "company" is deprecated, use "company()" instead. in VENDORPATH/symfony/deprecation-contracts/function.php on line 25.
 1 VENDORPATH/symfony/deprecation-contracts/function.php(25): trigger_error('Since fakerphp/faker 1.14: Accessing property "company" is deprecated, use "company()" instead.', 16384)
 2 VENDORPATH/fakerphp/faker/src/Faker/Generator.php(962): trigger_deprecation('fakerphp/faker', '1.14', 'Accessing property "%s" is deprecated, use "%s()" instead.', 'company', 'company')
 3 APPPATH/Database/Seeds/ClientSeeder.php(18): Faker\Generator->__get('company')
 4 SYSTEMPATH/Database/Seeder.php(155): App\Database\Seeds\ClientSeeder->run()
 5 SYSTEMPATH/Commands/Database/Seed.php(79): CodeIgniter\Database\Seeder->call('App\\Database\\Seeds\\ClientSeeder')
 6 SYSTEMPATH/CLI/Commands.php(72): CodeIgniter\Commands\Database\Seed->run([])
 7 SYSTEMPATH/CLI/Console.php(47): CodeIgniter\CLI\Commands->run('db:seed', [...])
 8 SYSTEMPATH/Boot.php(444): CodeIgniter\CLI\Console->run()
 9 SYSTEMPATH/Boot.php(166): CodeIgniter\Boot::runCommand(Object(CodeIgniter\CLI\Console))
10 ROOTPATH/spark(87): CodeIgniter\Boot::bootSpark(Object(Config\Paths))
WARNING - 2026-08-30 04:46:43 --> [DEPRECATED] Since fakerphp/faker 1.14: Accessing property "phoneNumber" is deprecated, use "phoneNumber()" instead. in VENDORPATH/symfony/deprecation-contracts/function.php on line 25.
 1 VENDORPATH/symfony/deprecation-contracts/function.php(25): trigger_error('Since fakerphp/faker 1.14: Accessing property "phoneNumber" is deprecated, use "phoneNumber()" instead.', 16384)
 2 VENDORPATH/fakerphp/faker/src/Faker/Generator.php(962): trigger_deprecation('fakerphp/faker', '1.14', 'Accessing property "%s" is deprecated, use "%s()" instead.', 'phoneNumber', 'phoneNumber')
 3 APPPATH/Database/Seeds/ClientSeeder.php(26): Faker\Generator->__get('phoneNumber')
 4 SYSTEMPATH/Database/Seeder.php(155): App\Database\Seeds\ClientSeeder->run()
 5 SYSTEMPATH/Commands/Database/Seed.php(79): CodeIgniter\Database\Seeder->call('App\\Database\\Seeds\\ClientSeeder')
 6 SYSTEMPATH/CLI/Commands.php(72): CodeIgniter\Commands\Database\Seed->run([])
 7 SYSTEMPATH/CLI/Console.php(47): CodeIgniter\CLI\Commands->run('db:seed', [...])
 8 SYSTEMPATH/Boot.php(444): CodeIgniter\CLI\Console->run()
 9 SYSTEMPATH/Boot.php(166): CodeIgniter\Boot::runCommand(Object(CodeIgniter\CLI\Console))
10 ROOTPATH/spark(87): CodeIgniter\Boot::bootSpark(Object(Config\Paths))
WARNING - 2026-08-30 04:46:43 --> [DEPRECATED] Since fakerphp/faker 1.14: Accessing property "address" is deprecated, use "address()" instead. in VENDORPATH/symfony/deprecation-contracts/function.php on line 25.
 1 VENDORPATH/symfony/deprecation-contracts/function.php(25): trigger_error('Since fakerphp/faker 1.14: Accessing property "address" is deprecated, use "address()" instead.', 16384)
 2 VENDORPATH/fakerphp/faker/src/Faker/Generator.php(962): trigger_deprecation('fakerphp/faker', '1.14', 'Accessing property "%s" is deprecated, use "%s()" instead.', 'address', 'address')
 3 APPPATH/Database/Seeds/ClientSeeder.php(27): Faker\Generator->__get('address')
 4 SYSTEMPATH/Database/Seeder.php(155): App\Database\Seeds\ClientSeeder->run()
 5 SYSTEMPATH/Commands/Database/Seed.php(79): CodeIgniter\Database\Seeder->call('App\\Database\\Seeds\\ClientSeeder')
 6 SYSTEMPATH/CLI/Commands.php(72): CodeIgniter\Commands\Database\Seed->run([])
 7 SYSTEMPATH/CLI/Console.php(47): CodeIgniter\CLI\Commands->run('db:seed', [...])
 8 SYSTEMPATH/Boot.php(444): CodeIgniter\CLI\Console->run()
 9 SYSTEMPATH/Boot.php(166): CodeIgniter\Boot::runCommand(Object(CodeIgniter\CLI\Console))
10 ROOTPATH/spark(87): CodeIgniter\Boot::bootSpark(Object(Config\Paths))
WARNING - 2026-08-30 04:46:43 --> [DEPRECATED] Since fakerphp/faker 1.14: Accessing property "company" is deprecated, use "company()" instead. in VENDORPATH/symfony/deprecation-contracts/function.php on line 25.
 1 VENDORPATH/symfony/deprecation-contracts/function.php(25): trigger_error('Since fakerphp/faker 1.14: Accessing property "company" is deprecated, use "company()" instead.', 16384)
 2 VENDORPATH/fakerphp/faker/src/Faker/Generator.php(962): trigger_deprecation('fakerphp/faker', '1.14', 'Accessing property "%s" is deprecated, use "%s()" instead.', 'company', 'company')
 3 APPPATH/Database/Seeds/ClientSeeder.php(18): Faker\Generator->__get('company')
 4 SYSTEMPATH/Database/Seeder.php(155): App\Database\Seeds\ClientSeeder->run()
 5 SYSTEMPATH/Commands/Database/Seed.php(79): CodeIgniter\Database\Seeder->call('App\\Database\\Seeds\\ClientSeeder')
 6 SYSTEMPATH/CLI/Commands.php(72): CodeIgniter\Commands\Database\Seed->run([])
 7 SYSTEMPATH/CLI/Console.php(47): CodeIgniter\CLI\Commands->run('db:seed', [...])
 8 SYSTEMPATH/Boot.php(444): CodeIgniter\CLI\Console->run()
 9 SYSTEMPATH/Boot.php(166): CodeIgniter\Boot::runCommand(Object(CodeIgniter\CLI\Console))
10 ROOTPATH/spark(87): CodeIgniter\Boot::bootSpark(Object(Config\Paths))
WARNING - 2026-08-30 04:46:43 --> [DEPRECATED] Since fakerphp/faker 1.14: Accessing property "phoneNumber" is deprecated, use "phoneNumber()" instead. in VENDORPATH/symfony/deprecation-contracts/function.php on line 25.
 1 VENDORPATH/symfony/deprecation-contracts/function.php(25): trigger_error('Since fakerphp/faker 1.14: Accessing property "phoneNumber" is deprecated, use "phoneNumber()" instead.', 16384)
 2 VENDORPATH/fakerphp/faker/src/Faker/Generator.php(962): trigger_deprecation('fakerphp/faker', '1.14', 'Accessing property "%s" is deprecated, use "%s()" instead.', 'phoneNumber', 'phoneNumber')
 3 APPPATH/Database/Seeds/ClientSeeder.php(26): Faker\Generator->__get('phoneNumber')
 4 SYSTEMPATH/Database/Seeder.php(155): App\Database\Seeds\ClientSeeder->run()
 5 SYSTEMPATH/Commands/Database/Seed.php(79): CodeIgniter\Database\Seeder->call('App\\Database\\Seeds\\ClientSeeder')
 6 SYSTEMPATH/CLI/Commands.php(72): CodeIgniter\Commands\Database\Seed->run([])
 7 SYSTEMPATH/CLI/Console.php(47): CodeIgniter\CLI\Commands->run('db:seed', [...])
 8 SYSTEMPATH/Boot.php(444): CodeIgniter\CLI\Console->run()
 9 SYSTEMPATH/Boot.php(166): CodeIgniter\Boot::runCommand(Object(CodeIgniter\CLI\Console))
10 ROOTPATH/spark(87): CodeIgniter\Boot::bootSpark(Object(Config\Paths))
WARNING - 2026-08-30 04:46:43 --> [DEPRECATED] Since fakerphp/faker 1.14: Accessing property "address" is deprecated, use "address()" instead. in VENDORPATH/symfony/deprecation-contracts/function.php on line 25.
 1 VENDORPATH/symfony/deprecation-contracts/function.php(25): trigger_error('Since fakerphp/faker 1.14: Accessing property "address" is deprecated, use "address()" instead.', 16384)
 2 VENDORPATH/fakerphp/faker/src/Faker/Generator.php(962): trigger_deprecation('fakerphp/faker', '1.14', 'Accessing property "%s" is deprecated, use "%s()" instead.', 'address', 'address')
 3 APPPATH/Database/Seeds/ClientSeeder.php(27): Faker\Generator->__get('address')
 4 SYSTEMPATH/Database/Seeder.php(155): App\Database\Seeds\ClientSeeder->run()
 5 SYSTEMPATH/Commands/Database/Seed.php(79): CodeIgniter\Database\Seeder->call('App\\Database\\Seeds\\ClientSeeder')
 6 SYSTEMPATH/CLI/Commands.php(72): CodeIgniter\Commands\Database\Seed->run([])
 7 SYSTEMPATH/CLI/Console.php(47): CodeIgniter\CLI\Commands->run('db:seed', [...])
 8 SYSTEMPATH/Boot.php(444): CodeIgniter\CLI\Console->run()
 9 SYSTEMPATH/Boot.php(166): CodeIgniter\Boot::runCommand(Object(CodeIgniter\CLI\Console))
10 ROOTPATH/spark(87): CodeIgniter\Boot::bootSpark(Object(Config\Paths))
WARNING - 2026-08-30 04:46:43 --> [DEPRECATED] Since fakerphp/faker 1.14: Accessing property "company" is deprecated, use "company()" instead. in VENDORPATH/symfony/deprecation-contracts/function.php on line 25.
 1 VENDORPATH/symfony/deprecation-contracts/function.php(25): trigger_error('Since fakerphp/faker 1.14: Accessing property "company" is deprecated, use "company()" instead.', 16384)
 2 VENDORPATH/fakerphp/faker/src/Faker/Generator.php(962): trigger_deprecation('fakerphp/faker', '1.14', 'Accessing property "%s" is deprecated, use "%s()" instead.', 'company', 'company')
 3 APPPATH/Database/Seeds/ClientSeeder.php(18): Faker\Generator->__get('company')
 4 SYSTEMPATH/Database/Seeder.php(155): App\Database\Seeds\ClientSeeder->run()
 5 SYSTEMPATH/Commands/Database/Seed.php(79): CodeIgniter\Database\Seeder->call('App\\Database\\Seeds\\ClientSeeder')
 6 SYSTEMPATH/CLI/Commands.php(72): CodeIgniter\Commands\Database\Seed->run([])
 7 SYSTEMPATH/CLI/Console.php(47): CodeIgniter\CLI\Commands->run('db:seed', [...])
 8 SYSTEMPATH/Boot.php(444): CodeIgniter\CLI\Console->run()
 9 SYSTEMPATH/Boot.php(166): CodeIgniter\Boot::runCommand(Object(CodeIgniter\CLI\Console))
10 ROOTPATH/spark(87): CodeIgniter\Boot::bootSpark(Object(Config\Paths))
WARNING - 2026-08-30 04:46:43 --> [DEPRECATED] Since fakerphp/faker 1.14: Accessing property "name" is deprecated, use "name()" instead. in VENDORPATH/symfony/deprecation-contracts/function.php on line 25.
 1 VENDORPATH/symfony/deprecation-contracts/function.php(25): trigger_error('Since fakerphp/faker 1.14: Accessing property "name" is deprecated, use "name()" instead.', 16384)
 2 VENDORPATH/fakerphp/faker/src/Faker/Generator.php(962): trigger_deprecation('fakerphp/faker', '1.14', 'Accessing property "%s" is deprecated, use "%s()" instead.', 'name', 'name')
 3 APPPATH/Database/Seeds/ClientSeeder.php(21): Faker\Generator->__get('name')
 4 SYSTEMPATH/Database/Seeder.php(155): App\Database\Seeds\ClientSeeder->run()
 5 SYSTEMPATH/Commands/Database/Seed.php(79): CodeIgniter\Database\Seeder->call('App\\Database\\Seeds\\ClientSeeder')
 6 SYSTEMPATH/CLI/Commands.php(72): CodeIgniter\Commands\Database\Seed->run([])
 7 SYSTEMPATH/CLI/Console.php(47): CodeIgniter\CLI\Commands->run('db:seed', [...])
 8 SYSTEMPATH/Boot.php(444): CodeIgniter\CLI\Console->run()
 9 SYSTEMPATH/Boot.php(166): CodeIgniter\Boot::runCommand(Object(CodeIgniter\CLI\Console))
10 ROOTPATH/spark(87): CodeIgniter\Boot::bootSpark(Object(Config\Paths))
WARNING - 2026-08-30 04:46:43 --> [DEPRECATED] Since fakerphp/faker 1.14: Accessing property "phoneNumber" is deprecated, use "phoneNumber()" instead. in VENDORPATH/symfony/deprecation-contracts/function.php on line 25.
 1 VENDORPATH/symfony/deprecation-contracts/function.php(25): trigger_error('Since fakerphp/faker 1.14: Accessing property "phoneNumber" is deprecated, use "phoneNumber()" instead.', 16384)
 2 VENDORPATH/fakerphp/faker/src/Faker/Generator.php(962): trigger_deprecation('fakerphp/faker', '1.14', 'Accessing property "%s" is deprecated, use "%s()" instead.', 'phoneNumber', 'phoneNumber')
 3 APPPATH/Database/Seeds/ClientSeeder.php(26): Faker\Generator->__get('phoneNumber')
 4 SYSTEMPATH/Database/Seeder.php(155): App\Database\Seeds\ClientSeeder->run()
 5 SYSTEMPATH/Commands/Database/Seed.php(79): CodeIgniter\Database\Seeder->call('App\\Database\\Seeds\\ClientSeeder')
 6 SYSTEMPATH/CLI/Commands.php(72): CodeIgniter\Commands\Database\Seed->run([])
 7 SYSTEMPATH/CLI/Console.php(47): CodeIgniter\CLI\Commands->run('db:seed', [...])
 8 SYSTEMPATH/Boot.php(444): CodeIgniter\CLI\Console->run()
 9 SYSTEMPATH/Boot.php(166): CodeIgniter\Boot::runCommand(Object(CodeIgniter\CLI\Console))
10 ROOTPATH/spark(87): CodeIgniter\Boot::bootSpark(Object(Config\Paths))
WARNING - 2026-08-30 04:46:43 --> [DEPRECATED] Since fakerphp/faker 1.14: Accessing property "address" is deprecated, use "address()" instead. in VENDORPATH/symfony/deprecation-contracts/function.php on line 25.
 1 VENDORPATH/symfony/deprecation-contracts/function.php(25): trigger_error('Since fakerphp/faker 1.14: Accessing property "address" is deprecated, use "address()" instead.', 16384)
 2 VENDORPATH/fakerphp/faker/src/Faker/Generator.php(962): trigger_deprecation('fakerphp/faker', '1.14', 'Accessing property "%s" is deprecated, use "%s()" instead.', 'address', 'address')
 3 APPPATH/Database/Seeds/ClientSeeder.php(27): Faker\Generator->__get('address')
 4 SYSTEMPATH/Database/Seeder.php(155): App\Database\Seeds\ClientSeeder->run()
 5 SYSTEMPATH/Commands/Database/Seed.php(79): CodeIgniter\Database\Seeder->call('App\\Database\\Seeds\\ClientSeeder')
 6 SYSTEMPATH/CLI/Commands.php(72): CodeIgniter\Commands\Database\Seed->run([])
 7 SYSTEMPATH/CLI/Console.php(47): CodeIgniter\CLI\Commands->run('db:seed', [...])
 8 SYSTEMPATH/Boot.php(444): CodeIgniter\CLI\Console->run()
 9 SYSTEMPATH/Boot.php(166): CodeIgniter\Boot::runCommand(Object(CodeIgniter\CLI\Console))
10 ROOTPATH/spark(87): CodeIgniter\Boot::bootSpark(Object(Config\Paths))
WARNING - 2026-08-30 04:46:43 --> [DEPRECATED] Since fakerphp/faker 1.14: Accessing property "company" is deprecated, use "company()" instead. in VENDORPATH/symfony/deprecation-contracts/function.php on line 25.
 1 VENDORPATH/symfony/deprecation-contracts/function.php(25): trigger_error('Since fakerphp/faker 1.14: Accessing property "company" is deprecated, use "company()" instead.', 16384)
 2 VENDORPATH/fakerphp/faker/src/Faker/Generator.php(962): trigger_deprecation('fakerphp/faker', '1.14', 'Accessing property "%s" is deprecated, use "%s()" instead.', 'company', 'company')
 3 APPPATH/Database/Seeds/ClientSeeder.php(18): Faker\Generator->__get('company')
 4 SYSTEMPATH/Database/Seeder.php(155): App\Database\Seeds\ClientSeeder->run()
 5 SYSTEMPATH/Commands/Database/Seed.php(79): CodeIgniter\Database\Seeder->call('App\\Database\\Seeds\\ClientSeeder')
 6 SYSTEMPATH/CLI/Commands.php(72): CodeIgniter\Commands\Database\Seed->run([])
 7 SYSTEMPATH/CLI/Console.php(47): CodeIgniter\CLI\Commands->run('db:seed', [...])
 8 SYSTEMPATH/Boot.php(444): CodeIgniter\CLI\Console->run()
 9 SYSTEMPATH/Boot.php(166): CodeIgniter\Boot::runCommand(Object(CodeIgniter\CLI\Console))
10 ROOTPATH/spark(87): CodeIgniter\Boot::bootSpark(Object(Config\Paths))
WARNING - 2026-08-30 04:46:43 --> [DEPRECATED] Since fakerphp/faker 1.14: Accessing property "phoneNumber" is deprecated, use "phoneNumber()" instead. in VENDORPATH/symfony/deprecation-contracts/function.php on line 25.
 1 VENDORPATH/symfony/deprecation-contracts/function.php(25): trigger_error('Since fakerphp/faker 1.14: Accessing property "phoneNumber" is deprecated, use "phoneNumber()" instead.', 16384)
 2 VENDORPATH/fakerphp/faker/src/Faker/Generator.php(962): trigger_deprecation('fakerphp/faker', '1.14', 'Accessing property "%s" is deprecated, use "%s()" instead.', 'phoneNumber', 'phoneNumber')
 3 APPPATH/Database/Seeds/ClientSeeder.php(26): Faker\Generator->__get('phoneNumber')
 4 SYSTEMPATH/Database/Seeder.php(155): App\Database\Seeds\ClientSeeder->run()
 5 SYSTEMPATH/Commands/Database/Seed.php(79): CodeIgniter\Database\Seeder->call('App\\Database\\Seeds\\ClientSeeder')
 6 SYSTEMPATH/CLI/Commands.php(72): CodeIgniter\Commands\Database\Seed->run([])
 7 SYSTEMPATH/CLI/Console.php(47): CodeIgniter\CLI\Commands->run('db:seed', [...])
 8 SYSTEMPATH/Boot.php(444): CodeIgniter\CLI\Console->run()
 9 SYSTEMPATH/Boot.php(166): CodeIgniter\Boot::runCommand(Object(CodeIgniter\CLI\Console))
10 ROOTPATH/spark(87): CodeIgniter\Boot::bootSpark(Object(Config\Paths))
WARNING - 2026-08-30 04:46:43 --> [DEPRECATED] Since fakerphp/faker 1.14: Accessing property "address" is deprecated, use "address()" instead. in VENDORPATH/symfony/deprecation-contracts/function.php on line 25.
 1 VENDORPATH/symfony/deprecation-contracts/function.php(25): trigger_error('Since fakerphp/faker 1.14: Accessing property "address" is deprecated, use "address()" instead.', 16384)
 2 VENDORPATH/fakerphp/faker/src/Faker/Generator.php(962): trigger_deprecation('fakerphp/faker', '1.14', 'Accessing property "%s" is deprecated, use "%s()" instead.', 'address', 'address')
 3 APPPATH/Database/Seeds/ClientSeeder.php(27): Faker\Generator->__get('address')
 4 SYSTEMPATH/Database/Seeder.php(155): App\Database\Seeds\ClientSeeder->run()
 5 SYSTEMPATH/Commands/Database/Seed.php(79): CodeIgniter\Database\Seeder->call('App\\Database\\Seeds\\ClientSeeder')
 6 SYSTEMPATH/CLI/Commands.php(72): CodeIgniter\Commands\Database\Seed->run([])
 7 SYSTEMPATH/CLI/Console.php(47): CodeIgniter\CLI\Commands->run('db:seed', [...])
 8 SYSTEMPATH/Boot.php(444): CodeIgniter\CLI\Console->run()
 9 SYSTEMPATH/Boot.php(166): CodeIgniter\Boot::runCommand(Object(CodeIgniter\CLI\Console))
10 ROOTPATH/spark(87): CodeIgniter\Boot::bootSpark(Object(Config\Paths))
WARNING - 2026-08-30 04:46:43 --> [DEPRECATED] Since fakerphp/faker 1.14: Accessing property "company" is deprecated, use "company()" instead. in VENDORPATH/symfony/deprecation-contracts/function.php on line 25.
 1 VENDORPATH/symfony/deprecation-contracts/function.php(25): trigger_error('Since fakerphp/faker 1.14: Accessing property "company" is deprecated, use "company()" instead.', 16384)
 2 VENDORPATH/fakerphp/faker/src/Faker/Generator.php(962): trigger_deprecation('fakerphp/faker', '1.14', 'Accessing property "%s" is deprecated, use "%s()" instead.', 'company', 'company')
 3 APPPATH/Database/Seeds/ClientSeeder.php(18): Faker\Generator->__get('company')
 4 SYSTEMPATH/Database/Seeder.php(155): App\Database\Seeds\ClientSeeder->run()
 5 SYSTEMPATH/Commands/Database/Seed.php(79): CodeIgniter\Database\Seeder->call('App\\Database\\Seeds\\ClientSeeder')
 6 SYSTEMPATH/CLI/Commands.php(72): CodeIgniter\Commands\Database\Seed->run([])
 7 SYSTEMPATH/CLI/Console.php(47): CodeIgniter\CLI\Commands->run('db:seed', [...])
 8 SYSTEMPATH/Boot.php(444): CodeIgniter\CLI\Console->run()
 9 SYSTEMPATH/Boot.php(166): CodeIgniter\Boot::runCommand(Object(CodeIgniter\CLI\Console))
10 ROOTPATH/spark(87): CodeIgniter\Boot::bootSpark(Object(Config\Paths))
WARNING - 2026-08-30 04:46:43 --> [DEPRECATED] Since fakerphp/faker 1.14: Accessing property "phoneNumber" is deprecated, use "phoneNumber()" instead. in VENDORPATH/symfony/deprecation-contracts/function.php on line 25.
 1 VENDORPATH/symfony/deprecation-contracts/function.php(25): trigger_error('Since fakerphp/faker 1.14: Accessing property "phoneNumber" is deprecated, use "phoneNumber()" instead.', 16384)
 2 VENDORPATH/fakerphp/faker/src/Faker/Generator.php(962): trigger_deprecation('fakerphp/faker', '1.14', 'Accessing property "%s" is deprecated, use "%s()" instead.', 'phoneNumber', 'phoneNumber')
 3 APPPATH/Database/Seeds/ClientSeeder.php(26): Faker\Generator->__get('phoneNumber')
 4 SYSTEMPATH/Database/Seeder.php(155): App\Database\Seeds\ClientSeeder->run()
 5 SYSTEMPATH/Commands/Database/Seed.php(79): CodeIgniter\Database\Seeder->call('App\\Database\\Seeds\\ClientSeeder')
 6 SYSTEMPATH/CLI/Commands.php(72): CodeIgniter\Commands\Database\Seed->run([])
 7 SYSTEMPATH/CLI/Console.php(47): CodeIgniter\CLI\Commands->run('db:seed', [...])
 8 SYSTEMPATH/Boot.php(444): CodeIgniter\CLI\Console->run()
 9 SYSTEMPATH/Boot.php(166): CodeIgniter\Boot::runCommand(Object(CodeIgniter\CLI\Console))
10 ROOTPATH/spark(87): CodeIgniter\Boot::bootSpark(Object(Config\Paths))
WARNING - 2026-08-30 04:46:43 --> [DEPRECATED] Since fakerphp/faker 1.14: Accessing property "address" is deprecated, use "address()" instead. in VENDORPATH/symfony/deprecation-contracts/function.php on line 25.
 1 VENDORPATH/symfony/deprecation-contracts/function.php(25): trigger_error('Since fakerphp/faker 1.14: Accessing property "address" is deprecated, use "address()" instead.', 16384)
 2 VENDORPATH/fakerphp/faker/src/Faker/Generator.php(962): trigger_deprecation('fakerphp/faker', '1.14', 'Accessing property "%s" is deprecated, use "%s()" instead.', 'address', 'address')
 3 APPPATH/Database/Seeds/ClientSeeder.php(27): Faker\Generator->__get('address')
 4 SYSTEMPATH/Database/Seeder.php(155): App\Database\Seeds\ClientSeeder->run()
 5 SYSTEMPATH/Commands/Database/Seed.php(79): CodeIgniter\Database\Seeder->call('App\\Database\\Seeds\\ClientSeeder')
 6 SYSTEMPATH/CLI/Commands.php(72): CodeIgniter\Commands\Database\Seed->run([])
 7 SYSTEMPATH/CLI/Console.php(47): CodeIgniter\CLI\Commands->run('db:seed', [...])
 8 SYSTEMPATH/Boot.php(444): CodeIgniter\CLI\Console->run()
 9 SYSTEMPATH/Boot.php(166): CodeIgniter\Boot::runCommand(Object(CodeIgniter\CLI\Console))
10 ROOTPATH/spark(87): CodeIgniter\Boot::bootSpark(Object(Config\Paths))
WARNING - 2026-08-30 04:46:43 --> [DEPRECATED] Since fakerphp/faker 1.14: Accessing property "company" is deprecated, use "company()" instead. in VENDORPATH/symfony/deprecation-contracts/function.php on line 25.
 1 VENDORPATH/symfony/deprecation-contracts/function.php(25): trigger_error('Since fakerphp/faker 1.14: Accessing property "company" is deprecated, use "company()" instead.', 16384)
 2 VENDORPATH/fakerphp/faker/src/Faker/Generator.php(962): trigger_deprecation('fakerphp/faker', '1.14', 'Accessing property "%s" is deprecated, use "%s()" instead.', 'company', 'company')
 3 APPPATH/Database/Seeds/ClientSeeder.php(18): Faker\Generator->__get('company')
 4 SYSTEMPATH/Database/Seeder.php(155): App\Database\Seeds\ClientSeeder->run()
 5 SYSTEMPATH/Commands/Database/Seed.php(79): CodeIgniter\Database\Seeder->call('App\\Database\\Seeds\\ClientSeeder')
 6 SYSTEMPATH/CLI/Commands.php(72): CodeIgniter\Commands\Database\Seed->run([])
 7 SYSTEMPATH/CLI/Console.php(47): CodeIgniter\CLI\Commands->run('db:seed', [...])
 8 SYSTEMPATH/Boot.php(444): CodeIgniter\CLI\Console->run()
 9 SYSTEMPATH/Boot.php(166): CodeIgniter\Boot::runCommand(Object(CodeIgniter\CLI\Console))
10 ROOTPATH/spark(87): CodeIgniter\Boot::bootSpark(Object(Config\Paths))
WARNING - 2026-08-30 04:46:43 --> [DEPRECATED] Since fakerphp/faker 1.14: Accessing property "name" is deprecated, use "name()" instead. in VENDORPATH/symfony/deprecation-contracts/function.php on line 25.
 1 VENDORPATH/symfony/deprecation-contracts/function.php(25): trigger_error('Since fakerphp/faker 1.14: Accessing property "name" is deprecated, use "name()" instead.', 16384)
 2 VENDORPATH/fakerphp/faker/src/Faker/Generator.php(962): trigger_deprecation('fakerphp/faker', '1.14', 'Accessing property "%s" is deprecated, use "%s()" instead.', 'name', 'name')
 3 APPPATH/Database/Seeds/ClientSeeder.php(21): Faker\Generator->__get('name')
 4 SYSTEMPATH/Database/Seeder.php(155): App\Database\Seeds\ClientSeeder->run()
 5 SYSTEMPATH/Commands/Database/Seed.php(79): CodeIgniter\Database\Seeder->call('App\\Database\\Seeds\\ClientSeeder')
 6 SYSTEMPATH/CLI/Commands.php(72): CodeIgniter\Commands\Database\Seed->run([])
 7 SYSTEMPATH/CLI/Console.php(47): CodeIgniter\CLI\Commands->run('db:seed', [...])
 8 SYSTEMPATH/Boot.php(444): CodeIgniter\CLI\Console->run()
 9 SYSTEMPATH/Boot.php(166): CodeIgniter\Boot::runCommand(Object(CodeIgniter\CLI\Console))
10 ROOTPATH/spark(87): CodeIgniter\Boot::bootSpark(Object(Config\Paths))
WARNING - 2026-08-30 04:46:43 --> [DEPRECATED] Since fakerphp/faker 1.14: Accessing property "phoneNumber" is deprecated, use "phoneNumber()" instead. in VENDORPATH/symfony/deprecation-contracts/function.php on line 25.
 1 VENDORPATH/symfony/deprecation-contracts/function.php(25): trigger_error('Since fakerphp/faker 1.14: Accessing property "phoneNumber" is deprecated, use "phoneNumber()" instead.', 16384)
 2 VENDORPATH/fakerphp/faker/src/Faker/Generator.php(962): trigger_deprecation('fakerphp/faker', '1.14', 'Accessing property "%s" is deprecated, use "%s()" instead.', 'phoneNumber', 'phoneNumber')
 3 APPPATH/Database/Seeds/ClientSeeder.php(26): Faker\Generator->__get('phoneNumber')
 4 SYSTEMPATH/Database/Seeder.php(155): App\Database\Seeds\ClientSeeder->run()
 5 SYSTEMPATH/Commands/Database/Seed.php(79): CodeIgniter\Database\Seeder->call('App\\Database\\Seeds\\ClientSeeder')
 6 SYSTEMPATH/CLI/Commands.php(72): CodeIgniter\Commands\Database\Seed->run([])
 7 SYSTEMPATH/CLI/Console.php(47): CodeIgniter\CLI\Commands->run('db:seed', [...])
 8 SYSTEMPATH/Boot.php(444): CodeIgniter\CLI\Console->run()
 9 SYSTEMPATH/Boot.php(166): CodeIgniter\Boot::runCommand(Object(CodeIgniter\CLI\Console))
10 ROOTPATH/spark(87): CodeIgniter\Boot::bootSpark(Object(Config\Paths))
WARNING - 2026-08-30 04:46:43 --> [DEPRECATED] Since fakerphp/faker 1.14: Accessing property "address" is deprecated, use "address()" instead. in VENDORPATH/symfony/deprecation-contracts/function.php on line 25.
 1 VENDORPATH/symfony/deprecation-contracts/function.php(25): trigger_error('Since fakerphp/faker 1.14: Accessing property "address" is deprecated, use "address()" instead.', 16384)
 2 VENDORPATH/fakerphp/faker/src/Faker/Generator.php(962): trigger_deprecation('fakerphp/faker', '1.14', 'Accessing property "%s" is deprecated, use "%s()" instead.', 'address', 'address')
 3 APPPATH/Database/Seeds/ClientSeeder.php(27): Faker\Generator->__get('address')
 4 SYSTEMPATH/Database/Seeder.php(155): App\Database\Seeds\ClientSeeder->run()
 5 SYSTEMPATH/Commands/Database/Seed.php(79): CodeIgniter\Database\Seeder->call('App\\Database\\Seeds\\ClientSeeder')
 6 SYSTEMPATH/CLI/Commands.php(72): CodeIgniter\Commands\Database\Seed->run([])
 7 SYSTEMPATH/CLI/Console.php(47): CodeIgniter\CLI\Commands->run('db:seed', [...])
 8 SYSTEMPATH/Boot.php(444): CodeIgniter\CLI\Console->run()
 9 SYSTEMPATH/Boot.php(166): CodeIgniter\Boot::runCommand(Object(CodeIgniter\CLI\Console))
10 ROOTPATH/spark(87): CodeIgniter\Boot::bootSpark(Object(Config\Paths))
WARNING - 2026-08-30 04:46:43 --> [DEPRECATED] Since fakerphp/faker 1.14: Accessing property "company" is deprecated, use "company()" instead. in VENDORPATH/symfony/deprecation-contracts/function.php on line 25.
 1 VENDORPATH/symfony/deprecation-contracts/function.php(25): trigger_error('Since fakerphp/faker 1.14: Accessing property "company" is deprecated, use "company()" instead.', 16384)
 2 VENDORPATH/fakerphp/faker/src/Faker/Generator.php(962): trigger_deprecation('fakerphp/faker', '1.14', 'Accessing property "%s" is deprecated, use "%s()" instead.', 'company', 'company')
 3 APPPATH/Database/Seeds/ClientSeeder.php(18): Faker\Generator->__get('company')
 4 SYSTEMPATH/Database/Seeder.php(155): App\Database\Seeds\ClientSeeder->run()
 5 SYSTEMPATH/Commands/Database/Seed.php(79): CodeIgniter\Database\Seeder->call('App\\Database\\Seeds\\ClientSeeder')
 6 SYSTEMPATH/CLI/Commands.php(72): CodeIgniter\Commands\Database\Seed->run([])
 7 SYSTEMPATH/CLI/Console.php(47): CodeIgniter\CLI\Commands->run('db:seed', [...])
 8 SYSTEMPATH/Boot.php(444): CodeIgniter\CLI\Console->run()
 9 SYSTEMPATH/Boot.php(166): CodeIgniter\Boot::runCommand(Object(CodeIgniter\CLI\Console))
10 ROOTPATH/spark(87): CodeIgniter\Boot::bootSpark(Object(Config\Paths))
WARNING - 2026-08-30 04:46:43 --> [DEPRECATED] Since fakerphp/faker 1.14: Accessing property "phoneNumber" is deprecated, use "phoneNumber()" instead. in VENDORPATH/symfony/deprecation-contracts/function.php on line 25.
 1 VENDORPATH/symfony/deprecation-contracts/function.php(25): trigger_error('Since fakerphp/faker 1.14: Accessing property "phoneNumber" is deprecated, use "phoneNumber()" instead.', 16384)
 2 VENDORPATH/fakerphp/faker/src/Faker/Generator.php(962): trigger_deprecation('fakerphp/faker', '1.14', 'Accessing property "%s" is deprecated, use "%s()" instead.', 'phoneNumber', 'phoneNumber')
 3 APPPATH/Database/Seeds/ClientSeeder.php(26): Faker\Generator->__get('phoneNumber')
 4 SYSTEMPATH/Database/Seeder.php(155): App\Database\Seeds\ClientSeeder->run()
 5 SYSTEMPATH/Commands/Database/Seed.php(79): CodeIgniter\Database\Seeder->call('App\\Database\\Seeds\\ClientSeeder')
 6 SYSTEMPATH/CLI/Commands.php(72): CodeIgniter\Commands\Database\Seed->run([])
 7 SYSTEMPATH/CLI/Console.php(47): CodeIgniter\CLI\Commands->run('db:seed', [...])
 8 SYSTEMPATH/Boot.php(444): CodeIgniter\CLI\Console->run()
 9 SYSTEMPATH/Boot.php(166): CodeIgniter\Boot::runCommand(Object(CodeIgniter\CLI\Console))
10 ROOTPATH/spark(87): CodeIgniter\Boot::bootSpark(Object(Config\Paths))
WARNING - 2026-08-30 04:46:43 --> [DEPRECATED] Since fakerphp/faker 1.14: Accessing property "address" is deprecated, use "address()" instead. in VENDORPATH/symfony/deprecation-contracts/function.php on line 25.
 1 VENDORPATH/symfony/deprecation-contracts/function.php(25): trigger_error('Since fakerphp/faker 1.14: Accessing property "address" is deprecated, use "address()" instead.', 16384)
 2 VENDORPATH/fakerphp/faker/src/Faker/Generator.php(962): trigger_deprecation('fakerphp/faker', '1.14', 'Accessing property "%s" is deprecated, use "%s()" instead.', 'address', 'address')
 3 APPPATH/Database/Seeds/ClientSeeder.php(27): Faker\Generator->__get('address')
 4 SYSTEMPATH/Database/Seeder.php(155): App\Database\Seeds\ClientSeeder->run()
 5 SYSTEMPATH/Commands/Database/Seed.php(79): CodeIgniter\Database\Seeder->call('App\\Database\\Seeds\\ClientSeeder')
 6 SYSTEMPATH/CLI/Commands.php(72): CodeIgniter\Commands\Database\Seed->run([])
 7 SYSTEMPATH/CLI/Console.php(47): CodeIgniter\CLI\Commands->run('db:seed', [...])
 8 SYSTEMPATH/Boot.php(444): CodeIgniter\CLI\Console->run()
 9 SYSTEMPATH/Boot.php(166): CodeIgniter\Boot::runCommand(Object(CodeIgniter\CLI\Console))
10 ROOTPATH/spark(87): CodeIgniter\Boot::bootSpark(Object(Config\Paths))
WARNING - 2026-08-30 04:46:43 --> [DEPRECATED] Since fakerphp/faker 1.14: Accessing property "company" is deprecated, use "company()" instead. in VENDORPATH/symfony/deprecation-contracts/function.php on line 25.
 1 VENDORPATH/symfony/deprecation-contracts/function.php(25): trigger_error('Since fakerphp/faker 1.14: Accessing property "company" is deprecated, use "company()" instead.', 16384)
 2 VENDORPATH/fakerphp/faker/src/Faker/Generator.php(962): trigger_deprecation('fakerphp/faker', '1.14', 'Accessing property "%s" is deprecated, use "%s()" instead.', 'company', 'company')
 3 APPPATH/Database/Seeds/ClientSeeder.php(18): Faker\Generator->__get('company')
 4 SYSTEMPATH/Database/Seeder.php(155): App\Database\Seeds\ClientSeeder->run()
 5 SYSTEMPATH/Commands/Database/Seed.php(79): CodeIgniter\Database\Seeder->call('App\\Database\\Seeds\\ClientSeeder')
 6 SYSTEMPATH/CLI/Commands.php(72): CodeIgniter\Commands\Database\Seed->run([])
 7 SYSTEMPATH/CLI/Console.php(47): CodeIgniter\CLI\Commands->run('db:seed', [...])
 8 SYSTEMPATH/Boot.php(444): CodeIgniter\CLI\Console->run()
 9 SYSTEMPATH/Boot.php(166): CodeIgniter\Boot::runCommand(Object(CodeIgniter\CLI\Console))
10 ROOTPATH/spark(87): CodeIgniter\Boot::bootSpark(Object(Config\Paths))
WARNING - 2026-08-30 04:46:43 --> [DEPRECATED] Since fakerphp/faker 1.14: Accessing property "phoneNumber" is deprecated, use "phoneNumber()" instead. in VENDORPATH/symfony/deprecation-contracts/function.php on line 25.
 1 VENDORPATH/symfony/deprecation-contracts/function.php(25): trigger_error('Since fakerphp/faker 1.14: Accessing property "phoneNumber" is deprecated, use "phoneNumber()" instead.', 16384)
 2 VENDORPATH/fakerphp/faker/src/Faker/Generator.php(962): trigger_deprecation('fakerphp/faker', '1.14', 'Accessing property "%s" is deprecated, use "%s()" instead.', 'phoneNumber', 'phoneNumber')
 3 APPPATH/Database/Seeds/ClientSeeder.php(26): Faker\Generator->__get('phoneNumber')
 4 SYSTEMPATH/Database/Seeder.php(155): App\Database\Seeds\ClientSeeder->run()
 5 SYSTEMPATH/Commands/Database/Seed.php(79): CodeIgniter\Database\Seeder->call('App\\Database\\Seeds\\ClientSeeder')
 6 SYSTEMPATH/CLI/Commands.php(72): CodeIgniter\Commands\Database\Seed->run([])
 7 SYSTEMPATH/CLI/Console.php(47): CodeIgniter\CLI\Commands->run('db:seed', [...])
 8 SYSTEMPATH/Boot.php(444): CodeIgniter\CLI\Console->run()
 9 SYSTEMPATH/Boot.php(166): CodeIgniter\Boot::runCommand(Object(CodeIgniter\CLI\Console))
10 ROOTPATH/spark(87): CodeIgniter\Boot::bootSpark(Object(Config\Paths))
WARNING - 2026-08-30 04:46:43 --> [DEPRECATED] Since fakerphp/faker 1.14: Accessing property "address" is deprecated, use "address()" instead. in VENDORPATH/symfony/deprecation-contracts/function.php on line 25.
 1 VENDORPATH/symfony/deprecation-contracts/function.php(25): trigger_error('Since fakerphp/faker 1.14: Accessing property "address" is deprecated, use "address()" instead.', 16384)
 2 VENDORPATH/fakerphp/faker/src/Faker/Generator.php(962): trigger_deprecation('fakerphp/faker', '1.14', 'Accessing property "%s" is deprecated, use "%s()" instead.', 'address', 'address')
 3 APPPATH/Database/Seeds/ClientSeeder.php(27): Faker\Generator->__get('address')
 4 SYSTEMPATH/Database/Seeder.php(155): App\Database\Seeds\ClientSeeder->run()
 5 SYSTEMPATH/Commands/Database/Seed.php(79): CodeIgniter\Database\Seeder->call('App\\Database\\Seeds\\ClientSeeder')
 6 SYSTEMPATH/CLI/Commands.php(72): CodeIgniter\Commands\Database\Seed->run([])
 7 SYSTEMPATH/CLI/Console.php(47): CodeIgniter\CLI\Commands->run('db:seed', [...])
 8 SYSTEMPATH/Boot.php(444): CodeIgniter\CLI\Console->run()
 9 SYSTEMPATH/Boot.php(166): CodeIgniter\Boot::runCommand(Object(CodeIgniter\CLI\Console))
10 ROOTPATH/spark(87): CodeIgniter\Boot::bootSpark(Object(Config\Paths))
WARNING - 2026-08-30 04:46:43 --> [DEPRECATED] Since fakerphp/faker 1.14: Accessing property "company" is deprecated, use "company()" instead. in VENDORPATH/symfony/deprecation-contracts/function.php on line 25.
 1 VENDORPATH/symfony/deprecation-contracts/function.php(25): trigger_error('Since fakerphp/faker 1.14: Accessing property "company" is deprecated, use "company()" instead.', 16384)
 2 VENDORPATH/fakerphp/faker/src/Faker/Generator.php(962): trigger_deprecation('fakerphp/faker', '1.14', 'Accessing property "%s" is deprecated, use "%s()" instead.', 'company', 'company')
 3 APPPATH/Database/Seeds/ClientSeeder.php(18): Faker\Generator->__get('company')
 4 SYSTEMPATH/Database/Seeder.php(155): App\Database\Seeds\ClientSeeder->run()
 5 SYSTEMPATH/Commands/Database/Seed.php(79): CodeIgniter\Database\Seeder->call('App\\Database\\Seeds\\ClientSeeder')
 6 SYSTEMPATH/CLI/Commands.php(72): CodeIgniter\Commands\Database\Seed->run([])
 7 SYSTEMPATH/CLI/Console.php(47): CodeIgniter\CLI\Commands->run('db:seed', [...])
 8 SYSTEMPATH/Boot.php(444): CodeIgniter\CLI\Console->run()
 9 SYSTEMPATH/Boot.php(166): CodeIgniter\Boot::runCommand(Object(CodeIgniter\CLI\Console))
10 ROOTPATH/spark(87): CodeIgniter\Boot::bootSpark(Object(Config\Paths))
WARNING - 2026-08-30 04:46:43 --> [DEPRECATED] Since fakerphp/faker 1.14: Accessing property "name" is deprecated, use "name()" instead. in VENDORPATH/symfony/deprecation-contracts/function.php on line 25.
 1 VENDORPATH/symfony/deprecation-contracts/function.php(25): trigger_error('Since fakerphp/faker 1.14: Accessing property "name" is deprecated, use "name()" instead.', 16384)
 2 VENDORPATH/fakerphp/faker/src/Faker/Generator.php(962): trigger_deprecation('fakerphp/faker', '1.14', 'Accessing property "%s" is deprecated, use "%s()" instead.', 'name', 'name')
 3 APPPATH/Database/Seeds/ClientSeeder.php(21): Faker\Generator->__get('name')
 4 SYSTEMPATH/Database/Seeder.php(155): App\Database\Seeds\ClientSeeder->run()
 5 SYSTEMPATH/Commands/Database/Seed.php(79): CodeIgniter\Database\Seeder->call('App\\Database\\Seeds\\ClientSeeder')
 6 SYSTEMPATH/CLI/Commands.php(72): CodeIgniter\Commands\Database\Seed->run([])
 7 SYSTEMPATH/CLI/Console.php(47): CodeIgniter\CLI\Commands->run('db:seed', [...])
 8 SYSTEMPATH/Boot.php(444): CodeIgniter\CLI\Console->run()
 9 SYSTEMPATH/Boot.php(166): CodeIgniter\Boot::runCommand(Object(CodeIgniter\CLI\Console))
10 ROOTPATH/spark(87): CodeIgniter\Boot::bootSpark(Object(Config\Paths))
WARNING - 2026-08-30 04:46:43 --> [DEPRECATED] Since fakerphp/faker 1.14: Accessing property "phoneNumber" is deprecated, use "phoneNumber()" instead. in VENDORPATH/symfony/deprecation-contracts/function.php on line 25.
 1 VENDORPATH/symfony/deprecation-contracts/function.php(25): trigger_error('Since fakerphp/faker 1.14: Accessing property "phoneNumber" is deprecated, use "phoneNumber()" instead.', 16384)
 2 VENDORPATH/fakerphp/faker/src/Faker/Generator.php(962): trigger_deprecation('fakerphp/faker', '1.14', 'Accessing property "%s" is deprecated, use "%s()" instead.', 'phoneNumber', 'phoneNumber')
 3 APPPATH/Database/Seeds/ClientSeeder.php(26): Faker\Generator->__get('phoneNumber')
 4 SYSTEMPATH/Database/Seeder.php(155): App\Database\Seeds\ClientSeeder->run()
 5 SYSTEMPATH/Commands/Database/Seed.php(79): CodeIgniter\Database\Seeder->call('App\\Database\\Seeds\\ClientSeeder')
 6 SYSTEMPATH/CLI/Commands.php(72): CodeIgniter\Commands\Database\Seed->run([])
 7 SYSTEMPATH/CLI/Console.php(47): CodeIgniter\CLI\Commands->run('db:seed', [...])
 8 SYSTEMPATH/Boot.php(444): CodeIgniter\CLI\Console->run()
 9 SYSTEMPATH/Boot.php(166): CodeIgniter\Boot::runCommand(Object(CodeIgniter\CLI\Console))
10 ROOTPATH/spark(87): CodeIgniter\Boot::bootSpark(Object(Config\Paths))
WARNING - 2026-08-30 04:46:43 --> [DEPRECATED] Since fakerphp/faker 1.14: Accessing property "address" is deprecated, use "address()" instead. in VENDORPATH/symfony/deprecation-contracts/function.php on line 25.
 1 VENDORPATH/symfony/deprecation-contracts/function.php(25): trigger_error('Since fakerphp/faker 1.14: Accessing property "address" is deprecated, use "address()" instead.', 16384)
 2 VENDORPATH/fakerphp/faker/src/Faker/Generator.php(962): trigger_deprecation('fakerphp/faker', '1.14', 'Accessing property "%s" is deprecated, use "%s()" instead.', 'address', 'address')
 3 APPPATH/Database/Seeds/ClientSeeder.php(27): Faker\Generator->__get('address')
 4 SYSTEMPATH/Database/Seeder.php(155): App\Database\Seeds\ClientSeeder->run()
 5 SYSTEMPATH/Commands/Database/Seed.php(79): CodeIgniter\Database\Seeder->call('App\\Database\\Seeds\\ClientSeeder')
 6 SYSTEMPATH/CLI/Commands.php(72): CodeIgniter\Commands\Database\Seed->run([])
 7 SYSTEMPATH/CLI/Console.php(47): CodeIgniter\CLI\Commands->run('db:seed', [...])
 8 SYSTEMPATH/Boot.php(444): CodeIgniter\CLI\Console->run()
 9 SYSTEMPATH/Boot.php(166): CodeIgniter\Boot::runCommand(Object(CodeIgniter\CLI\Console))
10 ROOTPATH/spark(87): CodeIgniter\Boot::bootSpark(Object(Config\Paths))
WARNING - 2026-08-30 04:46:43 --> [DEPRECATED] Since fakerphp/faker 1.14: Accessing property "company" is deprecated, use "company()" instead. in VENDORPATH/symfony/deprecation-contracts/function.php on line 25.
 1 VENDORPATH/symfony/deprecation-contracts/function.php(25): trigger_error('Since fakerphp/faker 1.14: Accessing property "company" is deprecated, use "company()" instead.', 16384)
 2 VENDORPATH/fakerphp/faker/src/Faker/Generator.php(962): trigger_deprecation('fakerphp/faker', '1.14', 'Accessing property "%s" is deprecated, use "%s()" instead.', 'company', 'company')
 3 APPPATH/Database/Seeds/ClientSeeder.php(18): Faker\Generator->__get('company')
 4 SYSTEMPATH/Database/Seeder.php(155): App\Database\Seeds\ClientSeeder->run()
 5 SYSTEMPATH/Commands/Database/Seed.php(79): CodeIgniter\Database\Seeder->call('App\\Database\\Seeds\\ClientSeeder')
 6 SYSTEMPATH/CLI/Commands.php(72): CodeIgniter\Commands\Database\Seed->run([])
 7 SYSTEMPATH/CLI/Console.php(47): CodeIgniter\CLI\Commands->run('db:seed', [...])
 8 SYSTEMPATH/Boot.php(444): CodeIgniter\CLI\Console->run()
 9 SYSTEMPATH/Boot.php(166): CodeIgniter\Boot::runCommand(Object(CodeIgniter\CLI\Console))
10 ROOTPATH/spark(87): CodeIgniter\Boot::bootSpark(Object(Config\Paths))
WARNING - 2026-08-30 04:46:43 --> [DEPRECATED] Since fakerphp/faker 1.14: Accessing property "phoneNumber" is deprecated, use "phoneNumber()" instead. in VENDORPATH/symfony/deprecation-contracts/function.php on line 25.
 1 VENDORPATH/symfony/deprecation-contracts/function.php(25): trigger_error('Since fakerphp/faker 1.14: Accessing property "phoneNumber" is deprecated, use "phoneNumber()" instead.', 16384)
 2 VENDORPATH/fakerphp/faker/src/Faker/Generator.php(962): trigger_deprecation('fakerphp/faker', '1.14', 'Accessing property "%s" is deprecated, use "%s()" instead.', 'phoneNumber', 'phoneNumber')
 3 APPPATH/Database/Seeds/ClientSeeder.php(26): Faker\Generator->__get('phoneNumber')
 4 SYSTEMPATH/Database/Seeder.php(155): App\Database\Seeds\ClientSeeder->run()
 5 SYSTEMPATH/Commands/Database/Seed.php(79): CodeIgniter\Database\Seeder->call('App\\Database\\Seeds\\ClientSeeder')
 6 SYSTEMPATH/CLI/Commands.php(72): CodeIgniter\Commands\Database\Seed->run([])
 7 SYSTEMPATH/CLI/Console.php(47): CodeIgniter\CLI\Commands->run('db:seed', [...])
 8 SYSTEMPATH/Boot.php(444): CodeIgniter\CLI\Console->run()
 9 SYSTEMPATH/Boot.php(166): CodeIgniter\Boot::runCommand(Object(CodeIgniter\CLI\Console))
10 ROOTPATH/spark(87): CodeIgniter\Boot::bootSpark(Object(Config\Paths))
WARNING - 2026-08-30 04:46:43 --> [DEPRECATED] Since fakerphp/faker 1.14: Accessing property "address" is deprecated, use "address()" instead. in VENDORPATH/symfony/deprecation-contracts/function.php on line 25.
 1 VENDORPATH/symfony/deprecation-contracts/function.php(25): trigger_error('Since fakerphp/faker 1.14: Accessing property "address" is deprecated, use "address()" instead.', 16384)
 2 VENDORPATH/fakerphp/faker/src/Faker/Generator.php(962): trigger_deprecation('fakerphp/faker', '1.14', 'Accessing property "%s" is deprecated, use "%s()" instead.', 'address', 'address')
 3 APPPATH/Database/Seeds/ClientSeeder.php(27): Faker\Generator->__get('address')
 4 SYSTEMPATH/Database/Seeder.php(155): App\Database\Seeds\ClientSeeder->run()
 5 SYSTEMPATH/Commands/Database/Seed.php(79): CodeIgniter\Database\Seeder->call('App\\Database\\Seeds\\ClientSeeder')
 6 SYSTEMPATH/CLI/Commands.php(72): CodeIgniter\Commands\Database\Seed->run([])
 7 SYSTEMPATH/CLI/Console.php(47): CodeIgniter\CLI\Commands->run('db:seed', [...])
 8 SYSTEMPATH/Boot.php(444): CodeIgniter\CLI\Console->run()
 9 SYSTEMPATH/Boot.php(166): CodeIgniter\Boot::runCommand(Object(CodeIgniter\CLI\Console))
10 ROOTPATH/spark(87): CodeIgniter\Boot::bootSpark(Object(Config\Paths))
WARNING - 2026-08-30 04:46:43 --> [DEPRECATED] Since fakerphp/faker 1.14: Accessing property "company" is deprecated, use "company()" instead. in VENDORPATH/symfony/deprecation-contracts/function.php on line 25.
 1 VENDORPATH/symfony/deprecation-contracts/function.php(25): trigger_error('Since fakerphp/faker 1.14: Accessing property "company" is deprecated, use "company()" instead.', 16384)
 2 VENDORPATH/fakerphp/faker/src/Faker/Generator.php(962): trigger_deprecation('fakerphp/faker', '1.14', 'Accessing property "%s" is deprecated, use "%s()" instead.', 'company', 'company')
 3 APPPATH/Database/Seeds/ClientSeeder.php(18): Faker\Generator->__get('company')
 4 SYSTEMPATH/Database/Seeder.php(155): App\Database\Seeds\ClientSeeder->run()
 5 SYSTEMPATH/Commands/Database/Seed.php(79): CodeIgniter\Database\Seeder->call('App\\Database\\Seeds\\ClientSeeder')
 6 SYSTEMPATH/CLI/Commands.php(72): CodeIgniter\Commands\Database\Seed->run([])
 7 SYSTEMPATH/CLI/Console.php(47): CodeIgniter\CLI\Commands->run('db:seed', [...])
 8 SYSTEMPATH/Boot.php(444): CodeIgniter\CLI\Console->run()
 9 SYSTEMPATH/Boot.php(166): CodeIgniter\Boot::runCommand(Object(CodeIgniter\CLI\Console))
10 ROOTPATH/spark(87): CodeIgniter\Boot::bootSpark(Object(Config\Paths))
WARNING - 2026-08-30 04:46:43 --> [DEPRECATED] Since fakerphp/faker 1.14: Accessing property "phoneNumber" is deprecated, use "phoneNumber()" instead. in VENDORPATH/symfony/deprecation-contracts/function.php on line 25.
 1 VENDORPATH/symfony/deprecation-contracts/function.php(25): trigger_error('Since fakerphp/faker 1.14: Accessing property "phoneNumber" is deprecated, use "phoneNumber()" instead.', 16384)
 2 VENDORPATH/fakerphp/faker/src/Faker/Generator.php(962): trigger_deprecation('fakerphp/faker', '1.14', 'Accessing property "%s" is deprecated, use "%s()" instead.', 'phoneNumber', 'phoneNumber')
 3 APPPATH/Database/Seeds/ClientSeeder.php(26): Faker\Generator->__get('phoneNumber')
 4 SYSTEMPATH/Database/Seeder.php(155): App\Database\Seeds\ClientSeeder->run()
 5 SYSTEMPATH/Commands/Database/Seed.php(79): CodeIgniter\Database\Seeder->call('App\\Database\\Seeds\\ClientSeeder')
 6 SYSTEMPATH/CLI/Commands.php(72): CodeIgniter\Commands\Database\Seed->run([])
 7 SYSTEMPATH/CLI/Console.php(47): CodeIgniter\CLI\Commands->run('db:seed', [...])
 8 SYSTEMPATH/Boot.php(444): CodeIgniter\CLI\Console->run()
 9 SYSTEMPATH/Boot.php(166): CodeIgniter\Boot::runCommand(Object(CodeIgniter\CLI\Console))
10 ROOTPATH/spark(87): CodeIgniter\Boot::bootSpark(Object(Config\Paths))
WARNING - 2026-08-30 04:46:43 --> [DEPRECATED] Since fakerphp/faker 1.14: Accessing property "address" is deprecated, use "address()" instead. in VENDORPATH/symfony/deprecation-contracts/function.php on line 25.
 1 VENDORPATH/symfony/deprecation-contracts/function.php(25): trigger_error('Since fakerphp/faker 1.14: Accessing property "address" is deprecated, use "address()" instead.', 16384)
 2 VENDORPATH/fakerphp/faker/src/Faker/Generator.php(962): trigger_deprecation('fakerphp/faker', '1.14', 'Accessing property "%s" is deprecated, use "%s()" instead.', 'address', 'address')
 3 APPPATH/Database/Seeds/ClientSeeder.php(27): Faker\Generator->__get('address')
 4 SYSTEMPATH/Database/Seeder.php(155): App\Database\Seeds\ClientSeeder->run()
 5 SYSTEMPATH/Commands/Database/Seed.php(79): CodeIgniter\Database\Seeder->call('App\\Database\\Seeds\\ClientSeeder')
 6 SYSTEMPATH/CLI/Commands.php(72): CodeIgniter\Commands\Database\Seed->run([])
 7 SYSTEMPATH/CLI/Console.php(47): CodeIgniter\CLI\Commands->run('db:seed', [...])
 8 SYSTEMPATH/Boot.php(444): CodeIgniter\CLI\Console->run()
 9 SYSTEMPATH/Boot.php(166): CodeIgniter\Boot::runCommand(Object(CodeIgniter\CLI\Console))
10 ROOTPATH/spark(87): CodeIgniter\Boot::bootSpark(Object(Config\Paths))
WARNING - 2026-08-30 04:46:43 --> [DEPRECATED] Since fakerphp/faker 1.14: Accessing property "company" is deprecated, use "company()" instead. in VENDORPATH/symfony/deprecation-contracts/function.php on line 25.
 1 VENDORPATH/symfony/deprecation-contracts/function.php(25): trigger_error('Since fakerphp/faker 1.14: Accessing property "company" is deprecated, use "company()" instead.', 16384)
 2 VENDORPATH/fakerphp/faker/src/Faker/Generator.php(962): trigger_deprecation('fakerphp/faker', '1.14', 'Accessing property "%s" is deprecated, use "%s()" instead.', 'company', 'company')
 3 APPPATH/Database/Seeds/ClientSeeder.php(18): Faker\Generator->__get('company')
 4 SYSTEMPATH/Database/Seeder.php(155): App\Database\Seeds\ClientSeeder->run()
 5 SYSTEMPATH/Commands/Database/Seed.php(79): CodeIgniter\Database\Seeder->call('App\\Database\\Seeds\\ClientSeeder')
 6 SYSTEMPATH/CLI/Commands.php(72): CodeIgniter\Commands\Database\Seed->run([])
 7 SYSTEMPATH/CLI/Console.php(47): CodeIgniter\CLI\Commands->run('db:seed', [...])
 8 SYSTEMPATH/Boot.php(444): CodeIgniter\CLI\Console->run()
 9 SYSTEMPATH/Boot.php(166): CodeIgniter\Boot::runCommand(Object(CodeIgniter\CLI\Console))
10 ROOTPATH/spark(87): CodeIgniter\Boot::bootSpark(Object(Config\Paths))
WARNING - 2026-08-30 04:46:43 --> [DEPRECATED] Since fakerphp/faker 1.14: Accessing property "name" is deprecated, use "name()" instead. in VENDORPATH/symfony/deprecation-contracts/function.php on line 25.
 1 VENDORPATH/symfony/deprecation-contracts/function.php(25): trigger_error('Since fakerphp/faker 1.14: Accessing property "name" is deprecated, use "name()" instead.', 16384)
 2 VENDORPATH/fakerphp/faker/src/Faker/Generator.php(962): trigger_deprecation('fakerphp/faker', '1.14', 'Accessing property "%s" is deprecated, use "%s()" instead.', 'name', 'name')
 3 APPPATH/Database/Seeds/ClientSeeder.php(21): Faker\Generator->__get('name')
 4 SYSTEMPATH/Database/Seeder.php(155): App\Database\Seeds\ClientSeeder->run()
 5 SYSTEMPATH/Commands/Database/Seed.php(79): CodeIgniter\Database\Seeder->call('App\\Database\\Seeds\\ClientSeeder')
 6 SYSTEMPATH/CLI/Commands.php(72): CodeIgniter\Commands\Database\Seed->run([])
 7 SYSTEMPATH/CLI/Console.php(47): CodeIgniter\CLI\Commands->run('db:seed', [...])
 8 SYSTEMPATH/Boot.php(444): CodeIgniter\CLI\Console->run()
 9 SYSTEMPATH/Boot.php(166): CodeIgniter\Boot::runCommand(Object(CodeIgniter\CLI\Console))
10 ROOTPATH/spark(87): CodeIgniter\Boot::bootSpark(Object(Config\Paths))
WARNING - 2026-08-30 04:46:43 --> [DEPRECATED] Since fakerphp/faker 1.14: Accessing property "phoneNumber" is deprecated, use "phoneNumber()" instead. in VENDORPATH/symfony/deprecation-contracts/function.php on line 25.
 1 VENDORPATH/symfony/deprecation-contracts/function.php(25): trigger_error('Since fakerphp/faker 1.14: Accessing property "phoneNumber" is deprecated, use "phoneNumber()" instead.', 16384)
 2 VENDORPATH/fakerphp/faker/src/Faker/Generator.php(962): trigger_deprecation('fakerphp/faker', '1.14', 'Accessing property "%s" is deprecated, use "%s()" instead.', 'phoneNumber', 'phoneNumber')
 3 APPPATH/Database/Seeds/ClientSeeder.php(26): Faker\Generator->__get('phoneNumber')
 4 SYSTEMPATH/Database/Seeder.php(155): App\Database\Seeds\ClientSeeder->run()
 5 SYSTEMPATH/Commands/Database/Seed.php(79): CodeIgniter\Database\Seeder->call('App\\Database\\Seeds\\ClientSeeder')
 6 SYSTEMPATH/CLI/Commands.php(72): CodeIgniter\Commands\Database\Seed->run([])
 7 SYSTEMPATH/CLI/Console.php(47): CodeIgniter\CLI\Commands->run('db:seed', [...])
 8 SYSTEMPATH/Boot.php(444): CodeIgniter\CLI\Console->run()
 9 SYSTEMPATH/Boot.php(166): CodeIgniter\Boot::runCommand(Object(CodeIgniter\CLI\Console))
10 ROOTPATH/spark(87): CodeIgniter\Boot::bootSpark(Object(Config\Paths))
WARNING - 2026-08-30 04:46:43 --> [DEPRECATED] Since fakerphp/faker 1.14: Accessing property "address" is deprecated, use "address()" instead. in VENDORPATH/symfony/deprecation-contracts/function.php on line 25.
 1 VENDORPATH/symfony/deprecation-contracts/function.php(25): trigger_error('Since fakerphp/faker 1.14: Accessing property "address" is deprecated, use "address()" instead.', 16384)
 2 VENDORPATH/fakerphp/faker/src/Faker/Generator.php(962): trigger_deprecation('fakerphp/faker', '1.14', 'Accessing property "%s" is deprecated, use "%s()" instead.', 'address', 'address')
 3 APPPATH/Database/Seeds/ClientSeeder.php(27): Faker\Generator->__get('address')
 4 SYSTEMPATH/Database/Seeder.php(155): App\Database\Seeds\ClientSeeder->run()
 5 SYSTEMPATH/Commands/Database/Seed.php(79): CodeIgniter\Database\Seeder->call('App\\Database\\Seeds\\ClientSeeder')
 6 SYSTEMPATH/CLI/Commands.php(72): CodeIgniter\Commands\Database\Seed->run([])
 7 SYSTEMPATH/CLI/Console.php(47): CodeIgniter\CLI\Commands->run('db:seed', [...])
 8 SYSTEMPATH/Boot.php(444): CodeIgniter\CLI\Console->run()
 9 SYSTEMPATH/Boot.php(166): CodeIgniter\Boot::runCommand(Object(CodeIgniter\CLI\Console))
10 ROOTPATH/spark(87): CodeIgniter\Boot::bootSpark(Object(Config\Paths))
WARNING - 2026-08-30 04:46:43 --> [DEPRECATED] Since fakerphp/faker 1.14: Accessing property "company" is deprecated, use "company()" instead. in VENDORPATH/symfony/deprecation-contracts/function.php on line 25.
 1 VENDORPATH/symfony/deprecation-contracts/function.php(25): trigger_error('Since fakerphp/faker 1.14: Accessing property "company" is deprecated, use "company()" instead.', 16384)
 2 VENDORPATH/fakerphp/faker/src/Faker/Generator.php(962): trigger_deprecation('fakerphp/faker', '1.14', 'Accessing property "%s" is deprecated, use "%s()" instead.', 'company', 'company')
 3 APPPATH/Database/Seeds/ClientSeeder.php(18): Faker\Generator->__get('company')
 4 SYSTEMPATH/Database/Seeder.php(155): App\Database\Seeds\ClientSeeder->run()
 5 SYSTEMPATH/Commands/Database/Seed.php(79): CodeIgniter\Database\Seeder->call('App\\Database\\Seeds\\ClientSeeder')
 6 SYSTEMPATH/CLI/Commands.php(72): CodeIgniter\Commands\Database\Seed->run([])
 7 SYSTEMPATH/CLI/Console.php(47): CodeIgniter\CLI\Commands->run('db:seed', [...])
 8 SYSTEMPATH/Boot.php(444): CodeIgniter\CLI\Console->run()
 9 SYSTEMPATH/Boot.php(166): CodeIgniter\Boot::runCommand(Object(CodeIgniter\CLI\Console))
10 ROOTPATH/spark(87): CodeIgniter\Boot::bootSpark(Object(Config\Paths))
WARNING - 2026-08-30 04:46:43 --> [DEPRECATED] Since fakerphp/faker 1.14: Accessing property "phoneNumber" is deprecated, use "phoneNumber()" instead. in VENDORPATH/symfony/deprecation-contracts/function.php on line 25.
 1 VENDORPATH/symfony/deprecation-contracts/function.php(25): trigger_error('Since fakerphp/faker 1.14: Accessing property "phoneNumber" is deprecated, use "phoneNumber()" instead.', 16384)
 2 VENDORPATH/fakerphp/faker/src/Faker/Generator.php(962): trigger_deprecation('fakerphp/faker', '1.14', 'Accessing property "%s" is deprecated, use "%s()" instead.', 'phoneNumber', 'phoneNumber')
 3 APPPATH/Database/Seeds/ClientSeeder.php(26): Faker\Generator->__get('phoneNumber')
 4 SYSTEMPATH/Database/Seeder.php(155): App\Database\Seeds\ClientSeeder->run()
 5 SYSTEMPATH/Commands/Database/Seed.php(79): CodeIgniter\Database\Seeder->call('App\\Database\\Seeds\\ClientSeeder')
 6 SYSTEMPATH/CLI/Commands.php(72): CodeIgniter\Commands\Database\Seed->run([])
 7 SYSTEMPATH/CLI/Console.php(47): CodeIgniter\CLI\Commands->run('db:seed', [...])
 8 SYSTEMPATH/Boot.php(444): CodeIgniter\CLI\Console->run()
 9 SYSTEMPATH/Boot.php(166): CodeIgniter\Boot::runCommand(Object(CodeIgniter\CLI\Console))
10 ROOTPATH/spark(87): CodeIgniter\Boot::bootSpark(Object(Config\Paths))
WARNING - 2026-08-30 04:46:43 --> [DEPRECATED] Since fakerphp/faker 1.14: Accessing property "address" is deprecated, use "address()" instead. in VENDORPATH/symfony/deprecation-contracts/function.php on line 25.
 1 VENDORPATH/symfony/deprecation-contracts/function.php(25): trigger_error('Since fakerphp/faker 1.14: Accessing property "address" is deprecated, use "address()" instead.', 16384)
 2 VENDORPATH/fakerphp/faker/src/Faker/Generator.php(962): trigger_deprecation('fakerphp/faker', '1.14', 'Accessing property "%s" is deprecated, use "%s()" instead.', 'address', 'address')
 3 APPPATH/Database/Seeds/ClientSeeder.php(27): Faker\Generator->__get('address')
 4 SYSTEMPATH/Database/Seeder.php(155): App\Database\Seeds\ClientSeeder->run()
 5 SYSTEMPATH/Commands/Database/Seed.php(79): CodeIgniter\Database\Seeder->call('App\\Database\\Seeds\\ClientSeeder')
 6 SYSTEMPATH/CLI/Commands.php(72): CodeIgniter\Commands\Database\Seed->run([])
 7 SYSTEMPATH/CLI/Console.php(47): CodeIgniter\CLI\Commands->run('db:seed', [...])
 8 SYSTEMPATH/Boot.php(444): CodeIgniter\CLI\Console->run()
 9 SYSTEMPATH/Boot.php(166): CodeIgniter\Boot::runCommand(Object(CodeIgniter\CLI\Console))
10 ROOTPATH/spark(87): CodeIgniter\Boot::bootSpark(Object(Config\Paths))
WARNING - 2026-08-30 04:46:43 --> [DEPRECATED] Since fakerphp/faker 1.14: Accessing property "company" is deprecated, use "company()" instead. in VENDORPATH/symfony/deprecation-contracts/function.php on line 25.
 1 VENDORPATH/symfony/deprecation-contracts/function.php(25): trigger_error('Since fakerphp/faker 1.14: Accessing property "company" is deprecated, use "company()" instead.', 16384)
 2 VENDORPATH/fakerphp/faker/src/Faker/Generator.php(962): trigger_deprecation('fakerphp/faker', '1.14', 'Accessing property "%s" is deprecated, use "%s()" instead.', 'company', 'company')
 3 APPPATH/Database/Seeds/ClientSeeder.php(18): Faker\Generator->__get('company')
 4 SYSTEMPATH/Database/Seeder.php(155): App\Database\Seeds\ClientSeeder->run()
 5 SYSTEMPATH/Commands/Database/Seed.php(79): CodeIgniter\Database\Seeder->call('App\\Database\\Seeds\\ClientSeeder')
 6 SYSTEMPATH/CLI/Commands.php(72): CodeIgniter\Commands\Database\Seed->run([])
 7 SYSTEMPATH/CLI/Console.php(47): CodeIgniter\CLI\Commands->run('db:seed', [...])
 8 SYSTEMPATH/Boot.php(444): CodeIgniter\CLI\Console->run()
 9 SYSTEMPATH/Boot.php(166): CodeIgniter\Boot::runCommand(Object(CodeIgniter\CLI\Console))
10 ROOTPATH/spark(87): CodeIgniter\Boot::bootSpark(Object(Config\Paths))
WARNING - 2026-08-30 04:46:43 --> [DEPRECATED] Since fakerphp/faker 1.14: Accessing property "phoneNumber" is deprecated, use "phoneNumber()" instead. in VENDORPATH/symfony/deprecation-contracts/function.php on line 25.
 1 VENDORPATH/symfony/deprecation-contracts/function.php(25): trigger_error('Since fakerphp/faker 1.14: Accessing property "phoneNumber" is deprecated, use "phoneNumber()" instead.', 16384)
 2 VENDORPATH/fakerphp/faker/src/Faker/Generator.php(962): trigger_deprecation('fakerphp/faker', '1.14', 'Accessing property "%s" is deprecated, use "%s()" instead.', 'phoneNumber', 'phoneNumber')
 3 APPPATH/Database/Seeds/ClientSeeder.php(26): Faker\Generator->__get('phoneNumber')
 4 SYSTEMPATH/Database/Seeder.php(155): App\Database\Seeds\ClientSeeder->run()
 5 SYSTEMPATH/Commands/Database/Seed.php(79): CodeIgniter\Database\Seeder->call('App\\Database\\Seeds\\ClientSeeder')
 6 SYSTEMPATH/CLI/Commands.php(72): CodeIgniter\Commands\Database\Seed->run([])
 7 SYSTEMPATH/CLI/Console.php(47): CodeIgniter\CLI\Commands->run('db:seed', [...])
 8 SYSTEMPATH/Boot.php(444): CodeIgniter\CLI\Console->run()
 9 SYSTEMPATH/Boot.php(166): CodeIgniter\Boot::runCommand(Object(CodeIgniter\CLI\Console))
10 ROOTPATH/spark(87): CodeIgniter\Boot::bootSpark(Object(Config\Paths))
WARNING - 2026-08-30 04:46:43 --> [DEPRECATED] Since fakerphp/faker 1.14: Accessing property "address" is deprecated, use "address()" instead. in VENDORPATH/symfony/deprecation-contracts/function.php on line 25.
 1 VENDORPATH/symfony/deprecation-contracts/function.php(25): trigger_error('Since fakerphp/faker 1.14: Accessing property "address" is deprecated, use "address()" instead.', 16384)
 2 VENDORPATH/fakerphp/faker/src/Faker/Generator.php(962): trigger_deprecation('fakerphp/faker', '1.14', 'Accessing property "%s" is deprecated, use "%s()" instead.', 'address', 'address')
 3 APPPATH/Database/Seeds/ClientSeeder.php(27): Faker\Generator->__get('address')
 4 SYSTEMPATH/Database/Seeder.php(155): App\Database\Seeds\ClientSeeder->run()
 5 SYSTEMPATH/Commands/Database/Seed.php(79): CodeIgniter\Database\Seeder->call('App\\Database\\Seeds\\ClientSeeder')
 6 SYSTEMPATH/CLI/Commands.php(72): CodeIgniter\Commands\Database\Seed->run([])
 7 SYSTEMPATH/CLI/Console.php(47): CodeIgniter\CLI\Commands->run('db:seed', [...])
 8 SYSTEMPATH/Boot.php(444): CodeIgniter\CLI\Console->run()
 9 SYSTEMPATH/Boot.php(166): CodeIgniter\Boot::runCommand(Object(CodeIgniter\CLI\Console))
10 ROOTPATH/spark(87): CodeIgniter\Boot::bootSpark(Object(Config\Paths))
WARNING - 2026-08-30 04:46:43 --> [DEPRECATED] Since fakerphp/faker 1.14: Accessing property "company" is deprecated, use "company()" instead. in VENDORPATH/symfony/deprecation-contracts/function.php on line 25.
 1 VENDORPATH/symfony/deprecation-contracts/function.php(25): trigger_error('Since fakerphp/faker 1.14: Accessing property "company" is deprecated, use "company()" instead.', 16384)
 2 VENDORPATH/fakerphp/faker/src/Faker/Generator.php(962): trigger_deprecation('fakerphp/faker', '1.14', 'Accessing property "%s" is deprecated, use "%s()" instead.', 'company', 'company')
 3 APPPATH/Database/Seeds/ClientSeeder.php(18): Faker\Generator->__get('company')
 4 SYSTEMPATH/Database/Seeder.php(155): App\Database\Seeds\ClientSeeder->run()
 5 SYSTEMPATH/Commands/Database/Seed.php(79): CodeIgniter\Database\Seeder->call('App\\Database\\Seeds\\ClientSeeder')
 6 SYSTEMPATH/CLI/Commands.php(72): CodeIgniter\Commands\Database\Seed->run([])
 7 SYSTEMPATH/CLI/Console.php(47): CodeIgniter\CLI\Commands->run('db:seed', [...])
 8 SYSTEMPATH/Boot.php(444): CodeIgniter\CLI\Console->run()
 9 SYSTEMPATH/Boot.php(166): CodeIgniter\Boot::runCommand(Object(CodeIgniter\CLI\Console))
10 ROOTPATH/spark(87): CodeIgniter\Boot::bootSpark(Object(Config\Paths))
WARNING - 2026-08-30 04:46:43 --> [DEPRECATED] Since fakerphp/faker 1.14: Accessing property "name" is deprecated, use "name()" instead. in VENDORPATH/symfony/deprecation-contracts/function.php on line 25.
 1 VENDORPATH/symfony/deprecation-contracts/function.php(25): trigger_error('Since fakerphp/faker 1.14: Accessing property "name" is deprecated, use "name()" instead.', 16384)
 2 VENDORPATH/fakerphp/faker/src/Faker/Generator.php(962): trigger_deprecation('fakerphp/faker', '1.14', 'Accessing property "%s" is deprecated, use "%s()" instead.', 'name', 'name')
 3 APPPATH/Database/Seeds/ClientSeeder.php(21): Faker\Generator->__get('name')
 4 SYSTEMPATH/Database/Seeder.php(155): App\Database\Seeds\ClientSeeder->run()
 5 SYSTEMPATH/Commands/Database/Seed.php(79): CodeIgniter\Database\Seeder->call('App\\Database\\Seeds\\ClientSeeder')
 6 SYSTEMPATH/CLI/Commands.php(72): CodeIgniter\Commands\Database\Seed->run([])
 7 SYSTEMPATH/CLI/Console.php(47): CodeIgniter\CLI\Commands->run('db:seed', [...])
 8 SYSTEMPATH/Boot.php(444): CodeIgniter\CLI\Console->run()
 9 SYSTEMPATH/Boot.php(166): CodeIgniter\Boot::runCommand(Object(CodeIgniter\CLI\Console))
10 ROOTPATH/spark(87): CodeIgniter\Boot::bootSpark(Object(Config\Paths))
WARNING - 2026-08-30 04:46:43 --> [DEPRECATED] Since fakerphp/faker 1.14: Accessing property "phoneNumber" is deprecated, use "phoneNumber()" instead. in VENDORPATH/symfony/deprecation-contracts/function.php on line 25.
 1 VENDORPATH/symfony/deprecation-contracts/function.php(25): trigger_error('Since fakerphp/faker 1.14: Accessing property "phoneNumber" is deprecated, use "phoneNumber()" instead.', 16384)
 2 VENDORPATH/fakerphp/faker/src/Faker/Generator.php(962): trigger_deprecation('fakerphp/faker', '1.14', 'Accessing property "%s" is deprecated, use "%s()" instead.', 'phoneNumber', 'phoneNumber')
 3 APPPATH/Database/Seeds/ClientSeeder.php(26): Faker\Generator->__get('phoneNumber')
 4 SYSTEMPATH/Database/Seeder.php(155): App\Database\Seeds\ClientSeeder->run()
 5 SYSTEMPATH/Commands/Database/Seed.php(79): CodeIgniter\Database\Seeder->call('App\\Database\\Seeds\\ClientSeeder')
 6 SYSTEMPATH/CLI/Commands.php(72): CodeIgniter\Commands\Database\Seed->run([])
 7 SYSTEMPATH/CLI/Console.php(47): CodeIgniter\CLI\Commands->run('db:seed', [...])
 8 SYSTEMPATH/Boot.php(444): CodeIgniter\CLI\Console->run()
 9 SYSTEMPATH/Boot.php(166): CodeIgniter\Boot::runCommand(Object(CodeIgniter\CLI\Console))
10 ROOTPATH/spark(87): CodeIgniter\Boot::bootSpark(Object(Config\Paths))
WARNING - 2026-08-30 04:46:43 --> [DEPRECATED] Since fakerphp/faker 1.14: Accessing property "address" is deprecated, use "address()" instead. in VENDORPATH/symfony/deprecation-contracts/function.php on line 25.
 1 VENDORPATH/symfony/deprecation-contracts/function.php(25): trigger_error('Since fakerphp/faker 1.14: Accessing property "address" is deprecated, use "address()" instead.', 16384)
 2 VENDORPATH/fakerphp/faker/src/Faker/Generator.php(962): trigger_deprecation('fakerphp/faker', '1.14', 'Accessing property "%s" is deprecated, use "%s()" instead.', 'address', 'address')
 3 APPPATH/Database/Seeds/ClientSeeder.php(27): Faker\Generator->__get('address')
 4 SYSTEMPATH/Database/Seeder.php(155): App\Database\Seeds\ClientSeeder->run()
 5 SYSTEMPATH/Commands/Database/Seed.php(79): CodeIgniter\Database\Seeder->call('App\\Database\\Seeds\\ClientSeeder')
 6 SYSTEMPATH/CLI/Commands.php(72): CodeIgniter\Commands\Database\Seed->run([])
 7 SYSTEMPATH/CLI/Console.php(47): CodeIgniter\CLI\Commands->run('db:seed', [...])
 8 SYSTEMPATH/Boot.php(444): CodeIgniter\CLI\Console->run()
 9 SYSTEMPATH/Boot.php(166): CodeIgniter\Boot::runCommand(Object(CodeIgniter\CLI\Console))
10 ROOTPATH/spark(87): CodeIgniter\Boot::bootSpark(Object(Config\Paths))
WARNING - 2026-08-30 04:46:43 --> [DEPRECATED] Since fakerphp/faker 1.14: Accessing property "company" is deprecated, use "company()" instead. in VENDORPATH/symfony/deprecation-contracts/function.php on line 25.
 1 VENDORPATH/symfony/deprecation-contracts/function.php(25): trigger_error('Since fakerphp/faker 1.14: Accessing property "company" is deprecated, use "company()" instead.', 16384)
 2 VENDORPATH/fakerphp/faker/src/Faker/Generator.php(962): trigger_deprecation('fakerphp/faker', '1.14', 'Accessing property "%s" is deprecated, use "%s()" instead.', 'company', 'company')
 3 APPPATH/Database/Seeds/ClientSeeder.php(18): Faker\Generator->__get('company')
 4 SYSTEMPATH/Database/Seeder.php(155): App\Database\Seeds\ClientSeeder->run()
 5 SYSTEMPATH/Commands/Database/Seed.php(79): CodeIgniter\Database\Seeder->call('App\\Database\\Seeds\\ClientSeeder')
 6 SYSTEMPATH/CLI/Commands.php(72): CodeIgniter\Commands\Database\Seed->run([])
 7 SYSTEMPATH/CLI/Console.php(47): CodeIgniter\CLI\Commands->run('db:seed', [...])
 8 SYSTEMPATH/Boot.php(444): CodeIgniter\CLI\Console->run()
 9 SYSTEMPATH/Boot.php(166): CodeIgniter\Boot::runCommand(Object(CodeIgniter\CLI\Console))
10 ROOTPATH/spark(87): CodeIgniter\Boot::bootSpark(Object(Config\Paths))
WARNING - 2026-08-30 04:46:43 --> [DEPRECATED] Since fakerphp/faker 1.14: Accessing property "phoneNumber" is deprecated, use "phoneNumber()" instead. in VENDORPATH/symfony/deprecation-contracts/function.php on line 25.
 1 VENDORPATH/symfony/deprecation-contracts/function.php(25): trigger_error('Since fakerphp/faker 1.14: Accessing property "phoneNumber" is deprecated, use "phoneNumber()" instead.', 16384)
 2 VENDORPATH/fakerphp/faker/src/Faker/Generator.php(962): trigger_deprecation('fakerphp/faker', '1.14', 'Accessing property "%s" is deprecated, use "%s()" instead.', 'phoneNumber', 'phoneNumber')
 3 APPPATH/Database/Seeds/ClientSeeder.php(26): Faker\Generator->__get('phoneNumber')
 4 SYSTEMPATH/Database/Seeder.php(155): App\Database\Seeds\ClientSeeder->run()
 5 SYSTEMPATH/Commands/Database/Seed.php(79): CodeIgniter\Database\Seeder->call('App\\Database\\Seeds\\ClientSeeder')
 6 SYSTEMPATH/CLI/Commands.php(72): CodeIgniter\Commands\Database\Seed->run([])
 7 SYSTEMPATH/CLI/Console.php(47): CodeIgniter\CLI\Commands->run('db:seed', [...])
 8 SYSTEMPATH/Boot.php(444): CodeIgniter\CLI\Console->run()
 9 SYSTEMPATH/Boot.php(166): CodeIgniter\Boot::runCommand(Object(CodeIgniter\CLI\Console))
10 ROOTPATH/spark(87): CodeIgniter\Boot::bootSpark(Object(Config\Paths))
WARNING - 2026-08-30 04:46:43 --> [DEPRECATED] Since fakerphp/faker 1.14: Accessing property "address" is deprecated, use "address()" instead. in VENDORPATH/symfony/deprecation-contracts/function.php on line 25.
 1 VENDORPATH/symfony/deprecation-contracts/function.php(25): trigger_error('Since fakerphp/faker 1.14: Accessing property "address" is deprecated, use "address()" instead.', 16384)
 2 VENDORPATH/fakerphp/faker/src/Faker/Generator.php(962): trigger_deprecation('fakerphp/faker', '1.14', 'Accessing property "%s" is deprecated, use "%s()" instead.', 'address', 'address')
 3 APPPATH/Database/Seeds/ClientSeeder.php(27): Faker\Generator->__get('address')
 4 SYSTEMPATH/Database/Seeder.php(155): App\Database\Seeds\ClientSeeder->run()
 5 SYSTEMPATH/Commands/Database/Seed.php(79): CodeIgniter\Database\Seeder->call('App\\Database\\Seeds\\ClientSeeder')
 6 SYSTEMPATH/CLI/Commands.php(72): CodeIgniter\Commands\Database\Seed->run([])
 7 SYSTEMPATH/CLI/Console.php(47): CodeIgniter\CLI\Commands->run('db:seed', [...])
 8 SYSTEMPATH/Boot.php(444): CodeIgniter\CLI\Console->run()
 9 SYSTEMPATH/Boot.php(166): CodeIgniter\Boot::runCommand(Object(CodeIgniter\CLI\Console))
10 ROOTPATH/spark(87): CodeIgniter\Boot::bootSpark(Object(Config\Paths))
WARNING - 2026-08-30 04:46:43 --> [DEPRECATED] Since fakerphp/faker 1.14: Accessing property "company" is deprecated, use "company()" instead. in VENDORPATH/symfony/deprecation-contracts/function.php on line 25.
 1 VENDORPATH/symfony/deprecation-contracts/function.php(25): trigger_error('Since fakerphp/faker 1.14: Accessing property "company" is deprecated, use "company()" instead.', 16384)
 2 VENDORPATH/fakerphp/faker/src/Faker/Generator.php(962): trigger_deprecation('fakerphp/faker', '1.14', 'Accessing property "%s" is deprecated, use "%s()" instead.', 'company', 'company')
 3 APPPATH/Database/Seeds/ClientSeeder.php(18): Faker\Generator->__get('company')
 4 SYSTEMPATH/Database/Seeder.php(155): App\Database\Seeds\ClientSeeder->run()
 5 SYSTEMPATH/Commands/Database/Seed.php(79): CodeIgniter\Database\Seeder->call('App\\Database\\Seeds\\ClientSeeder')
 6 SYSTEMPATH/CLI/Commands.php(72): CodeIgniter\Commands\Database\Seed->run([])
 7 SYSTEMPATH/CLI/Console.php(47): CodeIgniter\CLI\Commands->run('db:seed', [...])
 8 SYSTEMPATH/Boot.php(444): CodeIgniter\CLI\Console->run()
 9 SYSTEMPATH/Boot.php(166): CodeIgniter\Boot::runCommand(Object(CodeIgniter\CLI\Console))
10 ROOTPATH/spark(87): CodeIgniter\Boot::bootSpark(Object(Config\Paths))
WARNING - 2026-08-30 04:46:43 --> [DEPRECATED] Since fakerphp/faker 1.14: Accessing property "phoneNumber" is deprecated, use "phoneNumber()" instead. in VENDORPATH/symfony/deprecation-contracts/function.php on line 25.
 1 VENDORPATH/symfony/deprecation-contracts/function.php(25): trigger_error('Since fakerphp/faker 1.14: Accessing property "phoneNumber" is deprecated, use "phoneNumber()" instead.', 16384)
 2 VENDORPATH/fakerphp/faker/src/Faker/Generator.php(962): trigger_deprecation('fakerphp/faker', '1.14', 'Accessing property "%s" is deprecated, use "%s()" instead.', 'phoneNumber', 'phoneNumber')
 3 APPPATH/Database/Seeds/ClientSeeder.php(26): Faker\Generator->__get('phoneNumber')
 4 SYSTEMPATH/Database/Seeder.php(155): App\Database\Seeds\ClientSeeder->run()
 5 SYSTEMPATH/Commands/Database/Seed.php(79): CodeIgniter\Database\Seeder->call('App\\Database\\Seeds\\ClientSeeder')
 6 SYSTEMPATH/CLI/Commands.php(72): CodeIgniter\Commands\Database\Seed->run([])
 7 SYSTEMPATH/CLI/Console.php(47): CodeIgniter\CLI\Commands->run('db:seed', [...])
 8 SYSTEMPATH/Boot.php(444): CodeIgniter\CLI\Console->run()
 9 SYSTEMPATH/Boot.php(166): CodeIgniter\Boot::runCommand(Object(CodeIgniter\CLI\Console))
10 ROOTPATH/spark(87): CodeIgniter\Boot::bootSpark(Object(Config\Paths))
WARNING - 2026-08-30 04:46:43 --> [DEPRECATED] Since fakerphp/faker 1.14: Accessing property "address" is deprecated, use "address()" instead. in VENDORPATH/symfony/deprecation-contracts/function.php on line 25.
 1 VENDORPATH/symfony/deprecation-contracts/function.php(25): trigger_error('Since fakerphp/faker 1.14: Accessing property "address" is deprecated, use "address()" instead.', 16384)
 2 VENDORPATH/fakerphp/faker/src/Faker/Generator.php(962): trigger_deprecation('fakerphp/faker', '1.14', 'Accessing property "%s" is deprecated, use "%s()" instead.', 'address', 'address')
 3 APPPATH/Database/Seeds/ClientSeeder.php(27): Faker\Generator->__get('address')
 4 SYSTEMPATH/Database/Seeder.php(155): App\Database\Seeds\ClientSeeder->run()
 5 SYSTEMPATH/Commands/Database/Seed.php(79): CodeIgniter\Database\Seeder->call('App\\Database\\Seeds\\ClientSeeder')
 6 SYSTEMPATH/CLI/Commands.php(72): CodeIgniter\Commands\Database\Seed->run([])
 7 SYSTEMPATH/CLI/Console.php(47): CodeIgniter\CLI\Commands->run('db:seed', [...])
 8 SYSTEMPATH/Boot.php(444): CodeIgniter\CLI\Console->run()
 9 SYSTEMPATH/Boot.php(166): CodeIgniter\Boot::runCommand(Object(CodeIgniter\CLI\Console))
10 ROOTPATH/spark(87): CodeIgniter\Boot::bootSpark(Object(Config\Paths))
WARNING - 2026-08-30 04:46:43 --> [DEPRECATED] Since fakerphp/faker 1.14: Accessing property "company" is deprecated, use "company()" instead. in VENDORPATH/symfony/deprecation-contracts/function.php on line 25.
 1 VENDORPATH/symfony/deprecation-contracts/function.php(25): trigger_error('Since fakerphp/faker 1.14: Accessing property "company" is deprecated, use "company()" instead.', 16384)
 2 VENDORPATH/fakerphp/faker/src/Faker/Generator.php(962): trigger_deprecation('fakerphp/faker', '1.14', 'Accessing property "%s" is deprecated, use "%s()" instead.', 'company', 'company')
 3 APPPATH/Database/Seeds/ClientSeeder.php(18): Faker\Generator->__get('company')
 4 SYSTEMPATH/Database/Seeder.php(155): App\Database\Seeds\ClientSeeder->run()
 5 SYSTEMPATH/Commands/Database/Seed.php(79): CodeIgniter\Database\Seeder->call('App\\Database\\Seeds\\ClientSeeder')
 6 SYSTEMPATH/CLI/Commands.php(72): CodeIgniter\Commands\Database\Seed->run([])
 7 SYSTEMPATH/CLI/Console.php(47): CodeIgniter\CLI\Commands->run('db:seed', [...])
 8 SYSTEMPATH/Boot.php(444): CodeIgniter\CLI\Console->run()
 9 SYSTEMPATH/Boot.php(166): CodeIgniter\Boot::runCommand(Object(CodeIgniter\CLI\Console))
10 ROOTPATH/spark(87): CodeIgniter\Boot::bootSpark(Object(Config\Paths))
WARNING - 2026-08-30 04:46:43 --> [DEPRECATED] Since fakerphp/faker 1.14: Accessing property "name" is deprecated, use "name()" instead. in VENDORPATH/symfony/deprecation-contracts/function.php on line 25.
 1 VENDORPATH/symfony/deprecation-contracts/function.php(25): trigger_error('Since fakerphp/faker 1.14: Accessing property "name" is deprecated, use "name()" instead.', 16384)
 2 VENDORPATH/fakerphp/faker/src/Faker/Generator.php(962): trigger_deprecation('fakerphp/faker', '1.14', 'Accessing property "%s" is deprecated, use "%s()" instead.', 'name', 'name')
 3 APPPATH/Database/Seeds/ClientSeeder.php(21): Faker\Generator->__get('name')
 4 SYSTEMPATH/Database/Seeder.php(155): App\Database\Seeds\ClientSeeder->run()
 5 SYSTEMPATH/Commands/Database/Seed.php(79): CodeIgniter\Database\Seeder->call('App\\Database\\Seeds\\ClientSeeder')
 6 SYSTEMPATH/CLI/Commands.php(72): CodeIgniter\Commands\Database\Seed->run([])
 7 SYSTEMPATH/CLI/Console.php(47): CodeIgniter\CLI\Commands->run('db:seed', [...])
 8 SYSTEMPATH/Boot.php(444): CodeIgniter\CLI\Console->run()
 9 SYSTEMPATH/Boot.php(166): CodeIgniter\Boot::runCommand(Object(CodeIgniter\CLI\Console))
10 ROOTPATH/spark(87): CodeIgniter\Boot::bootSpark(Object(Config\Paths))
WARNING - 2026-08-30 04:46:43 --> [DEPRECATED] Since fakerphp/faker 1.14: Accessing property "phoneNumber" is deprecated, use "phoneNumber()" instead. in VENDORPATH/symfony/deprecation-contracts/function.php on line 25.
 1 VENDORPATH/symfony/deprecation-contracts/function.php(25): trigger_error('Since fakerphp/faker 1.14: Accessing property "phoneNumber" is deprecated, use "phoneNumber()" instead.', 16384)
 2 VENDORPATH/fakerphp/faker/src/Faker/Generator.php(962): trigger_deprecation('fakerphp/faker', '1.14', 'Accessing property "%s" is deprecated, use "%s()" instead.', 'phoneNumber', 'phoneNumber')
 3 APPPATH/Database/Seeds/ClientSeeder.php(26): Faker\Generator->__get('phoneNumber')
 4 SYSTEMPATH/Database/Seeder.php(155): App\Database\Seeds\ClientSeeder->run()
 5 SYSTEMPATH/Commands/Database/Seed.php(79): CodeIgniter\Database\Seeder->call('App\\Database\\Seeds\\ClientSeeder')
 6 SYSTEMPATH/CLI/Commands.php(72): CodeIgniter\Commands\Database\Seed->run([])
 7 SYSTEMPATH/CLI/Console.php(47): CodeIgniter\CLI\Commands->run('db:seed', [...])
 8 SYSTEMPATH/Boot.php(444): CodeIgniter\CLI\Console->run()
 9 SYSTEMPATH/Boot.php(166): CodeIgniter\Boot::runCommand(Object(CodeIgniter\CLI\Console))
10 ROOTPATH/spark(87): CodeIgniter\Boot::bootSpark(Object(Config\Paths))
WARNING - 2026-08-30 04:46:43 --> [DEPRECATED] Since fakerphp/faker 1.14: Accessing property "address" is deprecated, use "address()" instead. in VENDORPATH/symfony/deprecation-contracts/function.php on line 25.
 1 VENDORPATH/symfony/deprecation-contracts/function.php(25): trigger_error('Since fakerphp/faker 1.14: Accessing property "address" is deprecated, use "address()" instead.', 16384)
 2 VENDORPATH/fakerphp/faker/src/Faker/Generator.php(962): trigger_deprecation('fakerphp/faker', '1.14', 'Accessing property "%s" is deprecated, use "%s()" instead.', 'address', 'address')
 3 APPPATH/Database/Seeds/ClientSeeder.php(27): Faker\Generator->__get('address')
 4 SYSTEMPATH/Database/Seeder.php(155): App\Database\Seeds\ClientSeeder->run()
 5 SYSTEMPATH/Commands/Database/Seed.php(79): CodeIgniter\Database\Seeder->call('App\\Database\\Seeds\\ClientSeeder')
 6 SYSTEMPATH/CLI/Commands.php(72): CodeIgniter\Commands\Database\Seed->run([])
 7 SYSTEMPATH/CLI/Console.php(47): CodeIgniter\CLI\Commands->run('db:seed', [...])
 8 SYSTEMPATH/Boot.php(444): CodeIgniter\CLI\Console->run()
 9 SYSTEMPATH/Boot.php(166): CodeIgniter\Boot::runCommand(Object(CodeIgniter\CLI\Console))
10 ROOTPATH/spark(87): CodeIgniter\Boot::bootSpark(Object(Config\Paths))
DEBUG - 2026-08-30 05:32:26 --> Session: Class initialized using 'CodeIgniter\Session\Handlers\FileHandler' driver.
DEBUG - 2026-08-30 05:32:26 --> Session: Class initialized using 'CodeIgniter\Session\Handlers\FileHandler' driver.
DEBUG - 2026-08-30 05:32:33 --> Session: Class initialized using 'CodeIgniter\Session\Handlers\FileHandler' driver.
DEBUG - 2026-08-30 05:32:44 --> Session: Class initialized using 'CodeIgniter\Session\Handlers\FileHandler' driver.
DEBUG - 2026-08-30 05:32:44 --> Session: Class initialized using 'CodeIgniter\Session\Handlers\FileHandler' driver.
DEBUG - 2026-08-30 05:32:44 --> Session: Class initialized using 'CodeIgniter\Session\Handlers\FileHandler' driver.
DEBUG - 2026-08-30 05:32:51 --> Session: Class initialized using 'CodeIgniter\Session\Handlers\FileHandler' driver.
DEBUG - 2026-08-30 05:32:51 --> Session: Class initialized using 'CodeIgniter\Session\Handlers\FileHandler' driver.
DEBUG - 2026-08-30 05:32:55 --> Session: Class initialized using 'CodeIgniter\Session\Handlers\FileHandler' driver.
DEBUG - 2026-08-30 05:32:55 --> Session: Class initialized using 'CodeIgniter\Session\Handlers\FileHandler' driver.
DEBUG - 2026-08-30 05:33:10 --> Session: Class initialized using 'CodeIgniter\Session\Handlers\FileHandler' driver.
DEBUG - 2026-08-30 05:33:10 --> Session: Class initialized using 'CodeIgniter\Session\Handlers\FileHandler' driver.
DEBUG - 2026-08-30 05:33:11 --> Session: Class initialized using 'CodeIgniter\Session\Handlers\FileHandler' driver.
DEBUG - 2026-08-30 05:33:27 --> Session: Class initialized using 'CodeIgniter\Session\Handlers\FileHandler' driver.
DEBUG - 2026-08-30 05:33:28 --> Session: Class initialized using 'CodeIgniter\Session\Handlers\FileHandler' driver.
DEBUG - 2026-08-30 05:33:35 --> Session: Class initialized using 'CodeIgniter\Session\Handlers\FileHandler' driver.
DEBUG - 2026-08-30 05:33:35 --> Session: Class initialized using 'CodeIgniter\Session\Handlers\FileHandler' driver.
DEBUG - 2026-08-30 05:33:48 --> Session: Class initialized using 'CodeIgniter\Session\Handlers\FileHandler' driver.
